id,title,subTitle,url,modelNumber,colourVariations,image,priceData,ratingCount,rating,isPrimeAvailable,wishlistEligible
KK1153,Handball Spezial Shoes,Originals,https://www.adidas.com/us/handball-spezial-shoes/KK1153.html,BTP23,"['KK1153', 'BD7632', 'BD7633', 'DB3021', 'IF7086', 'IF7087', 'IG6191', 'IG6192', 'IH6506', 'IH6507', 'IH6508', 'IH6568', 'IH6569', 'IH6586', 'IH6588', 'IH6592', 'IH6594', 'IH6597', 'IH6598', 'IH6617', 'IH6618', 'IH9668', 'IH9672', 'IH9760', 'KH9051', 'KI8580', 'KI8685', 'KI8686', 'KI8687', 'KJ2399', 'KJ2401', 'KJ7413', 'KJ7414', 'KJ7415', 'KJ9876', 'KJ9883', 'KJ9884', 'KJ9956', 'KJ9957', 'KJ9958', 'KJ9962', 'KJ9963', 'KJ9964', 'KJ9968', 'KJ9969', 'KJ9974', 'KJ9975', 'KK2692', 'KK2693', 'KK2694', 'KK4232', 'KK4242', 'KK4860', 'KK4867', 'KZ6702', 'KZ6703', 'KZ6704', 'KZ6705', 'KZ6706', 'KZ6707', 'KZ6712']","https://assets.adidas.com/images/w_383,h_383,f_auto,q_auto,fl_lossy,c_fill,g_auto/349ec8b3dbb84fc382bdd9bea4c316a3_9366/Handball_Spezial_Shoes_Brown_KK1153_00_plp_standard.jpg","{'prices': [{'type': 'original', 'value': 110, 'valueNoVat': 110}], 'isSoldOut': False}",9789,4.8179,True,True
IF7087,Handball Spezial Shoes,Originals,https://www.adidas.com/us/handball-spezial-shoes/IF7087.html,BTP23,"['IF7087', 'BD7632', 'BD7633', 'DB3021', 'IF7086', 'IG6191', 'IG6192', 'IH6506', 'IH6507', 'IH6508', 'IH6568', 'IH6569', 'IH6586', 'IH6588', 'IH6592', 'IH6594', 'IH6597', 'IH6598', 'IH6617', 'IH6618', 'IH9668', 'IH9672', 'IH9760', 'KH9051', 'KI8580', 'KI8685', 'KI8686', 'KI8687', 'KJ2399', 'KJ2401', 'KJ7413', 'KJ7414', 'KJ7415', 'KJ9876', 'KJ9883', 'KJ9884', 'KJ9956', 'KJ9957', 'KJ9958', 'KJ9962', 'KJ9963', 'KJ9964', 'KJ9968', 'KJ9969', 'KJ9974', 'KJ9975', 'KK1153', 'KK2692', 'KK2693', 'KK2694', 'KK4232', 'KK4242', 'KK4860', 'KK4867', 'KZ6702', 'KZ6703', 'KZ6704', 'KZ6705', 'KZ6706', 'KZ6707', 'KZ6712']","https://assets.adidas.com/images/w_383,h_383,f_auto,q_auto,fl_lossy,c_fill,g_auto/53168a510a5a421281007a794fc4a6f0_9366/Handball_Spezial_Shoes_Blue_IF7087_00_plp_standard.jpg","{'prices': [{'type': 'original', 'value': 110, 'valueNoVat': 110}], 'isSoldOut': False}",9789,4.8179,True,True
KZ6712,HANDBALL SPEZIAL SHOES,Originals,https://www.adidas.com/us/handball-spezial-shoes/KZ6712.html,BTP23,"['KZ6712', 'BD7632', 'BD7633', 'DB3021', 'IF7086', 'IF7087', 'IG6191', 'IG6192', 'IH6506', 'IH6507', 'IH6508', 'IH6568', 'IH6569', 'IH6586', 'IH6588', 'IH6592', 'IH6594', 'IH6597', 'IH6598', 'IH6617', 'IH6618', 'IH9668', 'IH9672', 'IH9760', 'KH9051', 'KI8580', 'KI8685', 'KI8686', 'KI8687', 'KJ2399', 'KJ2401', 'KJ7413', 'KJ7414', 'KJ7415', 'KJ9876', 'KJ9883', 'KJ9884', 'KJ9956', 'KJ9957', 'KJ9958', 'KJ9962', 'KJ9963', 'KJ9964', 'KJ9968', 'KJ9969', 'KJ9974', 'KJ9975', 'KK1153', 'KK2692', 'KK2693', 'KK2694', 'KK4232', 'KK4242', 'KK4860', 'KK4867', 'KZ6702', 'KZ6703', 'KZ6704', 'KZ6705', 'KZ6706', 'KZ6707']","https://assets.adidas.com/images/w_383,h_383,f_auto,q_auto,fl_lossy,c_fill,g_auto/7794b849062041d28f28136a49083db1_9366/HANDBALL_SPEZIAL_SHOES_White_KZ6712_00_plp_standard.jpg","{'prices': [{'type': 'original', 'value': 110, 'valueNoVat': 110}], 'isSoldOut': False}",9789,4.8179,True,False
KI6235,ADIDAS ADIPURE SHIFT RUNNING SHOES,Performance,https://www.adidas.com/us/adidas-adipure-shift-running-shoes/KI6235.html,OPC66,"['KI6235', 'KI6241', 'KJ9400', 'KJ9402']","https://assets.adidas.com/images/w_383,h_383,f_auto,q_auto,fl_lossy,c_fill,g_auto/38fb6f4feaa443399b87245e23594349_9366/ADIDAS_ADIPURE_SHIFT_RUNNING_SHOES_Blue_KI6235_00_plp_standard.jpg","{'prices': [{'type': 'original', 'value': 80, 'valueNoVat': 80}], 'isSoldOut': False}",83,4.7711,,True
KZ7294,LARRY JUNE ADISTAR CONTROL 5 Shoes,Originals,https://www.adidas.com/us/larry-june-adistar-control-5-shoes/KZ7294.html,ORD05,[],"https://assets.adidas.com/images/w_383,h_383,f_auto,q_auto,fl_lossy,c_fill,g_auto/37dc30f1e6334bda964354c3cb96b7f6_9366/LARRY_JUNE_ADISTAR_CONTROL_5_Shoes_Red_KZ7294_00_plp_standard.jpg","{'prices': [{'type': 'original', 'value': 160, 'valueNoVat': 160}], 'isSoldOut': False}",-99,,,True
ID1481,Samba OG Shoes,Originals,https://www.adidas.com/us/samba-og-shoes/ID1481.html,SAMBAU2312,"['ID1481', 'B75806', 'B75807', 'HP3551', 'HQ4950', 'HQ4951', 'IE3438', 'IH4388', 'IH4389', 'IH6813', 'IH6815', 'IH6816', 'IH6827', 'IH6828', 'IH6829', 'JR0882', 'JR0910', 'JR0911', 'JS3832', 'KJ2382', 'KJ2788', 'KJ9995', 'KJ9997', 'KK2266', 'KK2267', 'KK2268', 'KK2272', 'KK2273', 'KK2274', 'KK2277', 'KK2278', 'KK2279', 'KK2280', 'KK2329', 'KK2330', 'KK2331', 'KK2332', 'KK2333', 'KK3271', 'KK3273', 'KK3274', 'KK3275', 'KZ6720', 'LA3984']","https://assets.adidas.com/images/w_383,h_383,f_auto,q_auto,fl_lossy,c_fill,g_auto/ad55ee55e5a3426b9b394e7362c43210_9366/Samba_OG_Shoes_Brown_ID1481_00_plp_standard.jpg","{'prices': [{'type': 'original', 'value': 100, 'valueNoVat': 100}], 'isSoldOut': False}",3269,4.8107,True,True
JR8058,Response Runner Shoes,Performance,https://www.adidas.com/us/response-runner-shoes/JR8058.html,NJG40,"['JR8058', 'IH6100', 'IH6102', 'IH6103', 'IH6106']","https://assets.adidas.com/images/w_383,h_383,f_auto,q_auto,fl_lossy,c_fill,g_auto/4fde53776ca64e6f98209fd5ac4166d2_9366/Response_Runner_Shoes_Black_JR8058_HM1.jpg","{'prices': [{'type': 'sale', 'value': 45, 'valueNoVat': 45}, {'type': 'original', 'value': 50, 'valueNoVat': 50, 'discountPercentage': -10}], 'isSoldOut': False}",267,4.6368,True,True
B75807,Samba OG Shoes,Originals,https://www.adidas.com/us/samba-og-shoes/B75807.html,SAMBAU2312,"['B75807', 'B75806', 'HP3551', 'HQ4950', 'HQ4951', 'ID1481', 'IE3438', 'IH4388', 'IH4389', 'IH6813', 'IH6815', 'IH6816', 'IH6827', 'IH6828', 'IH6829', 'JR0882', 'JR0910', 'JR0911', 'JS3832', 'KJ2382', 'KJ2788', 'KJ9995', 'KJ9997', 'KK2266', 'KK2267', 'KK2268', 'KK2272', 'KK2273', 'KK2274', 'KK2277', 'KK2278', 'KK2279', 'KK2280', 'KK2329', 'KK2330', 'KK2331', 'KK2332', 'KK2333', 'KK3271', 'KK3273', 'KK3274', 'KK3275', 'KZ6720', 'LA3984']","https://assets.adidas.com/images/w_383,h_383,f_auto,q_auto,fl_lossy,c_fill,g_auto/ee99b4b9bde74f30a933a8bf011911ae_9366/Samba_OG_Shoes_Black_B75807_00_plp_standard.jpg","{'prices': [{'type': 'original', 'value': 100, 'valueNoVat': 100}], 'isSoldOut': False}",3269,4.8107,True,True
KI4803,Adizero EVO SL Shoes,Men Performance,https://www.adidas.com/us/adizero-evo-sl-shoes/KI4803.html,NRW94,"['KI4803', 'JH6206', 'JP7149', 'JR3419', 'JS4487', 'JS4494', 'JS4495', 'KH9575', 'KH9576', 'KH9578', 'KH9579', 'KH9604', 'KH9858', 'KI3381', 'KI3946', 'KI6923', 'KI9542', 'KI9873', 'KI9874', 'KJ1959', 'KJ8336', 'KJ9664']","https://assets.adidas.com/images/w_383,h_383,f_auto,q_auto,fl_lossy,c_fill,g_auto/e6c17a136f904ba6818244d85aeeaebc_9366/Adizero_EVO_SL_Shoes_Beige_KI4803_00_plp_standard.jpg","{'prices': [{'type': 'original', 'value': 150, 'valueNoVat': 150}], 'isSoldOut': False}",6528,4.7407,True,True
B75806,Samba OG Shoes,Originals,https://www.adidas.com/us/samba-og-shoes/B75806.html,SAMBAU2312,"['B75806', 'B75807', 'HP3551', 'HQ4950', 'HQ4951', 'ID1481', 'IE3438', 'IH4388', 'IH4389', 'IH6813', 'IH6815', 'IH6816', 'IH6827', 'IH6828', 'IH6829', 'JR0882', 'JR0910', 'JR0911', 'JS3832', 'KJ2382', 'KJ2788', 'KJ9995', 'KJ9997', 'KK2266', 'KK2267', 'KK2268', 'KK2272', 'KK2273', 'KK2274', 'KK2277', 'KK2278', 'KK2279', 'KK2280', 'KK2329', 'KK2330', 'KK2331', 'KK2332', 'KK2333', 'KK3271', 'KK3273', 'KK3274', 'KK3275', 'KZ6720', 'LA3984']","https://assets.adidas.com/images/w_383,h_383,f_auto,q_auto,fl_lossy,c_fill,g_auto/9b983d5bc09a4d4aba39a8bf011869ba_9366/Samba_OG_Shoes_White_B75806_00_plp_standard.jpg","{'prices': [{'type': 'original', 'value': 100, 'valueNoVat': 100}], 'isSoldOut': False}",3269,4.8107,True,True
JI2063,Gazelle Indoor Shoes,Originals,https://www.adidas.com/us/gazelle-indoor-shoes/JI2063.html,GAZU1223,"['JI2063', 'IH9640', 'IH9641', 'IH9650', 'IH9651', 'IH9654', 'IH9659', 'IH9660', 'IH9661', 'IH9665', 'IH9666', 'IH9675', 'IH9679', 'IH9680', 'JI2060', 'JI2061', 'JI2062']","https://assets.adidas.com/images/w_383,h_383,f_auto,q_auto,fl_lossy,c_fill,g_auto/911ec048adc4471f938af50867c2ad85_9366/Gazelle_Indoor_Shoes_Red_JI2063_00_plp_standard.jpg","{'prices': [{'type': 'original', 'value': 120, 'valueNoVat': 120}], 'isSoldOut': False}",947,4.8058,True,True
BD7633,Handball Spezial Shoes,Originals,https://www.adidas.com/us/handball-spezial-shoes/BD7633.html,BTP23,"['BD7633', 'BD7632', 'DB3021', 'IF7086', 'IF7087', 'IG6191', 'IG6192', 'IH6506', 'IH6507', 'IH6508', 'IH6568', 'IH6569', 'IH6586', 'IH6588', 'IH6592', 'IH6594', 'IH6597', 'IH6598', 'IH6617', 'IH6618', 'IH9668', 'IH9672', 'IH9760', 'KH9051', 'KI8580', 'KI8685', 'KI8686', 'KI8687', 'KJ2399', 'KJ2401', 'KJ7413', 'KJ7414', 'KJ7415', 'KJ9876', 'KJ9883', 'KJ9884', 'KJ9956', 'KJ9957', 'KJ9958', 'KJ9962', 'KJ9963', 'KJ9964', 'KJ9968', 'KJ9969', 'KJ9974', 'KJ9975', 'KK1153', 'KK2692', 'KK2693', 'KK2694', 'KK4232', 'KK4242', 'KK4860', 'KK4867', 'KZ6702', 'KZ6703', 'KZ6704', 'KZ6705', 'KZ6706', 'KZ6707', 'KZ6712']","https://assets.adidas.com/images/w_383,h_383,f_auto,q_auto,fl_lossy,c_fill,g_auto/c7e877a1841c47559465a96d010f344a_9366/Handball_Spezial_Shoes_Blue_BD7633_00_plp_standard.jpg","{'prices': [{'type': 'original', 'value': 110, 'valueNoVat': 110}], 'isSoldOut': False}",9789,4.8179,True,True
KZ6846,Adizero Pacer Shoes,Men Performance,https://www.adidas.com/us/adizero-pacer-shoes/KZ6846.html,ORB66,"['KZ6846', 'KZ6845', 'KZ6847', 'KZ6848', 'KZ6849', 'KZ6850', 'KZ6851']","https://assets.adidas.com/images/w_383,h_383,f_auto,q_auto,fl_lossy,c_fill,g_auto/f44a907616344782b3dc714ace426751_9366/Adizero_Pacer_Shoes_White_KZ6846_HM1.jpg","{'prices': [{'type': 'original', 'value': 80, 'valueNoVat': 80}], 'isSoldOut': False}",88,4.5683,True,True
IF7086,Handball Spezial Shoes,Originals,https://www.adidas.com/us/handball-spezial-shoes/IF7086.html,BTP23,"['IF7086', 'BD7632', 'BD7633', 'DB3021', 'IF7087', 'IG6191', 'IG6192', 'IH6506', 'IH6507', 'IH6508', 'IH6568', 'IH6569', 'IH6586', 'IH6588', 'IH6592', 'IH6594', 'IH6597', 'IH6598', 'IH6617', 'IH6618', 'IH9668', 'IH9672', 'IH9760', 'KH9051', 'KI8580', 'KI8685', 'KI8686', 'KI8687', 'KJ2399', 'KJ2401', 'KJ7413', 'KJ7414', 'KJ7415', 'KJ9876', 'KJ9883', 'KJ9884', 'KJ9956', 'KJ9957', 'KJ9958', 'KJ9962', 'KJ9963', 'KJ9964', 'KJ9968', 'KJ9969', 'KJ9974', 'KJ9975', 'KK1153', 'KK2692', 'KK2693', 'KK2694', 'KK4232', 'KK4242', 'KK4860', 'KK4867', 'KZ6702', 'KZ6703', 'KZ6704', 'KZ6705', 'KZ6706', 'KZ6707', 'KZ6712']","https://assets.adidas.com/images/w_383,h_383,f_auto,q_auto,fl_lossy,c_fill,g_auto/f6cad9d44a794cd7b2f843209e5647ef_9366/Handball_Spezial_Shoes_Grey_IF7086_00_plp_standard.jpg","{'prices': [{'type': 'original', 'value': 110, 'valueNoVat': 110}], 'isSoldOut': False}",9789,4.8179,True,True
KH9579,Adizero EVO SL Shoes,Men Performance,https://www.adidas.com/us/adizero-evo-sl-shoes/KH9579.html,NRW94,"['KH9579', 'JH6206', 'JP7149', 'JR3419', 'JS4487', 'JS4494', 'JS4495', 'KH9575', 'KH9576', 'KH9578', 'KH9604', 'KH9858', 'KI3381', 'KI3946', 'KI4803', 'KI6923', 'KI9542', 'KI9873', 'KI9874', 'KJ1959', 'KJ8336', 'KJ9664']","https://assets.adidas.com/images/w_383,h_383,f_auto,q_auto,fl_lossy,c_fill,g_auto/0c97ceb56501491ba959d60df505c131_9366/Adizero_EVO_SL_Shoes_Blue_KH9579_00_plp_standard.jpg","{'prices': [{'type': 'original', 'value': 150, 'valueNoVat': 150}], 'isSoldOut': False}",6528,4.7407,True,True
KZ6707,Handball Spezial Shoes,Originals,https://www.adidas.com/us/handball-spezial-shoes/KZ6707.html,BTP23,"['KZ6707', 'BD7632', 'BD7633', 'DB3021', 'IF7086', 'IF7087', 'IG6191', 'IG6192', 'IH6506', 'IH6507', 'IH6508', 'IH6568', 'IH6569', 'IH6586', 'IH6588', 'IH6592', 'IH6594', 'IH6597', 'IH6598', 'IH6617', 'IH6618', 'IH9668', 'IH9672', 'IH9760', 'KH9051', 'KI8580', 'KI8685', 'KI8686', 'KI8687', 'KJ2399', 'KJ2401', 'KJ7413', 'KJ7414', 'KJ7415', 'KJ9876', 'KJ9883', 'KJ9884', 'KJ9956', 'KJ9957', 'KJ9958', 'KJ9962', 'KJ9963', 'KJ9964', 'KJ9968', 'KJ9969', 'KJ9974', 'KJ9975', 'KK1153', 'KK2692', 'KK2693', 'KK2694', 'KK4232', 'KK4242', 'KK4860', 'KK4867', 'KZ6702', 'KZ6703', 'KZ6704', 'KZ6705', 'KZ6706', 'KZ6712']","https://assets.adidas.com/images/w_383,h_383,f_auto,q_auto,fl_lossy,c_fill,g_auto/de4384243988417491845e90bcedc317_9366/Handball_Spezial_Shoes_Black_KZ6707_00_plp_standard.jpg","{'prices': [{'type': 'original', 'value': 110, 'valueNoVat': 110}], 'isSoldOut': False}",9789,4.8179,True,True
HQ8708,Campus 00s Shoes,Originals,https://www.adidas.com/us/campus-00s-shoes/HQ8708.html,CAMPUSU1223,"['HQ8708', 'H03471', 'H03472', 'H03474', 'HQ8707', 'ID1435', 'IH4093', 'IH6724', 'JQ8356', 'JQ8357', 'JR7287', 'JR8163', 'KI0930', 'KI0931', 'KI0932']","https://assets.adidas.com/images/w_383,h_383,f_auto,q_auto,fl_lossy,c_fill,g_auto/2345cc874f884fc0a6a8af50010537fb_9366/Campus_00s_Shoes_Black_HQ8708_00_plp_standard.jpg","{'prices': [{'type': 'sale', 'value': 77, 'valueNoVat': 77}, {'type': 'original', 'value': 110, 'valueNoVat': 110, 'discountPercentage': -30}], 'isSoldOut': False}",1205,4.7859,True,True
KJ5073,LITE RACER ADAPT 8.0 WIDE SHOES,Men Sportswear,https://www.adidas.com/us/lite-racer-adapt-8.0-wide-shoes/KJ5073.html,OSK83,"['KJ5073', 'KJ5062', 'KJ5067', 'KJ5069', 'KJ5070', 'KJ5071', 'KJ5072', 'KJ5075']","https://assets.adidas.com/images/w_383,h_383,f_auto,q_auto,fl_lossy,c_fill,g_auto/5048adac8fed4e95a08297bdb25e3d11_9366/LITE_RACER_ADAPT_8.0_WIDE_SHOES_White_KJ5073_00_plp_standard.jpg","{'prices': [{'type': 'sale', 'value': 49, 'valueNoVat': 49}, {'type': 'original', 'value': 70, 'valueNoVat': 70, 'discountPercentage': -30}], 'isSoldOut': False}",45,4.5333,True,True
KI4828,Adizero EVO SL Woven Running Shoes,Men Performance,https://www.adidas.com/us/adizero-evo-sl-woven-running-shoes/KI4828.html,OOS26,"['KI4828', 'JQ4440', 'JQ4441', 'JQ4442', 'JQ4443', 'JQ4527', 'JR1912', 'JR2022', 'JR2024', 'JR4728', 'KH9494', 'KI1451', 'KI1492', 'KI2822', 'KI4256', 'KI4263', 'KI4842', 'KI6926', 'KI8342', 'KJ1996', 'KJ2521', 'KK3673', 'KK3719']","https://assets.adidas.com/images/w_383,h_383,f_auto,q_auto,fl_lossy,c_fill,g_auto/23df5a28e3d04c8588fe16800dda23ad_9366/Adizero_EVO_SL_Woven_Running_Shoes_Pink_KI4828_00_plp_standard.jpg","{'prices': [{'type': 'original', 'value': 150, 'valueNoVat': 150}], 'isSoldOut': False}",462,4.7555,True,True
KJ2401,HANDBALL SPEZIAL SHOES,Originals,https://www.adidas.com/us/handball-spezial-shoes/KJ2401.html,BTP23,"['KJ2401', 'BD7632', 'BD7633', 'DB3021', 'IF7086', 'IF7087', 'IG6191', 'IG6192', 'IH6506', 'IH6507', 'IH6508', 'IH6568', 'IH6569', 'IH6586', 'IH6588', 'IH6592', 'IH6594', 'IH6597', 'IH6598', 'IH6617', 'IH6618', 'IH9668', 'IH9672', 'IH9760', 'KH9051', 'KI8580', 'KI8685', 'KI8686', 'KI8687', 'KJ2399', 'KJ7413', 'KJ7414', 'KJ7415', 'KJ9876', 'KJ9883', 'KJ9884', 'KJ9956', 'KJ9957', 'KJ9958', 'KJ9962', 'KJ9963', 'KJ9964', 'KJ9968', 'KJ9969', 'KJ9974', 'KJ9975', 'KK1153', 'KK2692', 'KK2693', 'KK2694', 'KK4232', 'KK4242', 'KK4860', 'KK4867', 'KZ6702', 'KZ6703', 'KZ6704', 'KZ6705', 'KZ6706', 'KZ6707', 'KZ6712']","https://assets.adidas.com/images/w_383,h_383,f_auto,q_auto,fl_lossy,c_fill,g_auto/9360ea1133914a3cbd4f295046988991_9366/HANDBALL_SPEZIAL_SHOES_Beige_KJ2401_00_plp_standard.jpg","{'prices': [{'type': 'original', 'value': 110, 'valueNoVat': 110}], 'isSoldOut': False}",9789,4.8179,True,True
KZ6703,Handball Spezial Shoes,Originals,https://www.adidas.com/us/handball-spezial-shoes/KZ6703.html,BTP23,"['KZ6703', 'BD7632', 'BD7633', 'DB3021', 'IF7086', 'IF7087', 'IG6191', 'IG6192', 'IH6506', 'IH6507', 'IH6508', 'IH6568', 'IH6569', 'IH6586', 'IH6588', 'IH6592', 'IH6594', 'IH6597', 'IH6598', 'IH6617', 'IH6618', 'IH9668', 'IH9672', 'IH9760', 'KH9051', 'KI8580', 'KI8685', 'KI8686', 'KI8687', 'KJ2399', 'KJ2401', 'KJ7413', 'KJ7414', 'KJ7415', 'KJ9876', 'KJ9883', 'KJ9884', 'KJ9956', 'KJ9957', 'KJ9958', 'KJ9962', 'KJ9963', 'KJ9964', 'KJ9968', 'KJ9969', 'KJ9974', 'KJ9975', 'KK1153', 'KK2692', 'KK2693', 'KK2694', 'KK4232', 'KK4242', 'KK4860', 'KK4867', 'KZ6702', 'KZ6704', 'KZ6705', 'KZ6706', 'KZ6707', 'KZ6712']","https://assets.adidas.com/images/w_383,h_383,f_auto,q_auto,fl_lossy,c_fill,g_auto/1a24cbb3336d40cf8a0e66827614f2a1_9366/Handball_Spezial_Shoes_Beige_KZ6703_00_plp_standard.jpg","{'prices': [{'type': 'original', 'value': 110, 'valueNoVat': 110}], 'isSoldOut': False}",9789,4.8179,True,True
DB3021,Handball Spezial Shoes,Originals,https://www.adidas.com/us/handball-spezial-shoes/DB3021.html,BTP23,"['DB3021', 'BD7632', 'BD7633', 'IF7086', 'IF7087', 'IG6191', 'IG6192', 'IH6506', 'IH6507', 'IH6508', 'IH6568', 'IH6569', 'IH6586', 'IH6588', 'IH6592', 'IH6594', 'IH6597', 'IH6598', 'IH6617', 'IH6618', 'IH9668', 'IH9672', 'IH9760', 'KH9051', 'KI8580', 'KI8685', 'KI8686', 'KI8687', 'KJ2399', 'KJ2401', 'KJ7413', 'KJ7414', 'KJ7415', 'KJ9876', 'KJ9883', 'KJ9884', 'KJ9956', 'KJ9957', 'KJ9958', 'KJ9962', 'KJ9963', 'KJ9964', 'KJ9968', 'KJ9969', 'KJ9974', 'KJ9975', 'KK1153', 'KK2692', 'KK2693', 'KK2694', 'KK4232', 'KK4242', 'KK4860', 'KK4867', 'KZ6702', 'KZ6703', 'KZ6704', 'KZ6705', 'KZ6706', 'KZ6707', 'KZ6712']","https://assets.adidas.com/images/w_383,h_383,f_auto,q_auto,fl_lossy,c_fill,g_auto/6181237298a44c5fb07da96d0111461c_9366/Handball_Spezial_Shoes_Black_DB3021_00_plp_standard.jpg","{'prices': [{'type': 'original', 'value': 110, 'valueNoVat': 110}], 'isSoldOut': False}",9789,4.8179,True,True
HQ8707,Campus 00s Shoes,Originals,https://www.adidas.com/us/campus-00s-shoes/HQ8707.html,CAMPUSU1223,"['HQ8707', 'H03471', 'H03472', 'H03474', 'HQ8708', 'ID1435', 'IH4093', 'IH6724', 'JQ8356', 'JQ8357', 'JR7287', 'JR8163', 'KI0930', 'KI0931', 'KI0932']","https://assets.adidas.com/images/w_383,h_383,f_auto,q_auto,fl_lossy,c_fill,g_auto/b562097cb5f34542af86af500104b3cc_9366/Campus_00s_Shoes_Grey_HQ8707_00_plp_standard.jpg","{'prices': [{'type': 'original', 'value': 110, 'valueNoVat': 110}], 'isSoldOut': False}",1205,4.7859,True,True
JH6206,Adizero EVO SL Shoes,Men Performance,https://www.adidas.com/us/adizero-evo-sl-shoes/JH6206.html,NRW94,"['JH6206', 'JP7149', 'JR3419', 'JS4487', 'JS4494', 'JS4495', 'KH9575', 'KH9576', 'KH9578', 'KH9579', 'KH9604', 'KH9858', 'KI3381', 'KI3946', 'KI4803', 'KI6923', 'KI9542', 'KI9873', 'KI9874', 'KJ1959', 'KJ8336', 'KJ9664']","https://assets.adidas.com/images/w_383,h_383,f_auto,q_auto,fl_lossy,c_fill,g_auto/b40f570a26144541bd73e1ee967ce5b1_9366/Adizero_EVO_SL_Shoes_White_JH6206_HM1.jpg","{'prices': [{'type': 'original', 'value': 150, 'valueNoVat': 150}], 'isSoldOut': False}",6528,4.7407,True,True
KH9575,Adizero EVO SL Shoes,Men Performance,https://www.adidas.com/us/adizero-evo-sl-shoes/KH9575.html,NRW94,"['KH9575', 'JH6206', 'JP7149', 'JR3419', 'JS4487', 'JS4494', 'JS4495', 'KH9576', 'KH9578', 'KH9579', 'KH9604', 'KH9858', 'KI3381', 'KI3946', 'KI4803', 'KI6923', 'KI9542', 'KI9873', 'KI9874', 'KJ1959', 'KJ8336', 'KJ9664']","https://assets.adidas.com/images/w_383,h_383,f_auto,q_auto,fl_lossy,c_fill,g_auto/dd95a97eed28402093c90d64de378e45_9366/Adizero_EVO_SL_Shoes_Grey_KH9575_00_plp_standard.jpg","{'prices': [{'type': 'original', 'value': 150, 'valueNoVat': 150}], 'isSoldOut': False}",6528,4.7407,True,True
BD7632,Handball Spezial Shoes,Originals,https://www.adidas.com/us/handball-spezial-shoes/BD7632.html,BTP23,"['BD7632', 'BD7633', 'DB3021', 'IF7086', 'IF7087', 'IG6191', 'IG6192', 'IH6506', 'IH6507', 'IH6508', 'IH6568', 'IH6569', 'IH6586', 'IH6588', 'IH6592', 'IH6594', 'IH6597', 'IH6598', 'IH6617', 'IH6618', 'IH9668', 'IH9672', 'IH9760', 'KH9051', 'KI8580', 'KI8685', 'KI8686', 'KI8687', 'KJ2399', 'KJ2401', 'KJ7413', 'KJ7414', 'KJ7415', 'KJ9876', 'KJ9883', 'KJ9884', 'KJ9956', 'KJ9957', 'KJ9958', 'KJ9962', 'KJ9963', 'KJ9964', 'KJ9968', 'KJ9969', 'KJ9974', 'KJ9975', 'KK1153', 'KK2692', 'KK2693', 'KK2694', 'KK4232', 'KK4242', 'KK4860', 'KK4867', 'KZ6702', 'KZ6703', 'KZ6704', 'KZ6705', 'KZ6706', 'KZ6707', 'KZ6712']","https://assets.adidas.com/images/w_383,h_383,f_auto,q_auto,fl_lossy,c_fill,g_auto/a461ae9dddf04457bfbca9760113ff7a_9366/Handball_Spezial_Shoes_Blue_BD7632_00_plp_standard.jpg","{'prices': [{'type': 'original', 'value': 110, 'valueNoVat': 110}], 'isSoldOut': False}",9789,4.8179,True,True
KZ6705,Handball Spezial Shoes,Originals,https://www.adidas.com/us/handball-spezial-shoes/KZ6705.html,BTP23,"['KZ6705', 'BD7632', 'BD7633', 'DB3021', 'IF7086', 'IF7087', 'IG6191', 'IG6192', 'IH6506', 'IH6507', 'IH6508', 'IH6568', 'IH6569', 'IH6586', 'IH6588', 'IH6592', 'IH6594', 'IH6597', 'IH6598', 'IH6617', 'IH6618', 'IH9668', 'IH9672', 'IH9760', 'KH9051', 'KI8580', 'KI8685', 'KI8686', 'KI8687', 'KJ2399', 'KJ2401', 'KJ7413', 'KJ7414', 'KJ7415', 'KJ9876', 'KJ9883', 'KJ9884', 'KJ9956', 'KJ9957', 'KJ9958', 'KJ9962', 'KJ9963', 'KJ9964', 'KJ9968', 'KJ9969', 'KJ9974', 'KJ9975', 'KK1153', 'KK2692', 'KK2693', 'KK2694', 'KK4232', 'KK4242', 'KK4860', 'KK4867', 'KZ6702', 'KZ6703', 'KZ6704', 'KZ6706', 'KZ6707', 'KZ6712']","https://assets.adidas.com/images/w_383,h_383,f_auto,q_auto,fl_lossy,c_fill,g_auto/52326dc3360a42bd8373cf158af46dcd_9366/Handball_Spezial_Shoes_Grey_KZ6705_HM1.jpg","{'prices': [{'type': 'original', 'value': 110, 'valueNoVat': 110}], 'isSoldOut': False}",9789,4.8179,True,True
KZ6706,Handball Spezial Shoes,Originals,https://www.adidas.com/us/handball-spezial-shoes/KZ6706.html,BTP23,"['KZ6706', 'BD7632', 'BD7633', 'DB3021', 'IF7086', 'IF7087', 'IG6191', 'IG6192', 'IH6506', 'IH6507', 'IH6508', 'IH6568', 'IH6569', 'IH6586', 'IH6588', 'IH6592', 'IH6594', 'IH6597', 'IH6598', 'IH6617', 'IH6618', 'IH9668', 'IH9672', 'IH9760', 'KH9051', 'KI8580', 'KI8685', 'KI8686', 'KI8687', 'KJ2399', 'KJ2401', 'KJ7413', 'KJ7414', 'KJ7415', 'KJ9876', 'KJ9883', 'KJ9884', 'KJ9956', 'KJ9957', 'KJ9958', 'KJ9962', 'KJ9963', 'KJ9964', 'KJ9968', 'KJ9969', 'KJ9974', 'KJ9975', 'KK1153', 'KK2692', 'KK2693', 'KK2694', 'KK4232', 'KK4242', 'KK4860', 'KK4867', 'KZ6702', 'KZ6703', 'KZ6704', 'KZ6705', 'KZ6707', 'KZ6712']","https://assets.adidas.com/images/w_383,h_383,f_auto,q_auto,fl_lossy,c_fill,g_auto/aa0a0876f0d440eda5741d4f64e8e63d_9366/Handball_Spezial_Shoes_Blue_KZ6706_00_plp_standard.jpg","{'prices': [{'type': 'original', 'value': 110, 'valueNoVat': 110}], 'isSoldOut': False}",9789,4.8179,True,True
KJ7413,HANDBALL SPEZIAL SHOES,Originals,https://www.adidas.com/us/handball-spezial-shoes/KJ7413.html,BTP23,"['KJ7413', 'BD7632', 'BD7633', 'DB3021', 'IF7086', 'IF7087', 'IG6191', 'IG6192', 'IH6506', 'IH6507', 'IH6508', 'IH6568', 'IH6569', 'IH6586', 'IH6588', 'IH6592', 'IH6594', 'IH6597', 'IH6598', 'IH6617', 'IH6618', 'IH9668', 'IH9672', 'IH9760', 'KH9051', 'KI8580', 'KI8685', 'KI8686', 'KI8687', 'KJ2399', 'KJ2401', 'KJ7414', 'KJ7415', 'KJ9876', 'KJ9883', 'KJ9884', 'KJ9956', 'KJ9957', 'KJ9958', 'KJ9962', 'KJ9963', 'KJ9964', 'KJ9968', 'KJ9969', 'KJ9974', 'KJ9975', 'KK1153', 'KK2692', 'KK2693', 'KK2694', 'KK4232', 'KK4242', 'KK4860', 'KK4867', 'KZ6702', 'KZ6703', 'KZ6704', 'KZ6705', 'KZ6706', 'KZ6707', 'KZ6712']","https://assets.adidas.com/images/w_383,h_383,f_auto,q_auto,fl_lossy,c_fill,g_auto/e3fa2157eda6449ea8f6044f857bb741_9366/HANDBALL_SPEZIAL_SHOES_Green_KJ7413_00_plp_standard.jpg","{'prices': [{'type': 'original', 'value': 110, 'valueNoVat': 110}], 'isSoldOut': False}",9789,4.8179,True,True
KK2900,ADISTAR XLG 2.0 SHOES,Originals,https://www.adidas.com/us/adistar-xlg-2.0-shoes/KK2900.html,ORC52,"['KK2900', 'HQ7468', 'HQ7551', 'HQ7552', 'HQ7553', 'HQ7554', 'HQ7555', 'KI4505', 'KI4506', 'KJ7895', 'KK2895', 'KK2896', 'KK2899', 'KZ9011', 'KZ9155', 'KZ9160', 'LA1813']","https://assets.adidas.com/images/w_383,h_383,f_auto,q_auto,fl_lossy,c_fill,g_auto/ba23844cafc745528a2912cb3af9dafa_9366/ADISTAR_XLG_2.0_SHOES_White_KK2900_00_plp_standard.jpg","{'prices': [{'type': 'original', 'value': 150, 'valueNoVat': 150}], 'isSoldOut': False}",273,4.7473,,True
KZ9958,HYPERBOOST EDGE M Shoes,Men Performance,https://www.adidas.com/us/hyperboost-edge-m-shoes/KZ9958.html,OQQ28,"['KZ9958', 'KH8128', 'KI0358', 'KI1911', 'KI1912', 'KI1913', 'KI4392', 'KI4393', 'KI4398', 'KI4401', 'KI4402', 'KI4413', 'KK0288', 'KK0289']","https://assets.adidas.com/images/w_383,h_383,f_auto,q_auto,fl_lossy,c_fill,g_auto/f5d151acbfd64c7e95228bc08033d714_9366/HYPERBOOST_EDGE_M_Shoes_Green_KZ9958_00_plp_standard.jpg","{'prices': [{'type': 'original', 'value': 200, 'valueNoVat': 200}], 'isSoldOut': False}",661,4.6566,,True
JI4355,Daily 4.0 Shoes,Sportswear,https://www.adidas.com/us/daily-4.0-shoes/JI4355.html,NIZ90,"['JI4355', 'IF4492', 'IF4493', 'IF4494', 'IF4496', 'IF4503', 'IF4504', 'IF4505', 'IH1591', 'JH6930', 'JI4352', 'JI4354', 'KJ4670', 'KJ4671']","https://assets.adidas.com/images/w_383,h_383,f_auto,q_auto,fl_lossy,c_fill,g_auto/ab80fdd9c3fa429c9f4d03310c1f4491_9366/Daily_4.0_Shoes_Black_JI4355_00_plp_standard.jpg","{'prices': [{'type': 'sale', 'value': 49, 'valueNoVat': 49}, {'type': 'original', 'value': 70, 'valueNoVat': 70, 'discountPercentage': -30}], 'isSoldOut': False}",1339,4.7043,True,True
IG6192,Handball Spezial Shoes,Originals,https://www.adidas.com/us/handball-spezial-shoes/IG6192.html,BTP23,"['IG6192', 'BD7632', 'BD7633', 'DB3021', 'IF7086', 'IF7087', 'IG6191', 'IH6506', 'IH6507', 'IH6508', 'IH6568', 'IH6569', 'IH6586', 'IH6588', 'IH6592', 'IH6594', 'IH6597', 'IH6598', 'IH6617', 'IH6618', 'IH9668', 'IH9672', 'IH9760', 'KH9051', 'KI8580', 'KI8685', 'KI8686', 'KI8687', 'KJ2399', 'KJ2401', 'KJ7413', 'KJ7414', 'KJ7415', 'KJ9876', 'KJ9883', 'KJ9884', 'KJ9956', 'KJ9957', 'KJ9958', 'KJ9962', 'KJ9963', 'KJ9964', 'KJ9968', 'KJ9969', 'KJ9974', 'KJ9975', 'KK1153', 'KK2692', 'KK2693', 'KK2694', 'KK4232', 'KK4242', 'KK4860', 'KK4867', 'KZ6702', 'KZ6703', 'KZ6704', 'KZ6705', 'KZ6706', 'KZ6707', 'KZ6712']","https://assets.adidas.com/images/w_383,h_383,f_auto,q_auto,fl_lossy,c_fill,g_auto/0f8317e5d94441ae805eda67b3f6ac6b_9366/Handball_Spezial_Shoes_Green_IG6192_00_plp_standard.jpg","{'prices': [{'type': 'original', 'value': 110, 'valueNoVat': 110}], 'isSoldOut': False}",9789,4.8179,True,True
KJ5067,LITE RACER ADAPT 8.0 WIDE SHOES,Men Sportswear,https://www.adidas.com/us/lite-racer-adapt-8.0-wide-shoes/KJ5067.html,OSK83,"['KJ5067', 'KJ5062', 'KJ5069', 'KJ5070', 'KJ5071', 'KJ5072', 'KJ5073', 'KJ5075']","https://assets.adidas.com/images/w_383,h_383,f_auto,q_auto,fl_lossy,c_fill,g_auto/083947322224404288a7617b89b21c4d_9366/LITE_RACER_ADAPT_8.0_WIDE_SHOES_Grey_KJ5067_HM1.jpg","{'prices': [{'type': 'sale', 'value': 49, 'valueNoVat': 49}, {'type': 'original', 'value': 70, 'valueNoVat': 70, 'discountPercentage': -30}], 'isSoldOut': False}",45,4.5333,True,True
KZ6845,Adizero Pacer Shoes,Men Performance,https://www.adidas.com/us/adizero-pacer-shoes/KZ6845.html,ORB66,"['KZ6845', 'KZ6846', 'KZ6847', 'KZ6848', 'KZ6849', 'KZ6850', 'KZ6851']","https://assets.adidas.com/images/w_383,h_383,f_auto,q_auto,fl_lossy,c_fill,g_auto/e0be1e0d13ca4a8a8d41b33293b8dbae_9366/Adizero_Pacer_Shoes_Blue_KZ6845_00_plp_standard.jpg","{'prices': [{'type': 'original', 'value': 80, 'valueNoVat': 80}], 'isSoldOut': False}",88,4.5683,,True
KH8484,BW ARMY SHOES,Originals,https://www.adidas.com/us/bw-army-shoes/KH8484.html,ORU97,"['KH8484', 'HQ9264', 'HQ9265', 'KK2711', 'KK2713', 'KK2801', 'KK2802', 'KK5026', 'KK5028', 'LA3396', 'LB5654']","https://assets.adidas.com/images/w_383,h_383,f_auto,q_auto,fl_lossy,c_fill,g_auto/496534a7cc1e49e59fb31a6851976175_9366/BW_ARMY_SHOES_Black_KH8484_00_plp_standard.jpg","{'prices': [{'type': 'original', 'value': 120, 'valueNoVat': 120}], 'isSoldOut': False}",195,4.7282,,True
KI9679,Cloudfoam Cuxxion Sock Shoes,Men Sportswear,https://www.adidas.com/us/cloudfoam-cuxxion-sock-shoes/KI9679.html,OND96,"['KI9679', 'HP3454', 'HP3456', 'JS2425', 'KI9681']","https://assets.adidas.com/images/w_383,h_383,f_auto,q_auto,fl_lossy,c_fill,g_auto/06e5a1ae7bd24c55982b511d68a8af26_9366/Cloudfoam_Cuxxion_Sock_Shoes_Brown_KI9679_00_plp_standard.jpg","{'prices': [{'type': 'original', 'value': 70, 'valueNoVat': 70}], 'isSoldOut': False}",94,4.6596,True,True
KI3381,Adizero EVO SL Shoes,Men Performance,https://www.adidas.com/us/adizero-evo-sl-shoes/KI3381.html,NRW94,"['KI3381', 'JH6206', 'JP7149', 'JR3419', 'JS4487', 'JS4494', 'JS4495', 'KH9575', 'KH9576', 'KH9578', 'KH9579', 'KH9604', 'KH9858', 'KI3946', 'KI4803', 'KI6923', 'KI9542', 'KI9873', 'KI9874', 'KJ1959', 'KJ8336', 'KJ9664']","https://assets.adidas.com/images/w_383,h_383,f_auto,q_auto,fl_lossy,c_fill,g_auto/8a94df95d59e4c63870ec3122d338f3b_9366/Adizero_EVO_SL_Shoes_Silver_KI3381_HM1.jpg","{'prices': [{'type': 'sale', 'value': 120, 'valueNoVat': 120}, {'type': 'original', 'value': 150, 'valueNoVat': 150, 'discountPercentage': -20}], 'isSoldOut': False}",6528,4.7407,True,True
KJ4980,BARREDA DECODE SHOES,Men Sportswear,https://www.adidas.com/us/barreda-decode-shoes/KJ4980.html,ORL90,[],"https://assets.adidas.com/images/w_383,h_383,f_auto,q_auto,fl_lossy,c_fill,g_auto/f21802bc439c4dc0a7b6eaa2a14eebae_9366/BARREDA_DECODE_SHOES_Brown_KJ4980_00_plp_standard.jpg","{'prices': [{'type': 'original', 'value': 85, 'valueNoVat': 85}], 'isSoldOut': False}",17,4.8824,,True
KK5028,BW ARMY SHOES,Originals,https://www.adidas.com/us/bw-army-shoes/KK5028.html,ORU97,"['KK5028', 'HQ9264', 'HQ9265', 'KH8484', 'KK2711', 'KK2713', 'KK2801', 'KK2802', 'KK5026', 'LA3396', 'LB5654']","https://assets.adidas.com/images/w_383,h_383,f_auto,q_auto,fl_lossy,c_fill,g_auto/586090cfdea140eca63f7c94f90d44ee_9366/BW_ARMY_SHOES_Blue_KK5028_00_plp_standard.jpg","{'prices': [{'type': 'original', 'value': 120, 'valueNoVat': 120}], 'isSoldOut': False}",195,4.7282,True,True
JR8527,Kaptir 4.0 Shoes,Men Sportswear,https://www.adidas.com/us/kaptir-4.0-shoes/JR8527.html,NNU49,"['JR8527', 'JR7190', 'JR8480', 'JR8529']","https://assets.adidas.com/images/w_383,h_383,f_auto,q_auto,fl_lossy,c_fill,g_auto/85fdaaf84a6f4d6981fd8d850b21128f_9366/Kaptir_4.0_Shoes_White_JR8527_00_plp_standard.jpg","{'prices': [{'type': 'sale', 'value': 81, 'valueNoVat': 81}, {'type': 'original', 'value': 90, 'valueNoVat': 90, 'discountPercentage': -10}], 'isSoldOut': False}",266,4.6918,True,True
KJ9969,HANDBALL SPEZIAL SHOES,Originals,https://www.adidas.com/us/handball-spezial-shoes/KJ9969.html,BTP23,"['KJ9969', 'BD7632', 'BD7633', 'DB3021', 'IF7086', 'IF7087', 'IG6191', 'IG6192', 'IH6506', 'IH6507', 'IH6508', 'IH6568', 'IH6569', 'IH6586', 'IH6588', 'IH6592', 'IH6594', 'IH6597', 'IH6598', 'IH6617', 'IH6618', 'IH9668', 'IH9672', 'IH9760', 'KH9051', 'KI8580', 'KI8685', 'KI8686', 'KI8687', 'KJ2399', 'KJ2401', 'KJ7413', 'KJ7414', 'KJ7415', 'KJ9876', 'KJ9883', 'KJ9884', 'KJ9956', 'KJ9957', 'KJ9958', 'KJ9962', 'KJ9963', 'KJ9964', 'KJ9968', 'KJ9974', 'KJ9975', 'KK1153', 'KK2692', 'KK2693', 'KK2694', 'KK4232', 'KK4242', 'KK4860', 'KK4867', 'KZ6702', 'KZ6703', 'KZ6704', 'KZ6705', 'KZ6706', 'KZ6707', 'KZ6712']","https://assets.adidas.com/images/w_383,h_383,f_auto,q_auto,fl_lossy,c_fill,g_auto/30c7284ee388479cbffd8144f8c0865a_9366/HANDBALL_SPEZIAL_SHOES_White_KJ9969_00_plp_standard.jpg","{'prices': [{'type': 'original', 'value': 120, 'valueNoVat': 120}], 'isSoldOut': False}",9789,4.8179,True,True
JQ2626,Galaxy 7 Running Shoes,Men Performance,https://www.adidas.com/us/galaxy-7-running-shoes/JQ2626.html,NKX11,"['JQ2626', 'ID8754', 'ID8757', 'ID8760', 'JP6600', 'JQ2620', 'JQ3323', 'JR4944']","https://assets.adidas.com/images/w_383,h_383,f_auto,q_auto,fl_lossy,c_fill,g_auto/7788934349f443dc8e3f4b8993694db0_9366/Galaxy_7_Running_Shoes_Grey_JQ2626_HM1.jpg","{'prices': [{'type': 'sale', 'value': 54, 'valueNoVat': 54}, {'type': 'original', 'value': 60, 'valueNoVat': 60, 'discountPercentage': -10}], 'isSoldOut': False}",3513,4.6678,True,True
KJ5118,SUPERSTAR ADV Shoes,Men Originals,https://www.adidas.com/us/superstar-adv-shoes/KJ5118.html,OSH19,"['KJ5118', 'GW6930', 'GW6931', 'KI5141', 'KI5142', 'KJ5112', 'KJ5113', 'KJ5120', 'KZ8893']","https://assets.adidas.com/images/w_383,h_383,f_auto,q_auto,fl_lossy,c_fill,g_auto/33ee0ffe7053442eb711bd71821144fa_9366/SUPERSTAR_ADV_Shoes_Red_KJ5118_00_plp_standard.jpg","{'prices': [{'type': 'original', 'value': 100, 'valueNoVat': 100}], 'isSoldOut': False}",154,4.8247,True,True
JR9087,Terrex Anylander Rain.Rdy Hiking Shoes,Men TERREX,https://www.adidas.com/us/terrex-anylander-rain.rdy-hiking-shoes/JR9087.html,NJM58,"['JR9087', 'ID0901', 'ID5487', 'IH3547', 'JQ1595', 'KJ0863']","https://assets.adidas.com/images/w_383,h_383,f_auto,q_auto,fl_lossy,c_fill,g_auto/e964a2ec778347528896532adfa98dbe_9366/Terrex_Anylander_Rain.Rdy_Hiking_Shoes_Green_JR9087_HM1.jpg","{'prices': [{'type': 'original', 'value': 85, 'valueNoVat': 85}], 'isSoldOut': False}",449,4.5947,,True
KH9604,Adizero EVO SL Shoes,Men Performance,https://www.adidas.com/us/adizero-evo-sl-shoes/KH9604.html,NRW94,"['KH9604', 'JH6206', 'JP7149', 'JR3419', 'JS4487', 'JS4494', 'JS4495', 'KH9575', 'KH9576', 'KH9578', 'KH9579', 'KH9858', 'KI3381', 'KI3946', 'KI4803', 'KI6923', 'KI9542', 'KI9873', 'KI9874', 'KJ1959', 'KJ8336', 'KJ9664']","https://assets.adidas.com/images/w_383,h_383,f_auto,q_auto,fl_lossy,c_fill,g_auto/86908c0039f846b0ab990530245935b9_9366/Adizero_EVO_SL_Shoes_Grey_KH9604_00_plp_standard.jpg","{'prices': [{'type': 'original', 'value': 150, 'valueNoVat': 150}], 'isSoldOut': False}",6528,4.7407,True,True
KZ6704,Handball Spezial Shoes,Originals,https://www.adidas.com/us/handball-spezial-shoes/KZ6704.html,BTP23,"['KZ6704', 'BD7632', 'BD7633', 'DB3021', 'IF7086', 'IF7087', 'IG6191', 'IG6192', 'IH6506', 'IH6507', 'IH6508', 'IH6568', 'IH6569', 'IH6586', 'IH6588', 'IH6592', 'IH6594', 'IH6597', 'IH6598', 'IH6617', 'IH6618', 'IH9668', 'IH9672', 'IH9760', 'KH9051', 'KI8580', 'KI8685', 'KI8686', 'KI8687', 'KJ2399', 'KJ2401', 'KJ7413', 'KJ7414', 'KJ7415', 'KJ9876', 'KJ9883', 'KJ9884', 'KJ9956', 'KJ9957', 'KJ9958', 'KJ9962', 'KJ9963', 'KJ9964', 'KJ9968', 'KJ9969', 'KJ9974', 'KJ9975', 'KK1153', 'KK2692', 'KK2693', 'KK2694', 'KK4232', 'KK4242', 'KK4860', 'KK4867', 'KZ6702', 'KZ6703', 'KZ6705', 'KZ6706', 'KZ6707', 'KZ6712']","https://assets.adidas.com/images/w_383,h_383,f_auto,q_auto,fl_lossy,c_fill,g_auto/79fa6be2604d43d7bc2e210eff654c7b_9366/Handball_Spezial_Shoes_Brown_KZ6704_00_plp_standard.jpg","{'prices': [{'type': 'original', 'value': 110, 'valueNoVat': 110}], 'isSoldOut': False}",9789,4.8179,True,True
KH9858,Adizero EVO SL Shoes,Men Performance,https://www.adidas.com/us/adizero-evo-sl-shoes/KH9858.html,NRW94,"['KH9858', 'JH6206', 'JP7149', 'JR3419', 'JS4487', 'JS4494', 'JS4495', 'KH9575', 'KH9576', 'KH9578', 'KH9579', 'KH9604', 'KI3381', 'KI3946', 'KI4803', 'KI6923', 'KI9542', 'KI9873', 'KI9874', 'KJ1959', 'KJ8336', 'KJ9664']","https://assets.adidas.com/images/w_383,h_383,f_auto,q_auto,fl_lossy,c_fill,g_auto/5462391d3b5c4987a0e0ded07d44601a_9366/Adizero_EVO_SL_Shoes_Black_KH9858_HM1.jpg","{'prices': [{'type': 'original', 'value': 150, 'valueNoVat': 150}], 'isSoldOut': False}",6528,4.7407,True,True
JP7149,Adizero EVO SL Shoes,Men Performance,https://www.adidas.com/us/adizero-evo-sl-shoes/JP7149.html,NRW94,"['JP7149', 'JH6206', 'JR3419', 'JS4487', 'JS4494', 'JS4495', 'KH9575', 'KH9576', 'KH9578', 'KH9579', 'KH9604', 'KH9858', 'KI3381', 'KI3946', 'KI4803', 'KI6923', 'KI9542', 'KI9873', 'KI9874', 'KJ1959', 'KJ8336', 'KJ9664']","https://assets.adidas.com/images/w_383,h_383,f_auto,q_auto,fl_lossy,c_fill,g_auto/b8d2e6f0cdd940f6bb2988cb68ee5bf0_9366/Adizero_EVO_SL_Shoes_Black_JP7149_HM1.jpg","{'prices': [{'type': 'original', 'value': 150, 'valueNoVat': 150}], 'isSoldOut': False}",6528,4.7407,True,True
IH6106,Response Runner Shoes,Performance,https://www.adidas.com/us/response-runner-shoes/IH6106.html,NJG40,"['IH6106', 'IH6100', 'IH6102', 'IH6103', 'JR8058']","https://assets.adidas.com/images/w_383,h_383,f_auto,q_auto,fl_lossy,c_fill,g_auto/d389c4bdaba841bb80a6f5b60be7e3c1_9366/Response_Runner_Shoes_White_IH6106_00_plp_standard.jpg","{'prices': [{'type': 'sale', 'value': 45, 'valueNoVat': 45}, {'type': 'original', 'value': 50, 'valueNoVat': 50, 'discountPercentage': -10}], 'isSoldOut': False}",267,4.6368,True,True
IG6191,Handball Spezial Shoes,Originals,https://www.adidas.com/us/handball-spezial-shoes/IG6191.html,BTP23,"['IG6191', 'BD7632', 'BD7633', 'DB3021', 'IF7086', 'IF7087', 'IG6192', 'IH6506', 'IH6507', 'IH6508', 'IH6568', 'IH6569', 'IH6586', 'IH6588', 'IH6592', 'IH6594', 'IH6597', 'IH6598', 'IH6617', 'IH6618', 'IH9668', 'IH9672', 'IH9760', 'KH9051', 'KI8580', 'KI8685', 'KI8686', 'KI8687', 'KJ2399', 'KJ2401', 'KJ7413', 'KJ7414', 'KJ7415', 'KJ9876', 'KJ9883', 'KJ9884', 'KJ9956', 'KJ9957', 'KJ9958', 'KJ9962', 'KJ9963', 'KJ9964', 'KJ9968', 'KJ9969', 'KJ9974', 'KJ9975', 'KK1153', 'KK2692', 'KK2693', 'KK2694', 'KK4232', 'KK4242', 'KK4860', 'KK4867', 'KZ6702', 'KZ6703', 'KZ6704', 'KZ6705', 'KZ6706', 'KZ6707', 'KZ6712']","https://assets.adidas.com/images/w_383,h_383,f_auto,q_auto,fl_lossy,c_fill,g_auto/3676292c5bdf45c59c04053aa3f1724d_9366/Handball_Spezial_Shoes_Red_IG6191_00_plp_standard.jpg","{'prices': [{'type': 'original', 'value': 110, 'valueNoVat': 110}], 'isSoldOut': False}",9789,4.8179,True,True
KJ0863,Terrex Anylander Rain.Rdy Hiking Shoes,Men TERREX,https://www.adidas.com/us/terrex-anylander-rain.rdy-hiking-shoes/KJ0863.html,NJM58,"['KJ0863', 'ID0901', 'ID5487', 'IH3547', 'JQ1595', 'JR9087']","https://assets.adidas.com/images/w_383,h_383,f_auto,q_auto,fl_lossy,c_fill,g_auto/cb736e0291674ec7b97f3a3027c03475_9366/Terrex_Anylander_Rain.Rdy_Hiking_Shoes_Brown_KJ0863_HM1.jpg","{'prices': [{'type': 'original', 'value': 85, 'valueNoVat': 85}], 'isSoldOut': False}",449,4.5947,,True
KK2333,SAMBA OG SHOES,Originals,https://www.adidas.com/us/samba-og-shoes/KK2333.html,SAMBAU2312,"['KK2333', 'B75806', 'B75807', 'HP3551', 'HQ4950', 'HQ4951', 'ID1481', 'IE3438', 'IH4388', 'IH4389', 'IH6813', 'IH6815', 'IH6816', 'IH6827', 'IH6828', 'IH6829', 'JR0882', 'JR0910', 'JR0911', 'JS3832', 'KJ2382', 'KJ2788', 'KJ9995', 'KJ9997', 'KK2266', 'KK2267', 'KK2268', 'KK2272', 'KK2273', 'KK2274', 'KK2277', 'KK2278', 'KK2279', 'KK2280', 'KK2329', 'KK2330', 'KK2331', 'KK2332', 'KK3271', 'KK3273', 'KK3274', 'KK3275', 'KZ6720', 'LA3984']","https://assets.adidas.com/images/w_383,h_383,f_auto,q_auto,fl_lossy,c_fill,g_auto/fd471be7e55a43cf83fc646ca54029dc_9366/SAMBA_OG_SHOES_Beige_KK2333_00_plp_standard.jpg","{'prices': [{'type': 'original', 'value': 110, 'valueNoVat': 110}], 'isSoldOut': False}",3269,4.8107,True,True
KK3275,SAMBA OG SHOES,Originals,https://www.adidas.com/us/samba-og-shoes/KK3275.html,SAMBAU2312,"['KK3275', 'B75806', 'B75807', 'HP3551', 'HQ4950', 'HQ4951', 'ID1481', 'IE3438', 'IH4388', 'IH4389', 'IH6813', 'IH6815', 'IH6816', 'IH6827', 'IH6828', 'IH6829', 'JR0882', 'JR0910', 'JR0911', 'JS3832', 'KJ2382', 'KJ2788', 'KJ9995', 'KJ9997', 'KK2266', 'KK2267', 'KK2268', 'KK2272', 'KK2273', 'KK2274', 'KK2277', 'KK2278', 'KK2279', 'KK2280', 'KK2329', 'KK2330', 'KK2331', 'KK2332', 'KK2333', 'KK3271', 'KK3273', 'KK3274', 'KZ6720', 'LA3984']","https://assets.adidas.com/images/w_383,h_383,f_auto,q_auto,fl_lossy,c_fill,g_auto/4211394030b6477880dfb89ef2e87378_9366/SAMBA_OG_SHOES_Green_KK3275_00_plp_standard.jpg","{'prices': [{'type': 'original', 'value': 110, 'valueNoVat': 110}], 'isSoldOut': False}",3269,4.8107,True,True
KK3274,SAMBA OG SHOES,Originals,https://www.adidas.com/us/samba-og-shoes/KK3274.html,SAMBAU2312,"['KK3274', 'B75806', 'B75807', 'HP3551', 'HQ4950', 'HQ4951', 'ID1481', 'IE3438', 'IH4388', 'IH4389', 'IH6813', 'IH6815', 'IH6816', 'IH6827', 'IH6828', 'IH6829', 'JR0882', 'JR0910', 'JR0911', 'JS3832', 'KJ2382', 'KJ2788', 'KJ9995', 'KJ9997', 'KK2266', 'KK2267', 'KK2268', 'KK2272', 'KK2273', 'KK2274', 'KK2277', 'KK2278', 'KK2279', 'KK2280', 'KK2329', 'KK2330', 'KK2331', 'KK2332', 'KK2333', 'KK3271', 'KK3273', 'KK3275', 'KZ6720', 'LA3984']","https://assets.adidas.com/images/w_383,h_383,f_auto,q_auto,fl_lossy,c_fill,g_auto/145168edf4394ebda5ef45fc62903dfe_9366/SAMBA_OG_SHOES_Grey_KK3274_00_plp_standard.jpg","{'prices': [{'type': 'original', 'value': 110, 'valueNoVat': 110}], 'isSoldOut': False}",3269,4.8107,True,True
KJ5072,LITE RACER ADAPT 8.0 WIDE SHOES,Men Sportswear,https://www.adidas.com/us/lite-racer-adapt-8.0-wide-shoes/KJ5072.html,OSK83,"['KJ5072', 'KJ5062', 'KJ5067', 'KJ5069', 'KJ5070', 'KJ5071', 'KJ5073', 'KJ5075']","https://assets.adidas.com/images/w_383,h_383,f_auto,q_auto,fl_lossy,c_fill,g_auto/3b4e8221339a475a97f0072fe95f8b2c_9366/LITE_RACER_ADAPT_8.0_WIDE_SHOES_Green_KJ5072_00_plp_standard.jpg","{'prices': [{'type': 'sale', 'value': 49, 'valueNoVat': 49}, {'type': 'original', 'value': 70, 'valueNoVat': 70, 'discountPercentage': -30}], 'isSoldOut': False}",45,4.5333,True,True
KZ6848,Adizero Pacer Shoes,Men Performance,https://www.adidas.com/us/adizero-pacer-shoes/KZ6848.html,ORB66,"['KZ6848', 'KZ6845', 'KZ6846', 'KZ6847', 'KZ6849', 'KZ6850', 'KZ6851']","https://assets.adidas.com/images/w_383,h_383,f_auto,q_auto,fl_lossy,c_fill,g_auto/91633c29e80f4a7b999a46e5a974e1ad_9366/Adizero_Pacer_Shoes_Black_KZ6848_00_plp_standard.jpg","{'prices': [{'type': 'original', 'value': 80, 'valueNoVat': 80}], 'isSoldOut': False}",88,4.5683,True,True
H03472,Campus 00s Shoes,Originals,https://www.adidas.com/us/campus-00s-shoes/H03472.html,CAMPUSU1223,"['H03472', 'H03471', 'H03474', 'HQ8707', 'HQ8708', 'ID1435', 'IH4093', 'IH6724', 'JQ8356', 'JQ8357', 'JR7287', 'JR8163', 'KI0930', 'KI0931', 'KI0932']","https://assets.adidas.com/images/w_383,h_383,f_auto,q_auto,fl_lossy,c_fill,g_auto/9e99f8ca0ad74b82bacbaf8700918cae_9366/Campus_00s_Shoes_Green_H03472_00_plp_standard.jpg","{'prices': [{'type': 'sale', 'value': 77, 'valueNoVat': 77}, {'type': 'original', 'value': 110, 'valueNoVat': 110, 'discountPercentage': -30}], 'isSoldOut': False}",1205,4.7859,True,True
KZ6702,HANDBALL SPEZIAL SHOES,Originals,https://www.adidas.com/us/handball-spezial-shoes/KZ6702.html,BTP23,"['KZ6702', 'BD7632', 'BD7633', 'DB3021', 'IF7086', 'IF7087', 'IG6191', 'IG6192', 'IH6506', 'IH6507', 'IH6508', 'IH6568', 'IH6569', 'IH6586', 'IH6588', 'IH6592', 'IH6594', 'IH6597', 'IH6598', 'IH6617', 'IH6618', 'IH9668', 'IH9672', 'IH9760', 'KH9051', 'KI8580', 'KI8685', 'KI8686', 'KI8687', 'KJ2399', 'KJ2401', 'KJ7413', 'KJ7414', 'KJ7415', 'KJ9876', 'KJ9883', 'KJ9884', 'KJ9956', 'KJ9957', 'KJ9958', 'KJ9962', 'KJ9963', 'KJ9964', 'KJ9968', 'KJ9969', 'KJ9974', 'KJ9975', 'KK1153', 'KK2692', 'KK2693', 'KK2694', 'KK4232', 'KK4242', 'KK4860', 'KK4867', 'KZ6703', 'KZ6704', 'KZ6705', 'KZ6706', 'KZ6707', 'KZ6712']","https://assets.adidas.com/images/w_383,h_383,f_auto,q_auto,fl_lossy,c_fill,g_auto/a0cb817051564b928f72fd5d0d1e849c_9366/HANDBALL_SPEZIAL_SHOES_Brown_KZ6702_00_plp_standard.jpg","{'prices': [{'type': 'original', 'value': 120, 'valueNoVat': 120}], 'isSoldOut': False}",9789,4.8179,True,True
KJ9958,HANDBALL SPEZIAL SHOES,Originals,https://www.adidas.com/us/handball-spezial-shoes/KJ9958.html,BTP23,"['KJ9958', 'BD7632', 'BD7633', 'DB3021', 'IF7086', 'IF7087', 'IG6191', 'IG6192', 'IH6506', 'IH6507', 'IH6508', 'IH6568', 'IH6569', 'IH6586', 'IH6588', 'IH6592', 'IH6594', 'IH6597', 'IH6598', 'IH6617', 'IH6618', 'IH9668', 'IH9672', 'IH9760', 'KH9051', 'KI8580', 'KI8685', 'KI8686', 'KI8687', 'KJ2399', 'KJ2401', 'KJ7413', 'KJ7414', 'KJ7415', 'KJ9876', 'KJ9883', 'KJ9884', 'KJ9956', 'KJ9957', 'KJ9962', 'KJ9963', 'KJ9964', 'KJ9968', 'KJ9969', 'KJ9974', 'KJ9975', 'KK1153', 'KK2692', 'KK2693', 'KK2694', 'KK4232', 'KK4242', 'KK4860', 'KK4867', 'KZ6702', 'KZ6703', 'KZ6704', 'KZ6705', 'KZ6706', 'KZ6707', 'KZ6712']","https://assets.adidas.com/images/w_383,h_383,f_auto,q_auto,fl_lossy,c_fill,g_auto/b2506847f5f04b8db40dba48e21249e4_9366/HANDBALL_SPEZIAL_SHOES_Grey_KJ9958_00_plp_standard.jpg","{'prices': [{'type': 'original', 'value': 110, 'valueNoVat': 110}], 'isSoldOut': False}",9789,4.8179,True,True
KJ5069,LITE RACER ADAPT 8.0 WIDE SHOES,Men Sportswear,https://www.adidas.com/us/lite-racer-adapt-8.0-wide-shoes/KJ5069.html,OSK83,"['KJ5069', 'KJ5062', 'KJ5067', 'KJ5070', 'KJ5071', 'KJ5072', 'KJ5073', 'KJ5075']","https://assets.adidas.com/images/w_383,h_383,f_auto,q_auto,fl_lossy,c_fill,g_auto/74a1f62d890e43e99ca89d01d1673490_9366/LITE_RACER_ADAPT_8.0_WIDE_SHOES_Black_KJ5069_HM1.jpg","{'prices': [{'type': 'original', 'value': 70, 'valueNoVat': 70}], 'isSoldOut': False}",45,4.5333,True,True
KH9704,GAZELLE INDOOR SHOES,Originals,https://www.adidas.com/us/gazelle-indoor-shoes/KH9704.html,OSN43,"['KH9704', 'KH9693', 'KH9695', 'KH9702', 'KI2252', 'KI2253']","https://assets.adidas.com/images/w_383,h_383,f_auto,q_auto,fl_lossy,c_fill,g_auto/043597cffb4c43e394e9d59305a16dbd_9366/GAZELLE_INDOOR_SHOES_Green_KH9704_00_plp_standard.jpg","{'prices': [{'type': 'original', 'value': 120, 'valueNoVat': 120}], 'isSoldOut': False}",17,4.5883,True,True
IH3547,Terrex Anylander Rain.Rdy Hiking Shoes,Men TERREX,https://www.adidas.com/us/terrex-anylander-rain.rdy-hiking-shoes/IH3547.html,NJM58,"['IH3547', 'ID0901', 'ID5487', 'JQ1595', 'JR9087', 'KJ0863']","https://assets.adidas.com/images/w_383,h_383,f_auto,q_auto,fl_lossy,c_fill,g_auto/c6af724565944ce39062a1e32c16e62b_9366/Terrex_Anylander_Rain.Rdy_Hiking_Shoes_Beige_IH3547_00_plp_standard.jpg","{'prices': [{'type': 'sale', 'value': 75, 'valueNoVat': 75}, {'type': 'original', 'value': 85, 'valueNoVat': 85, 'discountPercentage': -10}], 'isSoldOut': False}",449,4.5947,True,True
KJ7414,HANDBALL SPEZIAL SHOES,Originals,https://www.adidas.com/us/handball-spezial-shoes/KJ7414.html,BTP23,"['KJ7414', 'BD7632', 'BD7633', 'DB3021', 'IF7086', 'IF7087', 'IG6191', 'IG6192', 'IH6506', 'IH6507', 'IH6508', 'IH6568', 'IH6569', 'IH6586', 'IH6588', 'IH6592', 'IH6594', 'IH6597', 'IH6598', 'IH6617', 'IH6618', 'IH9668', 'IH9672', 'IH9760', 'KH9051', 'KI8580', 'KI8685', 'KI8686', 'KI8687', 'KJ2399', 'KJ2401', 'KJ7413', 'KJ7415', 'KJ9876', 'KJ9883', 'KJ9884', 'KJ9956', 'KJ9957', 'KJ9958', 'KJ9962', 'KJ9963', 'KJ9964', 'KJ9968', 'KJ9969', 'KJ9974', 'KJ9975', 'KK1153', 'KK2692', 'KK2693', 'KK2694', 'KK4232', 'KK4242', 'KK4860', 'KK4867', 'KZ6702', 'KZ6703', 'KZ6704', 'KZ6705', 'KZ6706', 'KZ6707', 'KZ6712']","https://assets.adidas.com/images/w_383,h_383,f_auto,q_auto,fl_lossy,c_fill,g_auto/c8c614a70423487685f896bb4bd20eff_9366/HANDBALL_SPEZIAL_SHOES_Burgundy_KJ7414_00_plp_standard.jpg","{'prices': [{'type': 'original', 'value': 110, 'valueNoVat': 110}], 'isSoldOut': False}",9789,4.8179,True,True
IH1815,RUNFALCON 6 WIDE Shoes,Men Performance,https://www.adidas.com/us/runfalcon-6-wide-shoes/IH1815.html,OOY33,"['IH1815', 'IH1818']","https://assets.adidas.com/images/w_383,h_383,f_auto,q_auto,fl_lossy,c_fill,g_auto/055e733c230c475d9caaf23153dfa97e_9366/RUNFALCON_6_WIDE_Shoes_Black_IH1815_HM1.jpg","{'prices': [{'type': 'sale', 'value': 39, 'valueNoVat': 39}, {'type': 'original', 'value': 65, 'valueNoVat': 65, 'discountPercentage': -40}], 'isSoldOut': False}",13,4.3078,,True
KI2252,GAZELLE INDOOR SHOES,Originals,https://www.adidas.com/us/gazelle-indoor-shoes/KI2252.html,OSN43,"['KI2252', 'KH9693', 'KH9695', 'KH9702', 'KH9704', 'KI2253']","https://assets.adidas.com/images/w_383,h_383,f_auto,q_auto,fl_lossy,c_fill,g_auto/d5a68cc7a72b40dbacb7436d76ebdc2f_9366/GAZELLE_INDOOR_SHOES_Brown_KI2252_00_plp_standard.jpg","{'prices': [{'type': 'original', 'value': 120, 'valueNoVat': 120}], 'isSoldOut': False}",17,4.5883,True,True
KH9533,GRAND COURT 3.0 SHOES,Men Sportswear,https://www.adidas.com/us/grand-court-3.0-shoes/KH9533.html,OOV70,"['KH9533', 'IH1472', 'IH1473', 'IH1474', 'IH1475', 'IH1476', 'IH1484', 'KH9534']","https://assets.adidas.com/images/w_383,h_383,f_auto,q_auto,fl_lossy,c_fill,g_auto/6cf064366ac645749bec9976dcf815c6_9366/GRAND_COURT_3.0_SHOES_Brown_KH9533_HM1.jpg","{'prices': [{'type': 'sale', 'value': 42, 'valueNoVat': 42}, {'type': 'original', 'value': 70, 'valueNoVat': 70, 'discountPercentage': -40}], 'isSoldOut': False}",162,4.7902,True,True
JQ9953,Terrex Anylander Hiking Shoes,Men TERREX,https://www.adidas.com/us/terrex-anylander-hiking-shoes/JQ9953.html,NJM57,"['JQ9953', 'ID0895', 'JR6598', 'JR6599', 'JR9088', 'KJ0864', 'KJ0865']","https://assets.adidas.com/images/w_383,h_383,f_auto,q_auto,fl_lossy,c_fill,g_auto/4b2b78d674db427493c536d864dc8bcb_9366/Terrex_Anylander_Hiking_Shoes_Brown_JQ9953_HM1.jpg","{'prices': [{'type': 'original', 'value': 75, 'valueNoVat': 75}], 'isSoldOut': False}",1720,4.7164,,True
KZ6720,SAMBA OG SHOES,Men Originals,https://www.adidas.com/us/samba-og-shoes/KZ6720.html,SAMBAU2312,"['KZ6720', 'B75806', 'B75807', 'HP3551', 'HQ4950', 'HQ4951', 'ID1481', 'IE3438', 'IH4388', 'IH4389', 'IH6813', 'IH6815', 'IH6816', 'IH6827', 'IH6828', 'IH6829', 'JR0882', 'JR0910', 'JR0911', 'JS3832', 'KJ2382', 'KJ2788', 'KJ9995', 'KJ9997', 'KK2266', 'KK2267', 'KK2268', 'KK2272', 'KK2273', 'KK2274', 'KK2277', 'KK2278', 'KK2279', 'KK2280', 'KK2329', 'KK2330', 'KK2331', 'KK2332', 'KK2333', 'KK3271', 'KK3273', 'KK3274', 'KK3275', 'LA3984']","https://assets.adidas.com/images/w_383,h_383,f_auto,q_auto,fl_lossy,c_fill,g_auto/e59a7c59883c4f7bbb0239f0c208ea8b_9366/SAMBA_OG_SHOES_Black_KZ6720_00_plp_standard.jpg","{'prices': [{'type': 'original', 'value': 120, 'valueNoVat': 120}], 'isSoldOut': False}",3269,4.8107,,True
KJ8336,Adizero EVO SL Shoes,Men Performance,https://www.adidas.com/us/adizero-evo-sl-shoes/KJ8336.html,NRW94,"['KJ8336', 'JH6206', 'JP7149', 'JR3419', 'JS4487', 'JS4494', 'JS4495', 'KH9575', 'KH9576', 'KH9578', 'KH9579', 'KH9604', 'KH9858', 'KI3381', 'KI3946', 'KI4803', 'KI6923', 'KI9542', 'KI9873', 'KI9874', 'KJ1959', 'KJ9664']","https://assets.adidas.com/images/w_383,h_383,f_auto,q_auto,fl_lossy,c_fill,g_auto/a5a81ff8f6b046099df5904ad9a9c06c_9366/Adizero_EVO_SL_Shoes_Black_KJ8336_00_plp_standard.jpg","{'prices': [{'type': 'original', 'value': 150, 'valueNoVat': 150}], 'isSoldOut': False}",6528,4.7407,True,True
LA3855,TERREX FREEHIKER 3 Low GORE-TEX Hiking Shoes,Men TERREX,https://www.adidas.com/us/terrex-freehiker-3-low-gore-tex-hiking-shoes/LA3855.html,OOZ34,"['LA3855', 'HQ9292', 'KI8275', 'KI8276', 'KI8278']","https://assets.adidas.com/images/w_383,h_383,f_auto,q_auto,fl_lossy,c_fill,g_auto/58ec2570a8b84c17a12a2188675b6b75_9366/TERREX_FREEHIKER_3_Low_GORE-TEX_Hiking_Shoes_Grey_LA3855_00_plp_standard.jpg","{'prices': [{'type': 'original', 'value': 180, 'valueNoVat': 180}], 'isSoldOut': False}",55,4.6546,,True
KJ5075,LITE RACER ADAPT 8.0 WIDE SHOES,Men Sportswear,https://www.adidas.com/us/lite-racer-adapt-8.0-wide-shoes/KJ5075.html,OSK83,"['KJ5075', 'KJ5062', 'KJ5067', 'KJ5069', 'KJ5070', 'KJ5071', 'KJ5072', 'KJ5073']","https://assets.adidas.com/images/w_383,h_383,f_auto,q_auto,fl_lossy,c_fill,g_auto/9bff6fdd002644b38adbfe5f81ab41dc_9366/LITE_RACER_ADAPT_8.0_WIDE_SHOES_Grey_KJ5075_00_plp_standard.jpg","{'prices': [{'type': 'sale', 'value': 49, 'valueNoVat': 49}, {'type': 'original', 'value': 70, 'valueNoVat': 70, 'discountPercentage': -30}], 'isSoldOut': False}",45,4.5333,True,True
IH6100,Response Runner Shoes,Performance,https://www.adidas.com/us/response-runner-shoes/IH6100.html,NJG40,"['IH6100', 'IH6102', 'IH6103', 'IH6106', 'JR8058']","https://assets.adidas.com/images/w_383,h_383,f_auto,q_auto,fl_lossy,c_fill,g_auto/b005c3f3edc34ea188bc22c5c057c700_9366/Response_Runner_Shoes_Black_IH6100_HM1.jpg","{'prices': [{'type': 'sale', 'value': 45, 'valueNoVat': 45}, {'type': 'original', 'value': 50, 'valueNoVat': 50, 'discountPercentage': -10}], 'isSoldOut': False}",267,4.6368,True,True
JR4001,Terrex Eastrail 3 Shoes,Men TERREX,https://www.adidas.com/us/terrex-eastrail-3-shoes/JR4001.html,OPD93,"['JR4001', 'JR4006']","https://assets.adidas.com/images/w_383,h_383,f_auto,q_auto,fl_lossy,c_fill,g_auto/5b93ae94f9464feaa3d6fc59cc1ee429_9366/Terrex_Eastrail_3_Shoes_Black_JR4001_HM1.jpg","{'prices': [{'type': 'original', 'value': 80, 'valueNoVat': 80}], 'isSoldOut': False}",128,4.7266,,True
LA3984,ADIDAS PIXAR TOY STORY SAMBA OG SHOES,Originals,https://www.adidas.com/us/adidas-pixar-toy-story-samba-og-shoes/LA3984.html,SAMBAU2312,"['LA3984', 'B75806', 'B75807', 'HP3551', 'HQ4950', 'HQ4951', 'ID1481', 'IE3438', 'IH4388', 'IH4389', 'IH6813', 'IH6815', 'IH6816', 'IH6827', 'IH6828', 'IH6829', 'JR0882', 'JR0910', 'JR0911', 'JS3832', 'KJ2382', 'KJ2788', 'KJ9995', 'KJ9997', 'KK2266', 'KK2267', 'KK2268', 'KK2272', 'KK2273', 'KK2274', 'KK2277', 'KK2278', 'KK2279', 'KK2280', 'KK2329', 'KK2330', 'KK2331', 'KK2332', 'KK2333', 'KK3271', 'KK3273', 'KK3274', 'KK3275', 'KZ6720']","https://assets.adidas.com/images/w_383,h_383,f_auto,q_auto,fl_lossy,c_fill,g_auto/fba60d946dc34a13a9affb65aab8a50a_9366/ADIDAS_PIXAR_TOY_STORY_SAMBA_OG_SHOES_Blue_LA3984_00_plp_standard.jpg","{'prices': [{'type': 'original', 'value': 110, 'valueNoVat': 110}], 'isSoldOut': False}",3269,4.8107,True,True
JI2060,Gazelle Indoor Shoes,Originals,https://www.adidas.com/us/gazelle-indoor-shoes/JI2060.html,GAZU1223,"['JI2060', 'IH9640', 'IH9641', 'IH9650', 'IH9651', 'IH9654', 'IH9659', 'IH9660', 'IH9661', 'IH9665', 'IH9666', 'IH9675', 'IH9679', 'IH9680', 'JI2061', 'JI2062', 'JI2063']","https://assets.adidas.com/images/w_383,h_383,f_auto,q_auto,fl_lossy,c_fill,g_auto/ed07eaa2dcb94162b59a47fe8099b160_9366/Gazelle_Indoor_Shoes_Black_JI2060_00_plp_standard.jpg","{'prices': [{'type': 'original', 'value': 120, 'valueNoVat': 120}], 'isSoldOut': False}",947,4.8058,True,True
KZ6731,SUPERSTAR II SHOES,Originals,https://www.adidas.com/us/superstar-ii-shoes/KZ6731.html,OPW95,"['KZ6731', 'IH8659', 'IH9317', 'IH9318', 'JI0079', 'JQ3175', 'JR3584', 'JR7313', 'JR7315', 'KH8972', 'KH8973', 'KH9038', 'KI0979', 'KI0981', 'KI2005', 'KJ3276', 'KJ8400', 'KJ9947', 'KK2356', 'KK4722', 'KK4723', 'KK4750', 'KK4751', 'KZ6730']","https://assets.adidas.com/images/w_383,h_383,f_auto,q_auto,fl_lossy,c_fill,g_auto/b4154137b3604e44ad3dcacb2b62b4e3_9366/SUPERSTAR_II_SHOES_White_KZ6731_00_plp_standard.jpg","{'prices': [{'type': 'original', 'value': 130, 'valueNoVat': 130}], 'isSoldOut': False}",1087,4.8114,,True
JR9088,Terrex Anylander Hiking Shoes,Men TERREX,https://www.adidas.com/us/terrex-anylander-hiking-shoes/JR9088.html,NJM57,"['JR9088', 'ID0895', 'JQ9953', 'JR6598', 'JR6599', 'KJ0864', 'KJ0865']","https://assets.adidas.com/images/w_383,h_383,f_auto,q_auto,fl_lossy,c_fill,g_auto/fab63ef4cb134ce3ab0e4fc430040bc4_9366/Terrex_Anylander_Hiking_Shoes_Grey_JR9088_HM1.jpg","{'prices': [{'type': 'sale', 'value': 66, 'valueNoVat': 66}, {'type': 'original', 'value': 75, 'valueNoVat': 75, 'discountPercentage': -10}], 'isSoldOut': False}",1720,4.7164,True,True
KK2331,SAMBA OG SHOES,Originals,https://www.adidas.com/us/samba-og-shoes/KK2331.html,SAMBAU2312,"['KK2331', 'B75806', 'B75807', 'HP3551', 'HQ4950', 'HQ4951', 'ID1481', 'IE3438', 'IH4388', 'IH4389', 'IH6813', 'IH6815', 'IH6816', 'IH6827', 'IH6828', 'IH6829', 'JR0882', 'JR0910', 'JR0911', 'JS3832', 'KJ2382', 'KJ2788', 'KJ9995', 'KJ9997', 'KK2266', 'KK2267', 'KK2268', 'KK2272', 'KK2273', 'KK2274', 'KK2277', 'KK2278', 'KK2279', 'KK2280', 'KK2329', 'KK2330', 'KK2332', 'KK2333', 'KK3271', 'KK3273', 'KK3274', 'KK3275', 'KZ6720', 'LA3984']","https://assets.adidas.com/images/w_383,h_383,f_auto,q_auto,fl_lossy,c_fill,g_auto/bd263f05a13c43059b774142ce6462a3_9366/SAMBA_OG_SHOES_Grey_KK2331_00_plp_standard.jpg","{'prices': [{'type': 'original', 'value': 110, 'valueNoVat': 110}], 'isSoldOut': False}",3269,4.8107,,True
JR5520,Runfalcon 5 Running Shoes,Men Performance,https://www.adidas.com/us/runfalcon-5-running-shoes/JR5520.html,NKE45,"['JR5520', 'IE0525', 'IE8812', 'IE8819', 'IH7757', 'IH7758', 'JI0872', 'JQ6974', 'JQ6976', 'JQ6978', 'JQ6979', 'JQ6980', 'JR5089', 'JR5518', 'JR5521']","https://assets.adidas.com/images/w_383,h_383,f_auto,q_auto,fl_lossy,c_fill,g_auto/87894a4f686e48e5b3030fc32eccd73c_9366/Runfalcon_5_Running_Shoes_White_JR5520_HM1.jpg","{'prices': [{'type': 'sale', 'value': 51, 'valueNoVat': 51}, {'type': 'original', 'value': 60, 'valueNoVat': 60, 'discountPercentage': -15}], 'isSoldOut': False}",5302,4.6415,True,True
KI4763,ADIZERO EVO SL EXO Shoes,Men Performance,https://www.adidas.com/us/adizero-evo-sl-exo-shoes/KI4763.html,SLEXO1,"['KI4763', 'KI4764', 'KJ0422', 'KJ0424', 'KJ0425', 'KJ0428', 'KJ0429', 'KJ0430', 'KJ0431', 'KJ3102', 'LA5900']","https://assets.adidas.com/images/w_383,h_383,f_auto,q_auto,fl_lossy,c_fill,g_auto/c08d879a860f4599ad232fc899a69f36_9366/ADIZERO_EVO_SL_EXO_Shoes_White_KI4763_HM1.jpg","{'prices': [{'type': 'original', 'value': 150, 'valueNoVat': 150}], 'isSoldOut': False}",85,4.6589,True,True
KI9873,Adizero EVO SL Shoes,Men Performance,https://www.adidas.com/us/adizero-evo-sl-shoes/KI9873.html,NRW94,"['KI9873', 'JH6206', 'JP7149', 'JR3419', 'JS4487', 'JS4494', 'JS4495', 'KH9575', 'KH9576', 'KH9578', 'KH9579', 'KH9604', 'KH9858', 'KI3381', 'KI3946', 'KI4803', 'KI6923', 'KI9542', 'KI9874', 'KJ1959', 'KJ8336', 'KJ9664']","https://assets.adidas.com/images/w_383,h_383,f_auto,q_auto,fl_lossy,c_fill,g_auto/05434ab85345437a91586a44291eee29_9366/Adizero_EVO_SL_Shoes_White_KI9873_HM1.jpg","{'prices': [{'type': 'original', 'value': 150, 'valueNoVat': 150}], 'isSoldOut': False}",6528,4.7407,True,True
KI6923,Adizero EVO SL Shoes,Men Performance,https://www.adidas.com/us/adizero-evo-sl-shoes/KI6923.html,NRW94,"['KI6923', 'JH6206', 'JP7149', 'JR3419', 'JS4487', 'JS4494', 'JS4495', 'KH9575', 'KH9576', 'KH9578', 'KH9579', 'KH9604', 'KH9858', 'KI3381', 'KI3946', 'KI4803', 'KI9542', 'KI9873', 'KI9874', 'KJ1959', 'KJ8336', 'KJ9664']","https://assets.adidas.com/images/w_383,h_383,f_auto,q_auto,fl_lossy,c_fill,g_auto/28d50dd729d74543861f5512c2c50429_9366/Adizero_EVO_SL_Shoes_White_KI6923_HM1.jpg","{'prices': [{'type': 'original', 'value': 150, 'valueNoVat': 150}], 'isSoldOut': False}",6528,4.7407,True,True
KJ2399,HANDBALL SPEZIAL SHOES,Originals,https://www.adidas.com/us/handball-spezial-shoes/KJ2399.html,BTP23,"['KJ2399', 'BD7632', 'BD7633', 'DB3021', 'IF7086', 'IF7087', 'IG6191', 'IG6192', 'IH6506', 'IH6507', 'IH6508', 'IH6568', 'IH6569', 'IH6586', 'IH6588', 'IH6592', 'IH6594', 'IH6597', 'IH6598', 'IH6617', 'IH6618', 'IH9668', 'IH9672', 'IH9760', 'KH9051', 'KI8580', 'KI8685', 'KI8686', 'KI8687', 'KJ2401', 'KJ7413', 'KJ7414', 'KJ7415', 'KJ9876', 'KJ9883', 'KJ9884', 'KJ9956', 'KJ9957', 'KJ9958', 'KJ9962', 'KJ9963', 'KJ9964', 'KJ9968', 'KJ9969', 'KJ9974', 'KJ9975', 'KK1153', 'KK2692', 'KK2693', 'KK2694', 'KK4232', 'KK4242', 'KK4860', 'KK4867', 'KZ6702', 'KZ6703', 'KZ6704', 'KZ6705', 'KZ6706', 'KZ6707', 'KZ6712']","https://assets.adidas.com/images/w_383,h_383,f_auto,q_auto,fl_lossy,c_fill,g_auto/c50022fc49df43a1bf631b636e19e281_9366/HANDBALL_SPEZIAL_SHOES_Black_KJ2399_00_plp_standard.jpg","{'prices': [{'type': 'original', 'value': 110, 'valueNoVat': 110}], 'isSoldOut': False}",9789,4.8179,True,True
KK2711,BW ARMY SHOES,Originals,https://www.adidas.com/us/bw-army-shoes/KK2711.html,ORU97,"['KK2711', 'HQ9264', 'HQ9265', 'KH8484', 'KK2713', 'KK2801', 'KK2802', 'KK5026', 'KK5028', 'LA3396', 'LB5654']","https://assets.adidas.com/images/w_383,h_383,f_auto,q_auto,fl_lossy,c_fill,g_auto/1981b18f9eb34513b388e2612256cef8_9366/BW_ARMY_SHOES_Grey_KK2711_00_plp_standard.jpg","{'prices': [{'type': 'original', 'value': 120, 'valueNoVat': 120}], 'isSoldOut': False}",195,4.7282,True,True
KJ0265,SAMBA ADV SHOES,Men Originals,https://www.adidas.com/us/samba-adv-shoes/KJ0265.html,LRW49,"['KJ0265', 'GZ8477', 'HQ5680', 'HQ7541', 'IE3100', 'KI5089', 'KJ0262', 'KJ0263', 'KJ0264']","https://assets.adidas.com/images/w_383,h_383,f_auto,q_auto,fl_lossy,c_fill,g_auto/532f3139f26e4af98371370f7e66573a_9366/SAMBA_ADV_SHOES_Burgundy_KJ0265_00_plp_standard.jpg","{'prices': [{'type': 'original', 'value': 100, 'valueNoVat': 100}], 'isSoldOut': False}",1128,4.7208,True,True
KZ9160,ADISTAR XLG 2.0 SHOES,Originals,https://www.adidas.com/us/adistar-xlg-2.0-shoes/KZ9160.html,ORC52,"['KZ9160', 'HQ7468', 'HQ7551', 'HQ7552', 'HQ7553', 'HQ7554', 'HQ7555', 'KI4505', 'KI4506', 'KJ7895', 'KK2895', 'KK2896', 'KK2899', 'KK2900', 'KZ9011', 'KZ9155', 'LA1813']","https://assets.adidas.com/images/w_383,h_383,f_auto,q_auto,fl_lossy,c_fill,g_auto/8e72720c05614be49fb66a2ca999f73b_9366/ADISTAR_XLG_2.0_SHOES_White_KZ9160_00_plp_standard.jpg","{'prices': [{'type': 'original', 'value': 150, 'valueNoVat': 150}], 'isSoldOut': False}",273,4.7473,True,True
KK2332,SAMBA OG SHOES,Originals,https://www.adidas.com/us/samba-og-shoes/KK2332.html,SAMBAU2312,"['KK2332', 'B75806', 'B75807', 'HP3551', 'HQ4950', 'HQ4951', 'ID1481', 'IE3438', 'IH4388', 'IH4389', 'IH6813', 'IH6815', 'IH6816', 'IH6827', 'IH6828', 'IH6829', 'JR0882', 'JR0910', 'JR0911', 'JS3832', 'KJ2382', 'KJ2788', 'KJ9995', 'KJ9997', 'KK2266', 'KK2267', 'KK2268', 'KK2272', 'KK2273', 'KK2274', 'KK2277', 'KK2278', 'KK2279', 'KK2280', 'KK2329', 'KK2330', 'KK2331', 'KK2333', 'KK3271', 'KK3273', 'KK3274', 'KK3275', 'KZ6720', 'LA3984']","https://assets.adidas.com/images/w_383,h_383,f_auto,q_auto,fl_lossy,c_fill,g_auto/7fc98bceaa5244c5b2d162618943696f_9366/SAMBA_OG_SHOES_Green_KK2332_00_plp_standard.jpg","{'prices': [{'type': 'original', 'value': 110, 'valueNoVat': 110}], 'isSoldOut': False}",3269,4.8107,True,True
IH9494,ZENBOOST Running Shoes,Men Performance,https://www.adidas.com/us/zenboost-running-shoes/IH9494.html,OOY27,"['IH9494', 'HQ9527', 'HQ9528', 'IH9490', 'IH9495']","https://assets.adidas.com/images/w_383,h_383,f_auto,q_auto,fl_lossy,c_fill,g_auto/cf1d74ff9463435b95e9be7eea9e285c_9366/ZENBOOST_Running_Shoes_White_IH9494_00_plp_standard.jpg","{'prices': [{'type': 'original', 'value': 100, 'valueNoVat': 100}], 'isSoldOut': False}",123,4.7968,True,True
KH5566,Runfalcon 6 CLOUDFOAM Running Shoes,Men Performance,https://www.adidas.com/us/runfalcon-6-cloudfoam-running-shoes/KH5566.html,OOY30,"['KH5566', 'IH9526', 'IH9527', 'IH9528', 'IH9530', 'IH9532', 'KH5562', 'KH5563', 'KH5565']","https://assets.adidas.com/images/w_383,h_383,f_auto,q_auto,fl_lossy,c_fill,g_auto/60e68c6b06794b45badbff6a2e5ff19f_9366/Runfalcon_6_CLOUDFOAM_Running_Shoes_Black_KH5566_HM1.jpg","{'prices': [{'type': 'sale', 'value': 49, 'valueNoVat': 49}, {'type': 'original', 'value': 65, 'valueNoVat': 65, 'discountPercentage': -20}], 'isSoldOut': False}",203,4.7144,,True
KK2330,SAMBA OG SHOES,Originals,https://www.adidas.com/us/samba-og-shoes/KK2330.html,SAMBAU2312,"['KK2330', 'B75806', 'B75807', 'HP3551', 'HQ4950', 'HQ4951', 'ID1481', 'IE3438', 'IH4388', 'IH4389', 'IH6813', 'IH6815', 'IH6816', 'IH6827', 'IH6828', 'IH6829', 'JR0882', 'JR0910', 'JR0911', 'JS3832', 'KJ2382', 'KJ2788', 'KJ9995', 'KJ9997', 'KK2266', 'KK2267', 'KK2268', 'KK2272', 'KK2273', 'KK2274', 'KK2277', 'KK2278', 'KK2279', 'KK2280', 'KK2329', 'KK2331', 'KK2332', 'KK2333', 'KK3271', 'KK3273', 'KK3274', 'KK3275', 'KZ6720', 'LA3984']","https://assets.adidas.com/images/w_383,h_383,f_auto,q_auto,fl_lossy,c_fill,g_auto/264f9be298a14c2e9dab12faa949b3fa_9366/SAMBA_OG_SHOES_Black_KK2330_00_plp_standard.jpg","{'prices': [{'type': 'original', 'value': 110, 'valueNoVat': 110}], 'isSoldOut': False}",3269,4.8107,,True
KI6241,ADIDAS ADIPURE SHIFT RUNNING SHOES,Performance,https://www.adidas.com/us/adidas-adipure-shift-running-shoes/KI6241.html,OPC66,"['KI6241', 'KI6235', 'KJ9400', 'KJ9402']","https://assets.adidas.com/images/w_383,h_383,f_auto,q_auto,fl_lossy,c_fill,g_auto/0fd7e7fcafe344e588e60a7a9ff706d6_9366/ADIDAS_ADIPURE_SHIFT_RUNNING_SHOES_Black_KI6241_00_plp_standard.jpg","{'prices': [{'type': 'original', 'value': 80, 'valueNoVat': 80}], 'isSoldOut': False}",83,4.7711,,True
KI4764,ADIZERO EVO SL EXO Shoes,Men Performance,https://www.adidas.com/us/adizero-evo-sl-exo-shoes/KI4764.html,SLEXO1,"['KI4764', 'KI4763', 'KJ0422', 'KJ0424', 'KJ0425', 'KJ0428', 'KJ0429', 'KJ0430', 'KJ0431', 'KJ3102', 'LA5900']","https://assets.adidas.com/images/w_383,h_383,f_auto,q_auto,fl_lossy,c_fill,g_auto/6dc0c0b8f405471bac8b18615543e908_9366/ADIZERO_EVO_SL_EXO_Shoes_Black_KI4764_HM1.jpg","{'prices': [{'type': 'original', 'value': 150, 'valueNoVat': 150}], 'isSoldOut': False}",85,4.6589,True,True
HQ9528,ZENBOOST Running Shoes,Men Performance,https://www.adidas.com/us/zenboost-running-shoes/HQ9528.html,OOY27,"['HQ9528', 'HQ9527', 'IH9490', 'IH9494', 'IH9495']","https://assets.adidas.com/images/w_383,h_383,f_auto,q_auto,fl_lossy,c_fill,g_auto/48df9885ceb94cbb8a957f13f93b4d48_9366/ZENBOOST_Running_Shoes_White_HQ9528_00_plp_standard.jpg","{'prices': [{'type': 'sale', 'value': 70, 'valueNoVat': 70}, {'type': 'original', 'value': 100, 'valueNoVat': 100, 'discountPercentage': -30}], 'isSoldOut': False}",123,4.7968,True,True
JI2062,Gazelle Indoor Shoes,Originals,https://www.adidas.com/us/gazelle-indoor-shoes/JI2062.html,GAZU1223,"['JI2062', 'IH9640', 'IH9641', 'IH9650', 'IH9651', 'IH9654', 'IH9659', 'IH9660', 'IH9661', 'IH9665', 'IH9666', 'IH9675', 'IH9679', 'IH9680', 'JI2060', 'JI2061', 'JI2063']","https://assets.adidas.com/images/w_383,h_383,f_auto,q_auto,fl_lossy,c_fill,g_auto/7da0b76eae8f4e829f79d3b0c4fae408_9366/Gazelle_Indoor_Shoes_Green_JI2062_00_plp_standard.jpg","{'prices': [{'type': 'original', 'value': 120, 'valueNoVat': 120}], 'isSoldOut': False}",947,4.8058,True,True
KI2253,GAZELLE INDOOR SHOES,Originals,https://www.adidas.com/us/gazelle-indoor-shoes/KI2253.html,OSN43,"['KI2253', 'KH9693', 'KH9695', 'KH9702', 'KH9704', 'KI2252']","https://assets.adidas.com/images/w_383,h_383,f_auto,q_auto,fl_lossy,c_fill,g_auto/e1b36a4913dd46aebebcff8d4b11d386_9366/GAZELLE_INDOOR_SHOES_Blue_KI2253_00_plp_standard.jpg","{'prices': [{'type': 'original', 'value': 120, 'valueNoVat': 120}], 'isSoldOut': False}",17,4.5883,True,True
KJ7036,Adizero Adios Pro 4 Shoes,Men Performance,https://www.adidas.com/us/adizero-adios-pro-4-shoes/KJ7036.html,ORN72,"['KJ7036', 'JP6623', 'JP6624', 'JQ9702', 'JR1267', 'JR7410', 'KH7343', 'KI4780', 'KJ0803']","https://assets.adidas.com/images/w_383,h_383,f_auto,q_auto,fl_lossy,c_fill,g_auto/7a6e3393a96e41e69faf8313fb271d1b_9366/Adizero_Adios_Pro_4_Shoes_White_KJ7036_00_plp_standard.jpg","{'prices': [{'type': 'original', 'value': 255, 'valueNoVat': 255}], 'isSoldOut': False}",305,4.7607,,True
JQ6979,Runfalcon 5 Running Shoes,Men Performance,https://www.adidas.com/us/runfalcon-5-running-shoes/JQ6979.html,NKE45,"['JQ6979', 'IE0525', 'IE8812', 'IE8819', 'IH7757', 'IH7758', 'JI0872', 'JQ6974', 'JQ6976', 'JQ6978', 'JQ6980', 'JR5089', 'JR5518', 'JR5520', 'JR5521']","https://assets.adidas.com/images/w_383,h_383,f_auto,q_auto,fl_lossy,c_fill,g_auto/d1d6dcd129a74fe5b5367d6c9c89682c_9366/Runfalcon_5_Running_Shoes_Grey_JQ6979_HM1.jpg","{'prices': [{'type': 'sale', 'value': 54, 'valueNoVat': 54}, {'type': 'original', 'value': 60, 'valueNoVat': 60, 'discountPercentage': -10}], 'isSoldOut': False}",5302,4.6415,True,True
KH7343,ADIZERO ADIOS PRO 4 RUNNING SHOES,Men Performance,https://www.adidas.com/us/adizero-adios-pro-4-running-shoes/KH7343.html,ORN72,"['KH7343', 'JP6623', 'JP6624', 'JQ9702', 'JR1267', 'JR7410', 'KI4780', 'KJ0803', 'KJ7036']","https://assets.adidas.com/images/w_383,h_383,f_auto,q_auto,fl_lossy,c_fill,g_auto/5d9a7b80e52f4142a72cd091ec0f536e_9366/ADIZERO_ADIOS_PRO_4_RUNNING_SHOES_White_KH7343_HM1.jpg","{'prices': [{'type': 'original', 'value': 255, 'valueNoVat': 255}], 'isSoldOut': False}",305,4.7607,,True
JR7287,Campus 00s Shoes,Originals,https://www.adidas.com/us/campus-00s-shoes/JR7287.html,CAMPUSU1223,"['JR7287', 'H03471', 'H03472', 'H03474', 'HQ8707', 'HQ8708', 'ID1435', 'IH4093', 'IH6724', 'JQ8356', 'JQ8357', 'JR8163', 'KI0930', 'KI0931', 'KI0932']","https://assets.adidas.com/images/w_383,h_383,f_auto,q_auto,fl_lossy,c_fill,g_auto/2f1014a969384c09bae2ff9227827594_9366/Campus_00s_Shoes_Black_JR7287_00_plp_standard.jpg","{'prices': [{'type': 'original', 'value': 110, 'valueNoVat': 110}], 'isSoldOut': False}",1205,4.7859,True,True
LB2841,PW Water Moc,Originals,https://www.adidas.com/us/pw-water-moc/LB2841.html,NTL11,"['LB2841', 'LB2842', 'LB2845']","https://assets.adidas.com/images/w_383,h_383,f_auto,q_auto,fl_lossy,c_fill,g_auto/4f8fccfe309b4eb28f3d3d1a92304874_9366/PW_Water_Moc_Black_LB2841_00_plp_standard.jpg","{'prices': [{'type': 'original', 'value': 140, 'valueNoVat': 140}], 'isSoldOut': False}",-99,,,True
IH6102,Response Runner Shoes,Performance,https://www.adidas.com/us/response-runner-shoes/IH6102.html,NJG40,"['IH6102', 'IH6100', 'IH6103', 'IH6106', 'JR8058']","https://assets.adidas.com/images/w_383,h_383,f_auto,q_auto,fl_lossy,c_fill,g_auto/c6fa2add7ad14875827aaef1dd7ec264_9366/Response_Runner_Shoes_Grey_IH6102_00_plp_standard.jpg","{'prices': [{'type': 'sale', 'value': 45, 'valueNoVat': 45}, {'type': 'original', 'value': 50, 'valueNoVat': 50, 'discountPercentage': -10}], 'isSoldOut': False}",267,4.6368,True,True
IE8819,Runfalcon 5 Running Shoes,Men Performance,https://www.adidas.com/us/runfalcon-5-running-shoes/IE8819.html,NKE45,"['IE8819', 'IE0525', 'IE8812', 'IH7757', 'IH7758', 'JI0872', 'JQ6974', 'JQ6976', 'JQ6978', 'JQ6979', 'JQ6980', 'JR5089', 'JR5518', 'JR5520', 'JR5521']","https://assets.adidas.com/images/w_383,h_383,f_auto,q_auto,fl_lossy,c_fill,g_auto/4ae48a5181474be19166ca2d80ad35fa_9366/Runfalcon_5_Running_Shoes_Grey_IE8819_HM1.jpg","{'prices': [{'type': 'sale', 'value': 54, 'valueNoVat': 54}, {'type': 'original', 'value': 60, 'valueNoVat': 60, 'discountPercentage': -10}], 'isSoldOut': False}",5302,4.6415,True,True
JR6599,Terrex Anylander Hiking Shoes,Men TERREX,https://www.adidas.com/us/terrex-anylander-hiking-shoes/JR6599.html,NJM57,"['JR6599', 'ID0895', 'JQ9953', 'JR6598', 'JR9088', 'KJ0864', 'KJ0865']","https://assets.adidas.com/images/w_383,h_383,f_auto,q_auto,fl_lossy,c_fill,g_auto/51ae50f89f2a4f56aff344b266660d50_9366/Terrex_Anylander_Hiking_Shoes_Green_JR6599_HM1.jpg","{'prices': [{'type': 'sale', 'value': 64, 'valueNoVat': 64}, {'type': 'original', 'value': 75, 'valueNoVat': 75, 'discountPercentage': -10}], 'isSoldOut': False}",1720,4.7164,,True
IE7475,Swift Run 1.0 Shoes,Men Sportswear,https://www.adidas.com/us/swift-run-1.0-shoes/IE7475.html,MDM01,"['IE7475', 'IE7476', 'IF0569', 'JQ4127', 'JR6891']","https://assets.adidas.com/images/w_383,h_383,f_auto,q_auto,fl_lossy,c_fill,g_auto/24908e94c80b444bb156a5cc439a1ef4_9366/Swift_Run_1.0_Shoes_White_IE7475_00_plp_standard.jpg","{'prices': [{'type': 'original', 'value': 80, 'valueNoVat': 80}], 'isSoldOut': False}",1229,4.52,True,True
KJ9968,HANDBALL SPEZIAL SHOES,Originals,https://www.adidas.com/us/handball-spezial-shoes/KJ9968.html,BTP23,"['KJ9968', 'BD7632', 'BD7633', 'DB3021', 'IF7086', 'IF7087', 'IG6191', 'IG6192', 'IH6506', 'IH6507', 'IH6508', 'IH6568', 'IH6569', 'IH6586', 'IH6588', 'IH6592', 'IH6594', 'IH6597', 'IH6598', 'IH6617', 'IH6618', 'IH9668', 'IH9672', 'IH9760', 'KH9051', 'KI8580', 'KI8685', 'KI8686', 'KI8687', 'KJ2399', 'KJ2401', 'KJ7413', 'KJ7414', 'KJ7415', 'KJ9876', 'KJ9883', 'KJ9884', 'KJ9956', 'KJ9957', 'KJ9958', 'KJ9962', 'KJ9963', 'KJ9964', 'KJ9969', 'KJ9974', 'KJ9975', 'KK1153', 'KK2692', 'KK2693', 'KK2694', 'KK4232', 'KK4242', 'KK4860', 'KK4867', 'KZ6702', 'KZ6703', 'KZ6704', 'KZ6705', 'KZ6706', 'KZ6707', 'KZ6712']","https://assets.adidas.com/images/w_383,h_383,f_auto,q_auto,fl_lossy,c_fill,g_auto/e3cf24c191df4d2591840f39f11fe3e2_9366/HANDBALL_SPEZIAL_SHOES_Blue_KJ9968_00_plp_standard.jpg","{'prices': [{'type': 'original', 'value': 120, 'valueNoVat': 120}], 'isSoldOut': False}",9789,4.8179,True,True
IH9821,QUESTAR 4 RUNNING SHOES,Men Performance,https://www.adidas.com/us/questar-4-running-shoes/IH9821.html,ONL24,"['IH9821', 'IH9815', 'IH9816', 'IH9820', 'KI7992']","https://assets.adidas.com/images/w_383,h_383,f_auto,q_auto,fl_lossy,c_fill,g_auto/fedbb093d3db476aa1222f9c28cca95c_9366/QUESTAR_4_RUNNING_SHOES_White_IH9821_00_plp_standard.jpg","{'prices': [{'type': 'sale', 'value': 45, 'valueNoVat': 45}, {'type': 'original', 'value': 75, 'valueNoVat': 75, 'discountPercentage': -40}], 'isSoldOut': False}",7,5.0,True,True
JQ6974,Runfalcon 5 Running Shoes,Men Performance,https://www.adidas.com/us/runfalcon-5-running-shoes/JQ6974.html,NKE45,"['JQ6974', 'IE0525', 'IE8812', 'IE8819', 'IH7757', 'IH7758', 'JI0872', 'JQ6976', 'JQ6978', 'JQ6979', 'JQ6980', 'JR5089', 'JR5518', 'JR5520', 'JR5521']","https://assets.adidas.com/images/w_383,h_383,f_auto,q_auto,fl_lossy,c_fill,g_auto/742c6d278b084aeaaac3fefb50343377_9366/Runfalcon_5_Running_Shoes_Blue_JQ6974_00_plp_standard.jpg","{'prices': [{'type': 'original', 'value': 60, 'valueNoVat': 60}], 'isSoldOut': False}",5302,4.6415,,True
IH6103,Response Runner Shoes,Performance,https://www.adidas.com/us/response-runner-shoes/IH6103.html,NJG40,"['IH6103', 'IH6100', 'IH6102', 'IH6106', 'JR8058']","https://assets.adidas.com/images/w_383,h_383,f_auto,q_auto,fl_lossy,c_fill,g_auto/7c1ea122144c43098cb8c61e68d073b8_9366/Response_Runner_Shoes_Blue_IH6103_00_plp_standard.jpg","{'prices': [{'type': 'sale', 'value': 45, 'valueNoVat': 45}, {'type': 'original', 'value': 50, 'valueNoVat': 50, 'discountPercentage': -10}], 'isSoldOut': False}",267,4.6368,True,True
ID0895,Terrex Anylander Hiking Shoes,Men TERREX,https://www.adidas.com/us/terrex-anylander-hiking-shoes/ID0895.html,NJM57,"['ID0895', 'JQ9953', 'JR6598', 'JR6599', 'JR9088', 'KJ0864', 'KJ0865']","https://assets.adidas.com/images/w_383,h_383,f_auto,q_auto,fl_lossy,c_fill,g_auto/ef6c86afe84e4d7c8f3813ae5dc3af41_9366/Terrex_Anylander_Hiking_Shoes_Black_ID0895_HM1.jpg","{'prices': [{'type': 'sale', 'value': 60, 'valueNoVat': 60}, {'type': 'original', 'value': 75, 'valueNoVat': 75, 'discountPercentage': -20}], 'isSoldOut': False}",1720,4.7164,,True
JH6930,Daily 4.0 Shoes,Sportswear,https://www.adidas.com/us/daily-4.0-shoes/JH6930.html,NIZ90,"['JH6930', 'IF4492', 'IF4493', 'IF4494', 'IF4496', 'IF4503', 'IF4504', 'IF4505', 'IH1591', 'JI4352', 'JI4354', 'JI4355', 'KJ4670', 'KJ4671']","https://assets.adidas.com/images/w_383,h_383,f_auto,q_auto,fl_lossy,c_fill,g_auto/1f571f8b239443bcb281cefe559c0768_9366/Daily_4.0_Shoes_Black_JH6930_00_plp_standard.jpg","{'prices': [{'type': 'sale', 'value': 63, 'valueNoVat': 63}, {'type': 'original', 'value': 70, 'valueNoVat': 70, 'discountPercentage': -10}], 'isSoldOut': False}",1339,4.7043,True,True
IH8659,Superstar II Shoes,Originals,https://www.adidas.com/us/superstar-ii-shoes/IH8659.html,OPW95,"['IH8659', 'IH9317', 'IH9318', 'JI0079', 'JQ3175', 'JR3584', 'JR7313', 'JR7315', 'KH8972', 'KH8973', 'KH9038', 'KI0979', 'KI0981', 'KI2005', 'KJ3276', 'KJ8400', 'KJ9947', 'KK2356', 'KK4722', 'KK4723', 'KK4750', 'KK4751', 'KZ6730', 'KZ6731']","https://assets.adidas.com/images/w_383,h_383,f_auto,q_auto,fl_lossy,c_fill,g_auto/4f8937ad7ea843cf98a83415e1124613_9366/Superstar_II_Shoes_White_IH8659_00_plp_standard.jpg","{'prices': [{'type': 'original', 'value': 100, 'valueNoVat': 100}], 'isSoldOut': False}",1087,4.8114,True,True
KH8877,Terrex Anylander Leather Mid Climaproof Hiking Shoes,Men TERREX,https://www.adidas.com/us/terrex-anylander-leather-mid-climaproof-hiking-shoes/KH8877.html,ORY89,"['KH8877', 'KH8875', 'KH8876', 'KH8878']","https://assets.adidas.com/images/w_383,h_383,f_auto,q_auto,fl_lossy,c_fill,g_auto/3415b7bc238843b08a77d32501516a2c_9366/Terrex_Anylander_Leather_Mid_Climaproof_Hiking_Shoes_Green_KH8877_00_plp_standard.jpg","{'prices': [{'type': 'sale', 'value': 99, 'valueNoVat': 99}, {'type': 'original', 'value': 110, 'valueNoVat': 110, 'discountPercentage': -10}], 'isSoldOut': False}",41,4.7805,True,True
KZ9155,ADISTAR XLG 2.0 SHOES,Originals,https://www.adidas.com/us/adistar-xlg-2.0-shoes/KZ9155.html,ORC52,"['KZ9155', 'HQ7468', 'HQ7551', 'HQ7552', 'HQ7553', 'HQ7554', 'HQ7555', 'KI4505', 'KI4506', 'KJ7895', 'KK2895', 'KK2896', 'KK2899', 'KK2900', 'KZ9011', 'KZ9160', 'LA1813']","https://assets.adidas.com/images/w_383,h_383,f_auto,q_auto,fl_lossy,c_fill,g_auto/19472df0c9ad4e8cb5b374603e310468_9366/ADISTAR_XLG_2.0_SHOES_Black_KZ9155_00_plp_standard.jpg","{'prices': [{'type': 'sale', 'value': 105, 'valueNoVat': 105}, {'type': 'original', 'value': 150, 'valueNoVat': 150, 'discountPercentage': -30}], 'isSoldOut': False}",273,4.7473,True,True
KI9874,Adizero EVO SL Shoes,Men Performance,https://www.adidas.com/us/adizero-evo-sl-shoes/KI9874.html,NRW94,"['KI9874', 'JH6206', 'JP7149', 'JR3419', 'JS4487', 'JS4494', 'JS4495', 'KH9575', 'KH9576', 'KH9578', 'KH9579', 'KH9604', 'KH9858', 'KI3381', 'KI3946', 'KI4803', 'KI6923', 'KI9542', 'KI9873', 'KJ1959', 'KJ8336', 'KJ9664']","https://assets.adidas.com/images/w_383,h_383,f_auto,q_auto,fl_lossy,c_fill,g_auto/74ff2a680e2b48de84c391ed4e73b868_9366/Adizero_EVO_SL_Shoes_Grey_KI9874_HM1.jpg","{'prices': [{'type': 'original', 'value': 150, 'valueNoVat': 150}], 'isSoldOut': False}",6528,4.7407,True,True
KJ7415,HANDBALL SPEZIAL SHOES,Originals,https://www.adidas.com/us/handball-spezial-shoes/KJ7415.html,BTP23,"['KJ7415', 'BD7632', 'BD7633', 'DB3021', 'IF7086', 'IF7087', 'IG6191', 'IG6192', 'IH6506', 'IH6507', 'IH6508', 'IH6568', 'IH6569', 'IH6586', 'IH6588', 'IH6592', 'IH6594', 'IH6597', 'IH6598', 'IH6617', 'IH6618', 'IH9668', 'IH9672', 'IH9760', 'KH9051', 'KI8580', 'KI8685', 'KI8686', 'KI8687', 'KJ2399', 'KJ2401', 'KJ7413', 'KJ7414', 'KJ9876', 'KJ9883', 'KJ9884', 'KJ9956', 'KJ9957', 'KJ9958', 'KJ9962', 'KJ9963', 'KJ9964', 'KJ9968', 'KJ9969', 'KJ9974', 'KJ9975', 'KK1153', 'KK2692', 'KK2693', 'KK2694', 'KK4232', 'KK4242', 'KK4860', 'KK4867', 'KZ6702', 'KZ6703', 'KZ6704', 'KZ6705', 'KZ6706', 'KZ6707', 'KZ6712']","https://assets.adidas.com/images/w_383,h_383,f_auto,q_auto,fl_lossy,c_fill,g_auto/4d0803a604904b70b75c9d3b6853101e_9366/HANDBALL_SPEZIAL_SHOES_Yellow_KJ7415_00_plp_standard.jpg","{'prices': [{'type': 'original', 'value': 110, 'valueNoVat': 110}], 'isSoldOut': False}",9789,4.8179,True,True
KI0358,HYPERBOOST EDGE Running Shoes,Men Performance,https://www.adidas.com/us/hyperboost-edge-running-shoes/KI0358.html,OQQ28,"['KI0358', 'KH8128', 'KI1911', 'KI1912', 'KI1913', 'KI4392', 'KI4393', 'KI4398', 'KI4401', 'KI4402', 'KI4413', 'KK0288', 'KK0289', 'KZ9958']","https://assets.adidas.com/images/w_383,h_383,f_auto,q_auto,fl_lossy,c_fill,g_auto/26bd1115e93c4c84a73cd845031c2d1d_9366/HYPERBOOST_EDGE_Running_Shoes_Black_KI0358_HM51.jpg","{'prices': [{'type': 'original', 'value': 200, 'valueNoVat': 200}], 'isSoldOut': False}",661,4.6566,True,True
IH9450,HYPERBOOST GTX M Shoes,Men Performance,https://www.adidas.com/us/hyperboost-gtx-m-shoes/IH9450.html,OOY24,"['IH9450', 'IH9451', 'KK2021']","https://assets.adidas.com/images/w_383,h_383,f_auto,q_auto,fl_lossy,c_fill,g_auto/bbb941c17b1e4812a92973eef229f1c8_9366/HYPERBOOST_GTX_M_Shoes_Black_IH9450_00_plp_standard.jpg","{'prices': [{'type': 'original', 'value': 200, 'valueNoVat': 200}], 'isSoldOut': False}",-99,,True,True
KH5562,Runfalcon 6 CLOUDFOAM Running Shoes,Men Performance,https://www.adidas.com/us/runfalcon-6-cloudfoam-running-shoes/KH5562.html,OOY30,"['KH5562', 'IH9526', 'IH9527', 'IH9528', 'IH9530', 'IH9532', 'KH5563', 'KH5565', 'KH5566']","https://assets.adidas.com/images/w_383,h_383,f_auto,q_auto,fl_lossy,c_fill,g_auto/bd40605b502c463d82871044976d152a_9366/Runfalcon_6_CLOUDFOAM_Running_Shoes_White_KH5562_00_plp_standard.jpg","{'prices': [{'type': 'sale', 'value': 46, 'valueNoVat': 46}, {'type': 'original', 'value': 65, 'valueNoVat': 65, 'discountPercentage': -25}], 'isSoldOut': False}",203,4.7144,,True
JR7190,Kaptir 4.0 Shoes,Men Sportswear,https://www.adidas.com/us/kaptir-4.0-shoes/JR7190.html,NNU49,"['JR7190', 'JR8480', 'JR8527', 'JR8529']","https://assets.adidas.com/images/w_383,h_383,f_auto,q_auto,fl_lossy,c_fill,g_auto/0e8b011df7804e21a2b4d90d7bf97f34_9366/Kaptir_4.0_Shoes_Black_JR7190_00_plp_standard.jpg","{'prices': [{'type': 'sale', 'value': 77, 'valueNoVat': 77}, {'type': 'original', 'value': 90, 'valueNoVat': 90, 'discountPercentage': -10}], 'isSoldOut': False}",266,4.6918,True,True
IF4493,Daily 4.0 Shoes,Men Sportswear,https://www.adidas.com/us/daily-4.0-shoes/IF4493.html,NIZ90,"['IF4493', 'IF4492', 'IF4494', 'IF4496', 'IF4503', 'IF4504', 'IF4505', 'IH1591', 'JH6930', 'JI4352', 'JI4354', 'JI4355', 'KJ4670', 'KJ4671']","https://assets.adidas.com/images/w_383,h_383,f_auto,q_auto,fl_lossy,c_fill,g_auto/60d846e58b7f439a8c3d7e775aa67978_9366/Daily_4.0_Shoes_Grey_IF4493_HM1.jpg","{'prices': [{'type': 'original', 'value': 65, 'valueNoVat': 65}], 'isSoldOut': False}",1339,4.7043,True,True
KK3273,SAMBA OG SHOES,Originals,https://www.adidas.com/us/samba-og-shoes/KK3273.html,SAMBAU2312,"['KK3273', 'B75806', 'B75807', 'HP3551', 'HQ4950', 'HQ4951', 'ID1481', 'IE3438', 'IH4388', 'IH4389', 'IH6813', 'IH6815', 'IH6816', 'IH6827', 'IH6828', 'IH6829', 'JR0882', 'JR0910', 'JR0911', 'JS3832', 'KJ2382', 'KJ2788', 'KJ9995', 'KJ9997', 'KK2266', 'KK2267', 'KK2268', 'KK2272', 'KK2273', 'KK2274', 'KK2277', 'KK2278', 'KK2279', 'KK2280', 'KK2329', 'KK2330', 'KK2331', 'KK2332', 'KK2333', 'KK3271', 'KK3274', 'KK3275', 'KZ6720', 'LA3984']","https://assets.adidas.com/images/w_383,h_383,f_auto,q_auto,fl_lossy,c_fill,g_auto/053b879be081462686b4acd1da1a7a64_9366/SAMBA_OG_SHOES_Brown_KK3273_00_plp_standard.jpg","{'prices': [{'type': 'original', 'value': 110, 'valueNoVat': 110}], 'isSoldOut': False}",3269,4.8107,True,True
KJ5070,LITE RACER ADAPT 8.0 WIDE SHOES,Men Sportswear,https://www.adidas.com/us/lite-racer-adapt-8.0-wide-shoes/KJ5070.html,OSK83,"['KJ5070', 'KJ5062', 'KJ5067', 'KJ5069', 'KJ5071', 'KJ5072', 'KJ5073', 'KJ5075']","https://assets.adidas.com/images/w_383,h_383,f_auto,q_auto,fl_lossy,c_fill,g_auto/e1fab06ad7eb42c2a275d19a8db527f9_9366/LITE_RACER_ADAPT_8.0_WIDE_SHOES_Blue_KJ5070_00_plp_standard.jpg","{'prices': [{'type': 'original', 'value': 70, 'valueNoVat': 70}], 'isSoldOut': False}",45,4.5333,True,True
KZ6568,Tennessee Volunteers Climacool Laced Shoes,Sportswear,https://www.adidas.com/us/tennessee-volunteers-climacool-laced-shoes/KZ6568.html,ORO67,"['KZ6568', 'KZ9918']","https://assets.adidas.com/images/w_383,h_383,f_auto,q_auto,fl_lossy,c_fill,g_auto/d51ddeb4972145e994140c76b189b0fe_9366/Tennessee_Volunteers_Climacool_Laced_Shoes_White_KZ6568_00_plp_standard.jpg","{'prices': [{'type': 'original', 'value': 170, 'valueNoVat': 170}], 'isSoldOut': False}",-99,,,True
KK2692,HANDBALL SPEZIAL SHOES,Originals,https://www.adidas.com/us/handball-spezial-shoes/KK2692.html,BTP23,"['KK2692', 'BD7632', 'BD7633', 'DB3021', 'IF7086', 'IF7087', 'IG6191', 'IG6192', 'IH6506', 'IH6507', 'IH6508', 'IH6568', 'IH6569', 'IH6586', 'IH6588', 'IH6592', 'IH6594', 'IH6597', 'IH6598', 'IH6617', 'IH6618', 'IH9668', 'IH9672', 'IH9760', 'KH9051', 'KI8580', 'KI8685', 'KI8686', 'KI8687', 'KJ2399', 'KJ2401', 'KJ7413', 'KJ7414', 'KJ7415', 'KJ9876', 'KJ9883', 'KJ9884', 'KJ9956', 'KJ9957', 'KJ9958', 'KJ9962', 'KJ9963', 'KJ9964', 'KJ9968', 'KJ9969', 'KJ9974', 'KJ9975', 'KK1153', 'KK2693', 'KK2694', 'KK4232', 'KK4242', 'KK4860', 'KK4867', 'KZ6702', 'KZ6703', 'KZ6704', 'KZ6705', 'KZ6706', 'KZ6707', 'KZ6712']","https://assets.adidas.com/images/w_383,h_383,f_auto,q_auto,fl_lossy,c_fill,g_auto/4668d9a09e2f45d5afd79c6ac9fc407c_9366/HANDBALL_SPEZIAL_SHOES_Brown_KK2692_00_plp_standard.jpg","{'prices': [{'type': 'original', 'value': 110, 'valueNoVat': 110}], 'isSoldOut': False}",9789,4.8179,True,True
JR4944,Galaxy 7 Running Shoes,Men Performance,https://www.adidas.com/us/galaxy-7-running-shoes/JR4944.html,NKX11,"['JR4944', 'ID8754', 'ID8757', 'ID8760', 'JP6600', 'JQ2620', 'JQ2626', 'JQ3323']","https://assets.adidas.com/images/w_383,h_383,f_auto,q_auto,fl_lossy,c_fill,g_auto/98a20146e2fb411e9d72fec770bafea8_9366/Galaxy_7_Running_Shoes_Blue_JR4944_HM1.jpg","{'prices': [{'type': 'sale', 'value': 54, 'valueNoVat': 54}, {'type': 'original', 'value': 60, 'valueNoVat': 60, 'discountPercentage': -10}], 'isSoldOut': False}",3513,4.6678,True,True
IE7476,Swift Run 1.0 Shoes,Men Sportswear,https://www.adidas.com/us/swift-run-1.0-shoes/IE7476.html,MDM01,"['IE7476', 'IE7475', 'IF0569', 'JQ4127', 'JR6891']","https://assets.adidas.com/images/w_383,h_383,f_auto,q_auto,fl_lossy,c_fill,g_auto/4dc9c07ee90e464b942b2bd1fa73cb5b_9366/Swift_Run_1.0_Shoes_Black_IE7476_00_plp_standard.jpg","{'prices': [{'type': 'original', 'value': 80, 'valueNoVat': 80}], 'isSoldOut': False}",1229,4.52,True,True
KZ6850,Adizero Pacer Shoes,Men Performance,https://www.adidas.com/us/adizero-pacer-shoes/KZ6850.html,ORB66,"['KZ6850', 'KZ6845', 'KZ6846', 'KZ6847', 'KZ6848', 'KZ6849', 'KZ6851']","https://assets.adidas.com/images/w_383,h_383,f_auto,q_auto,fl_lossy,c_fill,g_auto/8af22f0220c249ab97a795aeddece145_9366/Adizero_Pacer_Shoes_Grey_KZ6850_00_plp_standard.jpg","{'prices': [{'type': 'original', 'value': 80, 'valueNoVat': 80}], 'isSoldOut': False}",88,4.5683,True,True
IH9490,ZENBOOST Running Shoes,Men Performance,https://www.adidas.com/us/zenboost-running-shoes/IH9490.html,OOY27,"['IH9490', 'HQ9527', 'HQ9528', 'IH9494', 'IH9495']","https://assets.adidas.com/images/w_383,h_383,f_auto,q_auto,fl_lossy,c_fill,g_auto/53311e80fa1648cbbf9bec8813668d4b_9366/ZENBOOST_Running_Shoes_Black_IH9490_00_plp_standard.jpg","{'prices': [{'type': 'original', 'value': 100, 'valueNoVat': 100}], 'isSoldOut': False}",123,4.7968,True,True
ID0898,Terrex Anylander Mid Rain.Rdy Hiking Shoes,Men TERREX,https://www.adidas.com/us/terrex-anylander-mid-rain.rdy-hiking-shoes/ID0898.html,NJM59,"['ID0898', 'IH3554', 'JQ9963', 'JR6594']","https://assets.adidas.com/images/w_383,h_383,f_auto,q_auto,fl_lossy,c_fill,g_auto/1ac52269aa534f6e907f57c1b45c40ef_9366/Terrex_Anylander_Mid_Rain.Rdy_Hiking_Shoes_Black_ID0898_HM1.jpg","{'prices': [{'type': 'original', 'value': 100, 'valueNoVat': 100}], 'isSoldOut': False}",1185,4.6591,,True
KH6421,Purechill,Sportswear,https://www.adidas.com/us/purechill/KH6421.html,OSF28,"['KH6421', 'KH6422', 'KH6423', 'KH6424', 'KH6425', 'KH6427', 'KH6673', 'KH6696', 'KH6698', 'KI0065', 'KI0066', 'KI0067', 'KI0073', 'KI0074', 'KI0075']","https://assets.adidas.com/images/w_383,h_383,f_auto,q_auto,fl_lossy,c_fill,g_auto/9dab33d4a61a478e915dba7e09ce8fff_9366/Purechill_Black_KH6421_00_plp_standard.jpg","{'prices': [{'type': 'sale', 'value': 53, 'valueNoVat': 53}, {'type': 'original', 'value': 75, 'valueNoVat': 75, 'discountPercentage': -25}], 'isSoldOut': False}",1245,4.6274,True,True
KH9578,Adizero EVO SL Shoes,Men Performance,https://www.adidas.com/us/adizero-evo-sl-shoes/KH9578.html,NRW94,"['KH9578', 'JH6206', 'JP7149', 'JR3419', 'JS4487', 'JS4494', 'JS4495', 'KH9575', 'KH9576', 'KH9579', 'KH9604', 'KH9858', 'KI3381', 'KI3946', 'KI4803', 'KI6923', 'KI9542', 'KI9873', 'KI9874', 'KJ1959', 'KJ8336', 'KJ9664']","https://assets.adidas.com/images/w_383,h_383,f_auto,q_auto,fl_lossy,c_fill,g_auto/363f688cf0ee443e8c0983f6005a137c_9366/Adizero_EVO_SL_Shoes_Brown_KH9578_00_plp_standard.jpg","{'prices': [{'type': 'original', 'value': 150, 'valueNoVat': 150}], 'isSoldOut': False}",6528,4.7407,True,True
KI4780,ADIZERO ADIOS PRO 4 RUNNING SHOES,Men Performance,https://www.adidas.com/us/adizero-adios-pro-4-running-shoes/KI4780.html,ORN72,"['KI4780', 'JP6623', 'JP6624', 'JQ9702', 'JR1267', 'JR7410', 'KH7343', 'KJ0803', 'KJ7036']","https://assets.adidas.com/images/w_383,h_383,f_auto,q_auto,fl_lossy,c_fill,g_auto/e67ad5496b0f4b90875a3dc969275418_9366/ADIZERO_ADIOS_PRO_4_RUNNING_SHOES_Orange_KI4780_HM1.jpg","{'prices': [{'type': 'original', 'value': 255, 'valueNoVat': 255}], 'isSoldOut': False}",305,4.7607,,True
IH9495,ZENBOOST Running Shoes,Men Performance,https://www.adidas.com/us/zenboost-running-shoes/IH9495.html,OOY27,"['IH9495', 'HQ9527', 'HQ9528', 'IH9490', 'IH9494']","https://assets.adidas.com/images/w_383,h_383,f_auto,q_auto,fl_lossy,c_fill,g_auto/9ef163bf22c748db8c9e7065cb01363c_9366/ZENBOOST_Running_Shoes_White_IH9495_00_plp_standard.jpg","{'prices': [{'type': 'sale', 'value': 70, 'valueNoVat': 70}, {'type': 'original', 'value': 100, 'valueNoVat': 100, 'discountPercentage': -30}], 'isSoldOut': False}",123,4.7968,True,True
KI4505,ADISTAR XLG 2.0 SHOES,Originals,https://www.adidas.com/us/adistar-xlg-2.0-shoes/KI4505.html,ORC52,"['KI4505', 'HQ7468', 'HQ7551', 'HQ7552', 'HQ7553', 'HQ7554', 'HQ7555', 'KI4506', 'KJ7895', 'KK2895', 'KK2896', 'KK2899', 'KK2900', 'KZ9011', 'KZ9155', 'KZ9160', 'LA1813']","https://assets.adidas.com/images/w_383,h_383,f_auto,q_auto,fl_lossy,c_fill,g_auto/928e0507b8614ec2ab2d3c3d8826f527_9366/ADISTAR_XLG_2.0_SHOES_Blue_KI4505_00_plp_standard.jpg","{'prices': [{'type': 'sale', 'value': 105, 'valueNoVat': 105}, {'type': 'original', 'value': 150, 'valueNoVat': 150, 'discountPercentage': -30}], 'isSoldOut': False}",273,4.7473,True,True
KJ0430,ADIZERO EVO SL EXO Shoes,Men Performance,https://www.adidas.com/us/adizero-evo-sl-exo-shoes/KJ0430.html,SLEXO1,"['KJ0430', 'KI4763', 'KI4764', 'KJ0422', 'KJ0424', 'KJ0425', 'KJ0428', 'KJ0429', 'KJ0431', 'KJ3102', 'LA5900']","https://assets.adidas.com/images/w_383,h_383,f_auto,q_auto,fl_lossy,c_fill,g_auto/898b548eb88e4e1dace43e8accf1ff36_9366/ADIZERO_EVO_SL_EXO_Shoes_White_KJ0430_HM1.jpg","{'prices': [{'type': 'original', 'value': 150, 'valueNoVat': 150}], 'isSoldOut': False}",85,4.6589,True,True
IE0525,Runfalcon 5 Running Shoes,Men Performance,https://www.adidas.com/us/runfalcon-5-running-shoes/IE0525.html,NKE45,"['IE0525', 'IE8812', 'IE8819', 'IH7757', 'IH7758', 'JI0872', 'JQ6974', 'JQ6976', 'JQ6978', 'JQ6979', 'JQ6980', 'JR5089', 'JR5518', 'JR5520', 'JR5521']","https://assets.adidas.com/images/w_383,h_383,f_auto,q_auto,fl_lossy,c_fill,g_auto/0009bf78f3d448d99dcfe824c5f4f415_9366/Runfalcon_5_Running_Shoes_Green_IE0525_HM1.jpg","{'prices': [{'type': 'sale', 'value': 48, 'valueNoVat': 48}, {'type': 'original', 'value': 60, 'valueNoVat': 60, 'discountPercentage': -20}], 'isSoldOut': False}",5302,4.6415,True,True
KI5699,Adizero Adios 9 Running Shoes,Men Performance,https://www.adidas.com/us/adizero-adios-9-running-shoes/KI5699.html,NKL80,"['KI5699', 'KH8894']","https://assets.adidas.com/images/w_383,h_383,f_auto,q_auto,fl_lossy,c_fill,g_auto/f36893fdcd794da788f4d569604df320_9366/Adizero_Adios_9_Running_Shoes_Pink_KI5699_HM1.jpg","{'prices': [{'type': 'original', 'value': 140, 'valueNoVat': 140}], 'isSoldOut': False}",184,4.7229,,True
JQ1595,Terrex Anylander Rain.Rdy Hiking Shoes,Men TERREX,https://www.adidas.com/us/terrex-anylander-rain.rdy-hiking-shoes/JQ1595.html,NJM58,"['JQ1595', 'ID0901', 'ID5487', 'IH3547', 'JR9087', 'KJ0863']","https://assets.adidas.com/images/w_383,h_383,f_auto,q_auto,fl_lossy,c_fill,g_auto/9279171def5449c1a69407ca086e105a_9366/Terrex_Anylander_Rain.Rdy_Hiking_Shoes_Green_JQ1595_00_plp_standard.jpg","{'prices': [{'type': 'sale', 'value': 75, 'valueNoVat': 75}, {'type': 'original', 'value': 85, 'valueNoVat': 85, 'discountPercentage': -10}], 'isSoldOut': False}",449,4.5947,True,True
KJ5062,LITE RACER ADAPT 8.0 WIDE SHOES,Men Sportswear,https://www.adidas.com/us/lite-racer-adapt-8.0-wide-shoes/KJ5062.html,OSK83,"['KJ5062', 'KJ5067', 'KJ5069', 'KJ5070', 'KJ5071', 'KJ5072', 'KJ5073', 'KJ5075']","https://assets.adidas.com/images/w_383,h_383,f_auto,q_auto,fl_lossy,c_fill,g_auto/526b23fda9704652b7951dbc6ab5d975_9366/LITE_RACER_ADAPT_8.0_WIDE_SHOES_Black_KJ5062_00_plp_standard.jpg","{'prices': [{'type': 'original', 'value': 70, 'valueNoVat': 70}], 'isSoldOut': False}",45,4.5333,True,True
JP6600,Galaxy 7 Running Shoes,Men Performance,https://www.adidas.com/us/galaxy-7-running-shoes/JP6600.html,NKX11,"['JP6600', 'ID8754', 'ID8757', 'ID8760', 'JQ2620', 'JQ2626', 'JQ3323', 'JR4944']","https://assets.adidas.com/images/w_383,h_383,f_auto,q_auto,fl_lossy,c_fill,g_auto/d0a2d10960904e1bbc332e6272e7ea74_9366/Galaxy_7_Running_Shoes_White_JP6600_HM1.jpg","{'prices': [{'type': 'sale', 'value': 51, 'valueNoVat': 51}, {'type': 'original', 'value': 60, 'valueNoVat': 60, 'discountPercentage': -15}], 'isSoldOut': False}",3513,4.6678,True,True
JR8529,Kaptir 4.0 Shoes,Men Sportswear,https://www.adidas.com/us/kaptir-4.0-shoes/JR8529.html,NNU49,"['JR8529', 'JR7190', 'JR8480', 'JR8527']","https://assets.adidas.com/images/w_383,h_383,f_auto,q_auto,fl_lossy,c_fill,g_auto/8622074cd54640a990a1add1df7f541a_9366/Kaptir_4.0_Shoes_Grey_JR8529_00_plp_standard.jpg","{'prices': [{'type': 'sale', 'value': 63, 'valueNoVat': 63}, {'type': 'original', 'value': 90, 'valueNoVat': 90, 'discountPercentage': -30}], 'isSoldOut': False}",266,4.6918,True,True
JR5518,Runfalcon 5 Running Shoes,Men Performance,https://www.adidas.com/us/runfalcon-5-running-shoes/JR5518.html,NKE45,"['JR5518', 'IE0525', 'IE8812', 'IE8819', 'IH7757', 'IH7758', 'JI0872', 'JQ6974', 'JQ6976', 'JQ6978', 'JQ6979', 'JQ6980', 'JR5089', 'JR5520', 'JR5521']","https://assets.adidas.com/images/w_383,h_383,f_auto,q_auto,fl_lossy,c_fill,g_auto/a3994920d5b74160a24d3bb4ce75e47e_9366/Runfalcon_5_Running_Shoes_White_JR5518_00_plp_standard.jpg","{'prices': [{'type': 'original', 'value': 60, 'valueNoVat': 60}], 'isSoldOut': False}",5302,4.6415,,True
KJ0264,SAMBA ADV SHOES,Men Originals,https://www.adidas.com/us/samba-adv-shoes/KJ0264.html,LRW49,"['KJ0264', 'GZ8477', 'HQ5680', 'HQ7541', 'IE3100', 'KI5089', 'KJ0262', 'KJ0263', 'KJ0265']","https://assets.adidas.com/images/w_383,h_383,f_auto,q_auto,fl_lossy,c_fill,g_auto/8c8eff4f115a4591a3c7168f73a4ed36_9366/SAMBA_ADV_SHOES_Black_KJ0264_00_plp_standard.jpg","{'prices': [{'type': 'original', 'value': 100, 'valueNoVat': 100}], 'isSoldOut': False}",1128,4.7208,True,True
KJ0429,ADIZERO EVO SL EXO Shoes,Men Performance,https://www.adidas.com/us/adizero-evo-sl-exo-shoes/KJ0429.html,SLEXO1,"['KJ0429', 'KI4763', 'KI4764', 'KJ0422', 'KJ0424', 'KJ0425', 'KJ0428', 'KJ0430', 'KJ0431', 'KJ3102', 'LA5900']","https://assets.adidas.com/images/w_383,h_383,f_auto,q_auto,fl_lossy,c_fill,g_auto/59dd2662d4494b06981e44e02e7c4c42_9366/ADIZERO_EVO_SL_EXO_Shoes_Beige_KJ0429_00_plp_standard.jpg","{'prices': [{'type': 'original', 'value': 150, 'valueNoVat': 150}], 'isSoldOut': False}",85,4.6589,True,True
KJ9962,HANDBALL SPEZIAL SHOES,Men Originals,https://www.adidas.com/us/handball-spezial-shoes/KJ9962.html,BTP23,"['KJ9962', 'BD7632', 'BD7633', 'DB3021', 'IF7086', 'IF7087', 'IG6191', 'IG6192', 'IH6506', 'IH6507', 'IH6508', 'IH6568', 'IH6569', 'IH6586', 'IH6588', 'IH6592', 'IH6594', 'IH6597', 'IH6598', 'IH6617', 'IH6618', 'IH9668', 'IH9672', 'IH9760', 'KH9051', 'KI8580', 'KI8685', 'KI8686', 'KI8687', 'KJ2399', 'KJ2401', 'KJ7413', 'KJ7414', 'KJ7415', 'KJ9876', 'KJ9883', 'KJ9884', 'KJ9956', 'KJ9957', 'KJ9958', 'KJ9963', 'KJ9964', 'KJ9968', 'KJ9969', 'KJ9974', 'KJ9975', 'KK1153', 'KK2692', 'KK2693', 'KK2694', 'KK4232', 'KK4242', 'KK4860', 'KK4867', 'KZ6702', 'KZ6703', 'KZ6704', 'KZ6705', 'KZ6706', 'KZ6707', 'KZ6712']","https://assets.adidas.com/images/w_383,h_383,f_auto,q_auto,fl_lossy,c_fill,g_auto/4daf176a8dc145abab366d7a4e855c86_9366/HANDBALL_SPEZIAL_SHOES_Brown_KJ9962_00_plp_standard.jpg","{'prices': [{'type': 'original', 'value': 120, 'valueNoVat': 120}], 'isSoldOut': False}",9789,4.8179,,True
KH9576,Adizero EVO SL Shoes,Men Performance,https://www.adidas.com/us/adizero-evo-sl-shoes/KH9576.html,NRW94,"['KH9576', 'JH6206', 'JP7149', 'JR3419', 'JS4487', 'JS4494', 'JS4495', 'KH9575', 'KH9578', 'KH9579', 'KH9604', 'KH9858', 'KI3381', 'KI3946', 'KI4803', 'KI6923', 'KI9542', 'KI9873', 'KI9874', 'KJ1959', 'KJ8336', 'KJ9664']","https://assets.adidas.com/images/w_383,h_383,f_auto,q_auto,fl_lossy,c_fill,g_auto/f1b3cf61748d49758101dc2be55c72ff_9366/Adizero_EVO_SL_Shoes_Beige_KH9576_00_plp_standard.jpg","{'prices': [{'type': 'original', 'value': 150, 'valueNoVat': 150}], 'isSoldOut': False}",6528,4.7407,True,True
KZ6849,Adizero Pacer Shoes,Men Performance,https://www.adidas.com/us/adizero-pacer-shoes/KZ6849.html,ORB66,"['KZ6849', 'KZ6845', 'KZ6846', 'KZ6847', 'KZ6848', 'KZ6850', 'KZ6851']","https://assets.adidas.com/images/w_383,h_383,f_auto,q_auto,fl_lossy,c_fill,g_auto/2143f70aba0c4725bc48ad9c72ccd333_9366/Adizero_Pacer_Shoes_Black_KZ6849_00_plp_standard.jpg","{'prices': [{'type': 'original', 'value': 80, 'valueNoVat': 80}], 'isSoldOut': False}",88,4.5683,True,True
KK2266,SAMBA OG SHOES,Originals,https://www.adidas.com/us/samba-og-shoes/KK2266.html,SAMBAU2312,"['KK2266', 'B75806', 'B75807', 'HP3551', 'HQ4950', 'HQ4951', 'ID1481', 'IE3438', 'IH4388', 'IH4389', 'IH6813', 'IH6815', 'IH6816', 'IH6827', 'IH6828', 'IH6829', 'JR0882', 'JR0910', 'JR0911', 'JS3832', 'KJ2382', 'KJ2788', 'KJ9995', 'KJ9997', 'KK2267', 'KK2268', 'KK2272', 'KK2273', 'KK2274', 'KK2277', 'KK2278', 'KK2279', 'KK2280', 'KK2329', 'KK2330', 'KK2331', 'KK2332', 'KK2333', 'KK3271', 'KK3273', 'KK3274', 'KK3275', 'KZ6720', 'LA3984']","https://assets.adidas.com/images/w_383,h_383,f_auto,q_auto,fl_lossy,c_fill,g_auto/9271a90c0d6e4d6a87b6d3bc596035a2_9366/SAMBA_OG_SHOES_White_KK2266_00_plp_standard.jpg","{'prices': [{'type': 'original', 'value': 110, 'valueNoVat': 110}], 'isSoldOut': False}",3269,4.8107,True,True
KK2021,HYPERBOOST GTX M Shoes,Men Performance,https://www.adidas.com/us/hyperboost-gtx-m-shoes/KK2021.html,OOY24,"['KK2021', 'IH9450', 'IH9451']","https://assets.adidas.com/images/w_383,h_383,f_auto,q_auto,fl_lossy,c_fill,g_auto/09a14c99e06d44fba69b017ad5ccf318_9366/HYPERBOOST_GTX_M_Shoes_Blue_KK2021_00_plp_standard.jpg","{'prices': [{'type': 'original', 'value': 200, 'valueNoVat': 200}], 'isSoldOut': False}",-99,,,True
JI0079,Superstar II Shoes,Originals,https://www.adidas.com/us/superstar-ii-shoes/JI0079.html,OPW95,"['JI0079', 'IH8659', 'IH9317', 'IH9318', 'JQ3175', 'JR3584', 'JR7313', 'JR7315', 'KH8972', 'KH8973', 'KH9038', 'KI0979', 'KI0981', 'KI2005', 'KJ3276', 'KJ8400', 'KJ9947', 'KK2356', 'KK4722', 'KK4723', 'KK4750', 'KK4751', 'KZ6730', 'KZ6731']","https://assets.adidas.com/images/w_383,h_383,f_auto,q_auto,fl_lossy,c_fill,g_auto/ae9587cb634b4113b94a264aa874e125_9366/Superstar_II_Shoes_Black_JI0079_00_plp_standard.jpg","{'prices': [{'type': 'original', 'value': 100, 'valueNoVat': 100}], 'isSoldOut': False}",1087,4.8114,True,True
KI7725,BUSENITZ VINTAGE Shoes,Men Originals,https://www.adidas.com/us/busenitz-vintage-shoes/KI7725.html,OSP90,"['KI7725', 'KI7714', 'KJ5479']","https://assets.adidas.com/images/w_383,h_383,f_auto,q_auto,fl_lossy,c_fill,g_auto/4da897fbbe6b430aa46384f8ab1808f8_9366/BUSENITZ_VINTAGE_Shoes_Blue_KI7725_00_plp_standard.jpg","{'prices': [{'type': 'original', 'value': 85, 'valueNoVat': 85}], 'isSoldOut': False}",80,4.7,True,True
JR5521,Runfalcon 5 Running Shoes,Men Performance,https://www.adidas.com/us/runfalcon-5-running-shoes/JR5521.html,NKE45,"['JR5521', 'IE0525', 'IE8812', 'IE8819', 'IH7757', 'IH7758', 'JI0872', 'JQ6974', 'JQ6976', 'JQ6978', 'JQ6979', 'JQ6980', 'JR5089', 'JR5518', 'JR5520']","https://assets.adidas.com/images/w_383,h_383,f_auto,q_auto,fl_lossy,c_fill,g_auto/ba55bad8208146b38ee3acc5a4329dd2_9366/Runfalcon_5_Running_Shoes_Blue_JR5521_00_plp_standard.jpg","{'prices': [{'type': 'sale', 'value': 54, 'valueNoVat': 54}, {'type': 'original', 'value': 60, 'valueNoVat': 60, 'discountPercentage': -10}], 'isSoldOut': False}",5302,4.6415,True,True
KK0288,HYPERBOOST EDGE Running Shoes,Men Performance,https://www.adidas.com/us/hyperboost-edge-running-shoes/KK0288.html,OQQ28,"['KK0288', 'KH8128', 'KI0358', 'KI1911', 'KI1912', 'KI1913', 'KI4392', 'KI4393', 'KI4398', 'KI4401', 'KI4402', 'KI4413', 'KK0289', 'KZ9958']","https://assets.adidas.com/images/w_383,h_383,f_auto,q_auto,fl_lossy,c_fill,g_auto/c0bb80e2f1e74521be191282def2b8d8_9366/HYPERBOOST_EDGE_Running_Shoes_White_KK0288_HM51.jpg","{'prices': [{'type': 'original', 'value': 200, 'valueNoVat': 200}], 'isSoldOut': False}",661,4.6566,True,True
KK2278,SAMBA OG SHOES,Men Originals,https://www.adidas.com/us/samba-og-shoes/KK2278.html,SAMBAU2312,"['KK2278', 'B75806', 'B75807', 'HP3551', 'HQ4950', 'HQ4951', 'ID1481', 'IE3438', 'IH4388', 'IH4389', 'IH6813', 'IH6815', 'IH6816', 'IH6827', 'IH6828', 'IH6829', 'JR0882', 'JR0910', 'JR0911', 'JS3832', 'KJ2382', 'KJ2788', 'KJ9995', 'KJ9997', 'KK2266', 'KK2267', 'KK2268', 'KK2272', 'KK2273', 'KK2274', 'KK2277', 'KK2279', 'KK2280', 'KK2329', 'KK2330', 'KK2331', 'KK2332', 'KK2333', 'KK3271', 'KK3273', 'KK3274', 'KK3275', 'KZ6720', 'LA3984']","https://assets.adidas.com/images/w_383,h_383,f_auto,q_auto,fl_lossy,c_fill,g_auto/a23b0ce5b6de48fc9cdeb196c3892a2f_9366/SAMBA_OG_SHOES_Grey_KK2278_00_plp_standard.jpg","{'prices': [{'type': 'original', 'value': 110, 'valueNoVat': 110}], 'isSoldOut': False}",3269,4.8107,,True
JI2061,Gazelle Indoor Shoes,Originals,https://www.adidas.com/us/gazelle-indoor-shoes/JI2061.html,GAZU1223,"['JI2061', 'IH9640', 'IH9641', 'IH9650', 'IH9651', 'IH9654', 'IH9659', 'IH9660', 'IH9661', 'IH9665', 'IH9666', 'IH9675', 'IH9679', 'IH9680', 'JI2060', 'JI2062', 'JI2063']","https://assets.adidas.com/images/w_383,h_383,f_auto,q_auto,fl_lossy,c_fill,g_auto/450e7d2236504bbaad0b00e5c90810f7_9366/Gazelle_Indoor_Shoes_Blue_JI2061_00_plp_standard.jpg","{'prices': [{'type': 'original', 'value': 120, 'valueNoVat': 120}], 'isSoldOut': False}",947,4.8058,True,True
KJ0270,GAZELLE ADV Shoes,Originals,https://www.adidas.com/us/gazelle-adv-shoes/KJ0270.html,KZC10,"['KJ0270', 'KI3205', 'KI3206', 'KI3208', 'KJ0269', 'KJ0271', 'KK0262']","https://assets.adidas.com/images/w_383,h_383,f_auto,q_auto,fl_lossy,c_fill,g_auto/59f6bd92477f461fa6a6357d96ee2db2_9366/GAZELLE_ADV_Shoes_Grey_KJ0270_00_plp_standard.jpg","{'prices': [{'type': 'original', 'value': 100, 'valueNoVat': 100}], 'isSoldOut': False}",773,4.6508,True,True
KJ9957,HANDBALL SPEZIAL SHOES,Originals,https://www.adidas.com/us/handball-spezial-shoes/KJ9957.html,BTP23,"['KJ9957', 'BD7632', 'BD7633', 'DB3021', 'IF7086', 'IF7087', 'IG6191', 'IG6192', 'IH6506', 'IH6507', 'IH6508', 'IH6568', 'IH6569', 'IH6586', 'IH6588', 'IH6592', 'IH6594', 'IH6597', 'IH6598', 'IH6617', 'IH6618', 'IH9668', 'IH9672', 'IH9760', 'KH9051', 'KI8580', 'KI8685', 'KI8686', 'KI8687', 'KJ2399', 'KJ2401', 'KJ7413', 'KJ7414', 'KJ7415', 'KJ9876', 'KJ9883', 'KJ9884', 'KJ9956', 'KJ9958', 'KJ9962', 'KJ9963', 'KJ9964', 'KJ9968', 'KJ9969', 'KJ9974', 'KJ9975', 'KK1153', 'KK2692', 'KK2693', 'KK2694', 'KK4232', 'KK4242', 'KK4860', 'KK4867', 'KZ6702', 'KZ6703', 'KZ6704', 'KZ6705', 'KZ6706', 'KZ6707', 'KZ6712']","https://assets.adidas.com/images/w_383,h_383,f_auto,q_auto,fl_lossy,c_fill,g_auto/55bea2cde7ec459abfd9dd6fb10d853c_9366/HANDBALL_SPEZIAL_SHOES_Brown_KJ9957_00_plp_standard.jpg","{'prices': [{'type': 'original', 'value': 110, 'valueNoVat': 110}], 'isSoldOut': False}",9789,4.8179,True,True
LB2842,PW Water Moc,Originals,https://www.adidas.com/us/pw-water-moc/LB2842.html,NTL11,"['LB2842', 'LB2841', 'LB2845']","https://assets.adidas.com/images/w_383,h_383,f_auto,q_auto,fl_lossy,c_fill,g_auto/00f26c6dc72f45b7b655c3cf613843be_9366/PW_Water_Moc_Yellow_LB2842_00_plp_standard.jpg","{'prices': [{'type': 'original', 'value': 140, 'valueNoVat': 140}], 'isSoldOut': False}",-99,,,True
KJ5113,SUPERSTAR ADV Shoes,Men Originals,https://www.adidas.com/us/superstar-adv-shoes/KJ5113.html,OSH19,"['KJ5113', 'GW6930', 'GW6931', 'KI5141', 'KI5142', 'KJ5112', 'KJ5118', 'KJ5120', 'KZ8893']","https://assets.adidas.com/images/w_383,h_383,f_auto,q_auto,fl_lossy,c_fill,g_auto/75d1fcce98724713b8062f8c3a4b1991_9366/SUPERSTAR_ADV_Shoes_Blue_KJ5113_00_plp_standard.jpg","{'prices': [{'type': 'original', 'value': 100, 'valueNoVat': 100}], 'isSoldOut': False}",154,4.8247,,True
KI1610,HARDEN VOLUME 10 Shoes,Performance,https://www.adidas.com/us/harden-volume-10-shoes/KI1610.html,OMP59,"['KI1610', 'JQ9422', 'JQ9453', 'JR1598', 'JR1602', 'KH9153', 'KI1604', 'KI1605', 'KI1608', 'KJ1454']","https://assets.adidas.com/images/w_383,h_383,f_auto,q_auto,fl_lossy,c_fill,g_auto/6961ec98997e458f87ba4bb63ebddfdf_9366/HARDEN_VOLUME_10_Shoes_Black_KI1610_00_plp_standard.jpg","{'prices': [{'type': 'original', 'value': 160, 'valueNoVat': 160}], 'isSoldOut': False}",252,4.7104,True,True
JQ6978,Runfalcon 5 Running Shoes,Men Performance,https://www.adidas.com/us/runfalcon-5-running-shoes/JQ6978.html,NKE45,"['JQ6978', 'IE0525', 'IE8812', 'IE8819', 'IH7757', 'IH7758', 'JI0872', 'JQ6974', 'JQ6976', 'JQ6979', 'JQ6980', 'JR5089', 'JR5518', 'JR5520', 'JR5521']","https://assets.adidas.com/images/w_383,h_383,f_auto,q_auto,fl_lossy,c_fill,g_auto/6a68f086746244a3bc01a1c576db99ce_9366/Runfalcon_5_Running_Shoes_Grey_JQ6978_HM1.jpg","{'prices': [{'type': 'sale', 'value': 51, 'valueNoVat': 51}, {'type': 'original', 'value': 60, 'valueNoVat': 60, 'discountPercentage': -15}], 'isSoldOut': False}",5302,4.6415,True,True
KJ9956,HANDBALL SPEZIAL SHOES,Originals,https://www.adidas.com/us/handball-spezial-shoes/KJ9956.html,BTP23,"['KJ9956', 'BD7632', 'BD7633', 'DB3021', 'IF7086', 'IF7087', 'IG6191', 'IG6192', 'IH6506', 'IH6507', 'IH6508', 'IH6568', 'IH6569', 'IH6586', 'IH6588', 'IH6592', 'IH6594', 'IH6597', 'IH6598', 'IH6617', 'IH6618', 'IH9668', 'IH9672', 'IH9760', 'KH9051', 'KI8580', 'KI8685', 'KI8686', 'KI8687', 'KJ2399', 'KJ2401', 'KJ7413', 'KJ7414', 'KJ7415', 'KJ9876', 'KJ9883', 'KJ9884', 'KJ9957', 'KJ9958', 'KJ9962', 'KJ9963', 'KJ9964', 'KJ9968', 'KJ9969', 'KJ9974', 'KJ9975', 'KK1153', 'KK2692', 'KK2693', 'KK2694', 'KK4232', 'KK4242', 'KK4860', 'KK4867', 'KZ6702', 'KZ6703', 'KZ6704', 'KZ6705', 'KZ6706', 'KZ6707', 'KZ6712']","https://assets.adidas.com/images/w_383,h_383,f_auto,q_auto,fl_lossy,c_fill,g_auto/c4573a2a6d6849fab9ea3db12d963905_9366/HANDBALL_SPEZIAL_SHOES_Green_KJ9956_00_plp_standard.jpg","{'prices': [{'type': 'original', 'value': 110, 'valueNoVat': 110}], 'isSoldOut': False}",9789,4.8179,True,True
KJ0192,TYSHAWN Shoes,Men Originals,https://www.adidas.com/us/tyshawn-shoes/KJ0192.html,LEA73A,"['KJ0192', 'JQ1134', 'JR9498', 'KJ0194', 'KJ5406']","https://assets.adidas.com/images/w_383,h_383,f_auto,q_auto,fl_lossy,c_fill,g_auto/5b4f348a35e846b4bf186668038cc5f5_9366/TYSHAWN_Shoes_White_KJ0192_00_plp_standard.jpg","{'prices': [{'type': 'original', 'value': 85, 'valueNoVat': 85}], 'isSoldOut': False}",547,4.6563,,True
KH9693,GAZELLE INDOOR SHOES,Originals,https://www.adidas.com/us/gazelle-indoor-shoes/KH9693.html,OSN43,"['KH9693', 'KH9695', 'KH9702', 'KH9704', 'KI2252', 'KI2253']","https://assets.adidas.com/images/w_383,h_383,f_auto,q_auto,fl_lossy,c_fill,g_auto/730c4dbea5a248139a99471e7d58cb94_9366/GAZELLE_INDOOR_SHOES_White_KH9693_00_plp_standard.jpg","{'prices': [{'type': 'original', 'value': 120, 'valueNoVat': 120}], 'isSoldOut': False}",17,4.5883,True,True
JQ6980,Runfalcon 5 Running Shoes,Men Performance,https://www.adidas.com/us/runfalcon-5-running-shoes/JQ6980.html,NKE45,"['JQ6980', 'IE0525', 'IE8812', 'IE8819', 'IH7757', 'IH7758', 'JI0872', 'JQ6974', 'JQ6976', 'JQ6978', 'JQ6979', 'JR5089', 'JR5518', 'JR5520', 'JR5521']","https://assets.adidas.com/images/w_383,h_383,f_auto,q_auto,fl_lossy,c_fill,g_auto/bad6222fba92481eba4a71353439b300_9366/Runfalcon_5_Running_Shoes_Yellow_JQ6980_00_plp_standard.jpg","{'prices': [{'type': 'sale', 'value': 54, 'valueNoVat': 54}, {'type': 'original', 'value': 60, 'valueNoVat': 60, 'discountPercentage': -10}], 'isSoldOut': False}",5302,4.6415,True,True
KJ9400,ADIDAS ADIPURE SHIFT RUNNING SHOES,Performance,https://www.adidas.com/us/adidas-adipure-shift-running-shoes/KJ9400.html,OPC66,"['KJ9400', 'KI6235', 'KI6241', 'KJ9402']","https://assets.adidas.com/images/w_383,h_383,f_auto,q_auto,fl_lossy,c_fill,g_auto/9cefcb529fa34eb098c52162f8e53787_9366/ADIDAS_ADIPURE_SHIFT_RUNNING_SHOES_White_KJ9400_00_plp_standard.jpg","{'prices': [{'type': 'original', 'value': 80, 'valueNoVat': 80}], 'isSoldOut': False}",83,4.7711,,True
JI0872,Runfalcon 5 Running Shoes,Men Performance,https://www.adidas.com/us/runfalcon-5-running-shoes/JI0872.html,NKE45,"['JI0872', 'IE0525', 'IE8812', 'IE8819', 'IH7757', 'IH7758', 'JQ6974', 'JQ6976', 'JQ6978', 'JQ6979', 'JQ6980', 'JR5089', 'JR5518', 'JR5520', 'JR5521']","https://assets.adidas.com/images/w_383,h_383,f_auto,q_auto,fl_lossy,c_fill,g_auto/b8d325e4f9be42c983f40376dac1d826_9366/Runfalcon_5_Running_Shoes_White_JI0872_00_plp_standard.jpg","{'prices': [{'type': 'sale', 'value': 45, 'valueNoVat': 45}, {'type': 'original', 'value': 60, 'valueNoVat': 60, 'discountPercentage': -25}], 'isSoldOut': False}",5302,4.6415,,True
IF4494,Daily 4.0 Shoes,Men Sportswear,https://www.adidas.com/us/daily-4.0-shoes/IF4494.html,NIZ90,"['IF4494', 'IF4492', 'IF4493', 'IF4496', 'IF4503', 'IF4504', 'IF4505', 'IH1591', 'JH6930', 'JI4352', 'JI4354', 'JI4355', 'KJ4670', 'KJ4671']","https://assets.adidas.com/images/w_383,h_383,f_auto,q_auto,fl_lossy,c_fill,g_auto/2c59d3b8f0b3402fa4515f8822dee3f4_9366/Daily_4.0_Shoes_Green_IF4494_00_plp_standard.jpg","{'prices': [{'type': 'original', 'value': 65, 'valueNoVat': 65}], 'isSoldOut': False}",1339,4.7043,True,True
JQ3323,Galaxy 7 Running Shoes,Men Performance,https://www.adidas.com/us/galaxy-7-running-shoes/JQ3323.html,NKX11,"['JQ3323', 'ID8754', 'ID8757', 'ID8760', 'JP6600', 'JQ2620', 'JQ2626', 'JR4944']","https://assets.adidas.com/images/w_383,h_383,f_auto,q_auto,fl_lossy,c_fill,g_auto/27a003f8babf45048b7dc8e8eb3c1b9a_9366/Galaxy_7_Running_Shoes_White_JQ3323_HM1.jpg","{'prices': [{'type': 'sale', 'value': 54, 'valueNoVat': 54}, {'type': 'original', 'value': 60, 'valueNoVat': 60, 'discountPercentage': -10}], 'isSoldOut': False}",3513,4.6678,True,True
JQ6957,Runfalcon 5 TR Running Shoes,Men Performance,https://www.adidas.com/us/runfalcon-5-tr-running-shoes/JQ6957.html,NRW66,"['JQ6957', 'JI4084', 'JQ6958', 'JQ6959']","https://assets.adidas.com/images/w_383,h_383,f_auto,q_auto,fl_lossy,c_fill,g_auto/7f4bba39d7fb4a16aafdd3f78dd5e53d_9366/Runfalcon_5_TR_Running_Shoes_Blue_JQ6957_00_plp_standard.jpg","{'prices': [{'type': 'sale', 'value': 63, 'valueNoVat': 63}, {'type': 'original', 'value': 70, 'valueNoVat': 70, 'discountPercentage': -10}], 'isSoldOut': False}",646,4.579,True,True
KJ0865,Terrex Anylander Hiking Shoes,Men TERREX,https://www.adidas.com/us/terrex-anylander-hiking-shoes/KJ0865.html,NJM57,"['KJ0865', 'ID0895', 'JQ9953', 'JR6598', 'JR6599', 'JR9088', 'KJ0864']","https://assets.adidas.com/images/w_383,h_383,f_auto,q_auto,fl_lossy,c_fill,g_auto/d93219788e2d46eda2f177713da7b601_9366/Terrex_Anylander_Hiking_Shoes_Black_KJ0865_HM1.jpg","{'prices': [{'type': 'original', 'value': 75, 'valueNoVat': 75}], 'isSoldOut': False}",1720,4.7164,,True
KK2801,BW ARMY SHOES,Originals,https://www.adidas.com/us/bw-army-shoes/KK2801.html,ORU97,"['KK2801', 'HQ9264', 'HQ9265', 'KH8484', 'KK2711', 'KK2713', 'KK2802', 'KK5026', 'KK5028', 'LA3396', 'LB5654']","https://assets.adidas.com/images/w_383,h_383,f_auto,q_auto,fl_lossy,c_fill,g_auto/c2037bcaaa5b4b57900b2bc5a7c1a08f_9366/BW_ARMY_SHOES_White_KK2801_00_plp_standard.jpg","{'prices': [{'type': 'original', 'value': 120, 'valueNoVat': 120}], 'isSoldOut': False}",195,4.7282,,True
IH1475,GRAND COURT 3.0 SHOES,Men Sportswear,https://www.adidas.com/us/grand-court-3.0-shoes/IH1475.html,OOV70,"['IH1475', 'IH1472', 'IH1473', 'IH1474', 'IH1476', 'IH1484', 'KH9533', 'KH9534']","https://assets.adidas.com/images/w_383,h_383,f_auto,q_auto,fl_lossy,c_fill,g_auto/67cfc3c4c53a4f2f8d74da4ab4a02cb1_9366/GRAND_COURT_3.0_SHOES_White_IH1475_HM1.jpg","{'prices': [{'type': 'original', 'value': 70, 'valueNoVat': 70}], 'isSoldOut': False}",162,4.7902,True,True
KJ3874,TERREX FREEHIKER 3 Ultra GORE-TEX Hiking Shoes,Men TERREX,https://www.adidas.com/us/terrex-freehiker-3-ultra-gore-tex-hiking-shoes/KJ3874.html,OOZ41,"['KJ3874', 'HP3481', 'KH9896', 'KI8263']","https://assets.adidas.com/images/w_383,h_383,f_auto,q_auto,fl_lossy,c_fill,g_auto/3e3845ff57234545a6964eb94c3de505_9366/TERREX_FREEHIKER_3_Ultra_GORE-TEX_Hiking_Shoes_Green_KJ3874_00_plp_standard.jpg","{'prices': [{'type': 'original', 'value': 220, 'valueNoVat': 220}], 'isSoldOut': False}",54,4.7223,,True
JQ2620,Galaxy 7 Running Shoes,Men Performance,https://www.adidas.com/us/galaxy-7-running-shoes/JQ2620.html,NKX11,"['JQ2620', 'ID8754', 'ID8757', 'ID8760', 'JP6600', 'JQ2626', 'JQ3323', 'JR4944']","https://assets.adidas.com/images/w_383,h_383,f_auto,q_auto,fl_lossy,c_fill,g_auto/8a79c5717ef441b5898acf6fb5f80625_9366/Galaxy_7_Running_Shoes_White_JQ2620_HM1.jpg","{'prices': [{'type': 'sale', 'value': 54, 'valueNoVat': 54}, {'type': 'original', 'value': 60, 'valueNoVat': 60, 'discountPercentage': -10}], 'isSoldOut': False}",3513,4.6678,True,True
KK2899,ADISTAR XLG 2.0 SHOES,Originals,https://www.adidas.com/us/adistar-xlg-2.0-shoes/KK2899.html,ORC52,"['KK2899', 'HQ7468', 'HQ7551', 'HQ7552', 'HQ7553', 'HQ7554', 'HQ7555', 'KI4505', 'KI4506', 'KJ7895', 'KK2895', 'KK2896', 'KK2900', 'KZ9011', 'KZ9155', 'KZ9160', 'LA1813']","https://assets.adidas.com/images/w_383,h_383,f_auto,q_auto,fl_lossy,c_fill,g_auto/49b813ba09204d67b927ab4030a3e38a_9366/ADISTAR_XLG_2.0_SHOES_Black_KK2899_00_plp_standard.jpg","{'prices': [{'type': 'original', 'value': 150, 'valueNoVat': 150}], 'isSoldOut': False}",273,4.7473,True,True
KZ8893,SUPERSTAR ADV Shoes,Men Originals,https://www.adidas.com/us/superstar-adv-shoes/KZ8893.html,OSH19,"['KZ8893', 'GW6930', 'GW6931', 'KI5141', 'KI5142', 'KJ5112', 'KJ5113', 'KJ5118', 'KJ5120']","https://assets.adidas.com/images/w_383,h_383,f_auto,q_auto,fl_lossy,c_fill,g_auto/c0f4595c2c314f96bb66f35d836670a0_9366/SUPERSTAR_ADV_Shoes_Black_KZ8893_00_plp_standard.jpg","{'prices': [{'type': 'original', 'value': 100, 'valueNoVat': 100}], 'isSoldOut': False}",154,4.8247,True,True
LA5900,ADIZERO EVO SL EXO Shoes,Men Performance,https://www.adidas.com/us/adizero-evo-sl-exo-shoes/LA5900.html,SLEXO1,"['LA5900', 'KI4763', 'KI4764', 'KJ0422', 'KJ0424', 'KJ0425', 'KJ0428', 'KJ0429', 'KJ0430', 'KJ0431', 'KJ3102']","https://assets.adidas.com/images/w_383,h_383,f_auto,q_auto,fl_lossy,c_fill,g_auto/383c1cb703694935996b01104a592d59_9366/ADIZERO_EVO_SL_EXO_Shoes_White_LA5900_00_plp_standard.jpg","{'prices': [{'type': 'original', 'value': 150, 'valueNoVat': 150}], 'isSoldOut': False}",85,4.6589,,True
IH1472,GRAND COURT 3.0 SHOES,Men Sportswear,https://www.adidas.com/us/grand-court-3.0-shoes/IH1472.html,OOV70,"['IH1472', 'IH1473', 'IH1474', 'IH1475', 'IH1476', 'IH1484', 'KH9533', 'KH9534']","https://assets.adidas.com/images/w_383,h_383,f_auto,q_auto,fl_lossy,c_fill,g_auto/a44dcc1915ec4c22a496abc14527f216_9366/GRAND_COURT_3.0_SHOES_White_IH1472_HM1.jpg","{'prices': [{'type': 'original', 'value': 70, 'valueNoVat': 70}], 'isSoldOut': False}",162,4.7902,True,True
KJ0269,GAZELLE ADV Shoes,Originals,https://www.adidas.com/us/gazelle-adv-shoes/KJ0269.html,KZC10,"['KJ0269', 'KI3205', 'KI3206', 'KI3208', 'KJ0270', 'KJ0271', 'KK0262']","https://assets.adidas.com/images/w_383,h_383,f_auto,q_auto,fl_lossy,c_fill,g_auto/c546dbaf5a3941849c8d615be6e40381_9366/GAZELLE_ADV_Shoes_Green_KJ0269_00_plp_standard.jpg","{'prices': [{'type': 'original', 'value': 100, 'valueNoVat': 100}], 'isSoldOut': False}",773,4.6508,True,True
KJ0263,SAMBA ADV Shoes,Men Originals,https://www.adidas.com/us/samba-adv-shoes/KJ0263.html,LRW49,"['KJ0263', 'GZ8477', 'HQ5680', 'HQ7541', 'IE3100', 'KI5089', 'KJ0262', 'KJ0264', 'KJ0265']","https://assets.adidas.com/images/w_383,h_383,f_auto,q_auto,fl_lossy,c_fill,g_auto/5aa09341155c4de086fb818dd72e6ac9_9366/SAMBA_ADV_Shoes_Brown_KJ0263_00_plp_standard.jpg","{'prices': [{'type': 'original', 'value': 100, 'valueNoVat': 100}], 'isSoldOut': False}",1128,4.7208,,True
KZ8507,HYPERBOOST EPHR LT SHOES,Originals,https://www.adidas.com/us/hyperboost-ephr-lt-shoes/KZ8507.html,ORV74,"['KZ8507', 'KZ8509', 'KZ8511']","https://assets.adidas.com/images/w_383,h_383,f_auto,q_auto,fl_lossy,c_fill,g_auto/7c17320d27fe438db6591731e8bfa75c_9366/HYPERBOOST_EPHR_LT_SHOES_Yellow_KZ8507_HM1.jpg","{'prices': [{'type': 'original', 'value': 150, 'valueNoVat': 150}], 'isSoldOut': False}",68,4.6324,,True
JI4352,Daily 4.0 Shoes,Sportswear,https://www.adidas.com/us/daily-4.0-shoes/JI4352.html,NIZ90,"['JI4352', 'IF4492', 'IF4493', 'IF4494', 'IF4496', 'IF4503', 'IF4504', 'IF4505', 'IH1591', 'JH6930', 'JI4354', 'JI4355', 'KJ4670', 'KJ4671']","https://assets.adidas.com/images/w_383,h_383,f_auto,q_auto,fl_lossy,c_fill,g_auto/c5a87a8f4be44b7bb2b224bab72c6582_9366/Daily_4.0_Shoes_Brown_JI4352_00_plp_standard.jpg","{'prices': [{'type': 'sale', 'value': 42, 'valueNoVat': 42}, {'type': 'original', 'value': 70, 'valueNoVat': 70, 'discountPercentage': -40}], 'isSoldOut': False}",1339,4.7043,,True
IF4496,Daily 4.0 Shoes,Sportswear,https://www.adidas.com/us/daily-4.0-shoes/IF4496.html,NIZ90,"['IF4496', 'IF4492', 'IF4493', 'IF4494', 'IF4503', 'IF4504', 'IF4505', 'IH1591', 'JH6930', 'JI4352', 'JI4354', 'JI4355', 'KJ4670', 'KJ4671']","https://assets.adidas.com/images/w_383,h_383,f_auto,q_auto,fl_lossy,c_fill,g_auto/d445420a16044b92ba8373ef9757a2d3_9366/Daily_4.0_Shoes_Black_IF4496_00_plp_standard.jpg","{'prices': [{'type': 'original', 'value': 65, 'valueNoVat': 65}], 'isSoldOut': False}",1339,4.7043,True,True
KJ2597,CLIMACOOL SHOES,Sportswear,https://www.adidas.com/us/climacool-shoes/KJ2597.html,OTN80,"['KJ2597', 'KI5233', 'KJ0651']","https://assets.adidas.com/images/w_383,h_383,f_auto,q_auto,fl_lossy,c_fill,g_auto/e72ff7f8350b46c184db325a2f8ec7a6_9366/CLIMACOOL_SHOES_Grey_KJ2597_00_plp_standard.jpg","{'prices': [{'type': 'original', 'value': 150, 'valueNoVat': 150}], 'isSoldOut': False}",62,4.3226,True,True
KK2280,SAMBA OG SHOES,Men Originals,https://www.adidas.com/us/samba-og-shoes/KK2280.html,SAMBAU2312,"['KK2280', 'B75806', 'B75807', 'HP3551', 'HQ4950', 'HQ4951', 'ID1481', 'IE3438', 'IH4388', 'IH4389', 'IH6813', 'IH6815', 'IH6816', 'IH6827', 'IH6828', 'IH6829', 'JR0882', 'JR0910', 'JR0911', 'JS3832', 'KJ2382', 'KJ2788', 'KJ9995', 'KJ9997', 'KK2266', 'KK2267', 'KK2268', 'KK2272', 'KK2273', 'KK2274', 'KK2277', 'KK2278', 'KK2279', 'KK2329', 'KK2330', 'KK2331', 'KK2332', 'KK2333', 'KK3271', 'KK3273', 'KK3274', 'KK3275', 'KZ6720', 'LA3984']","https://assets.adidas.com/images/w_383,h_383,f_auto,q_auto,fl_lossy,c_fill,g_auto/f6e7879a3a2e4a479848421693fa21e1_9366/SAMBA_OG_SHOES_Brown_KK2280_00_plp_standard.jpg","{'prices': [{'type': 'original', 'value': 110, 'valueNoVat': 110}], 'isSoldOut': False}",3269,4.8107,,True
KZ6851,Adizero Pacer Shoes,Men Performance,https://www.adidas.com/us/adizero-pacer-shoes/KZ6851.html,ORB66,"['KZ6851', 'KZ6845', 'KZ6846', 'KZ6847', 'KZ6848', 'KZ6849', 'KZ6850']","https://assets.adidas.com/images/w_383,h_383,f_auto,q_auto,fl_lossy,c_fill,g_auto/d48c4a1981eb4838819caab4e3f8e4e7_9366/Adizero_Pacer_Shoes_White_KZ6851_00_plp_standard.jpg","{'prices': [{'type': 'original', 'value': 80, 'valueNoVat': 80}], 'isSoldOut': False}",88,4.5683,True,True
KJ4671,Daily 4.0 Shoes,Sportswear,https://www.adidas.com/us/daily-4.0-shoes/KJ4671.html,NIZ90,"['KJ4671', 'IF4492', 'IF4493', 'IF4494', 'IF4496', 'IF4503', 'IF4504', 'IF4505', 'IH1591', 'JH6930', 'JI4352', 'JI4354', 'JI4355', 'KJ4670']","https://assets.adidas.com/images/w_383,h_383,f_auto,q_auto,fl_lossy,c_fill,g_auto/91b2b165005548f681e262406899a6b1_9366/Daily_4.0_Shoes_Burgundy_KJ4671_00_plp_standard.jpg","{'prices': [{'type': 'original', 'value': 65, 'valueNoVat': 65}], 'isSoldOut': False}",1339,4.7043,,True
HP3456,Cloudfoam Cuxxion Sock Shoes,Men Sportswear,https://www.adidas.com/us/cloudfoam-cuxxion-sock-shoes/HP3456.html,OND96,"['HP3456', 'HP3454', 'JS2425', 'KI9679', 'KI9681']","https://assets.adidas.com/images/w_383,h_383,f_auto,q_auto,fl_lossy,c_fill,g_auto/09dbfbf0bc4547c68d506e931553708a_9366/Cloudfoam_Cuxxion_Sock_Shoes_Blue_HP3456_00_plp_standard.jpg","{'prices': [{'type': 'sale', 'value': 42, 'valueNoVat': 42}, {'type': 'original', 'value': 70, 'valueNoVat': 70, 'discountPercentage': -40}], 'isSoldOut': False}",94,4.6596,True,True
KJ0803,ADIZERO ADIOS PRO 4 RUNNING SHOES,Men Performance,https://www.adidas.com/us/adizero-adios-pro-4-running-shoes/KJ0803.html,ORN72,"['KJ0803', 'JP6623', 'JP6624', 'JQ9702', 'JR1267', 'JR7410', 'KH7343', 'KI4780', 'KJ7036']","https://assets.adidas.com/images/w_383,h_383,f_auto,q_auto,fl_lossy,c_fill,g_auto/e94a6df3e4a04978ba0a7834d362c235_9366/ADIZERO_ADIOS_PRO_4_RUNNING_SHOES_Purple_KJ0803_HM1.jpg","{'prices': [{'type': 'original', 'value': 255, 'valueNoVat': 255}], 'isSoldOut': False}",305,4.7607,,True
KK4867,HANDBALL SPEZIAL SHOES,Men Originals,https://www.adidas.com/us/handball-spezial-shoes/KK4867.html,BTP23,"['KK4867', 'BD7632', 'BD7633', 'DB3021', 'IF7086', 'IF7087', 'IG6191', 'IG6192', 'IH6506', 'IH6507', 'IH6508', 'IH6568', 'IH6569', 'IH6586', 'IH6588', 'IH6592', 'IH6594', 'IH6597', 'IH6598', 'IH6617', 'IH6618', 'IH9668', 'IH9672', 'IH9760', 'KH9051', 'KI8580', 'KI8685', 'KI8686', 'KI8687', 'KJ2399', 'KJ2401', 'KJ7413', 'KJ7414', 'KJ7415', 'KJ9876', 'KJ9883', 'KJ9884', 'KJ9956', 'KJ9957', 'KJ9958', 'KJ9962', 'KJ9963', 'KJ9964', 'KJ9968', 'KJ9969', 'KJ9974', 'KJ9975', 'KK1153', 'KK2692', 'KK2693', 'KK2694', 'KK4232', 'KK4242', 'KK4860', 'KZ6702', 'KZ6703', 'KZ6704', 'KZ6705', 'KZ6706', 'KZ6707', 'KZ6712']","https://assets.adidas.com/images/w_383,h_383,f_auto,q_auto,fl_lossy,c_fill,g_auto/b8fa22abe1924a80b31270999e6b03a9_9366/HANDBALL_SPEZIAL_SHOES_Brown_KK4867_00_plp_standard.jpg","{'prices': [{'type': 'original', 'value': 130, 'valueNoVat': 130}], 'isSoldOut': False}",9789,4.8179,,True
KJ0422,ADIZERO EVO SL EXO Shoes,Men Performance,https://www.adidas.com/us/adizero-evo-sl-exo-shoes/KJ0422.html,SLEXO1,"['KJ0422', 'KI4763', 'KI4764', 'KJ0424', 'KJ0425', 'KJ0428', 'KJ0429', 'KJ0430', 'KJ0431', 'KJ3102', 'LA5900']","https://assets.adidas.com/images/w_383,h_383,f_auto,q_auto,fl_lossy,c_fill,g_auto/726a90712f7b46dcbacc99ab7d562a40_9366/ADIZERO_EVO_SL_EXO_Shoes_Black_KJ0422_HM1.jpg","{'prices': [{'type': 'original', 'value': 150, 'valueNoVat': 150}], 'isSoldOut': False}",85,4.6589,True,True
JR5089,Runfalcon 5 Running Shoes,Men Performance,https://www.adidas.com/us/runfalcon-5-running-shoes/JR5089.html,NKE45,"['JR5089', 'IE0525', 'IE8812', 'IE8819', 'IH7757', 'IH7758', 'JI0872', 'JQ6974', 'JQ6976', 'JQ6978', 'JQ6979', 'JQ6980', 'JR5518', 'JR5520', 'JR5521']","https://assets.adidas.com/images/w_383,h_383,f_auto,q_auto,fl_lossy,c_fill,g_auto/b64f5377913a4d51a6d0fa62b69d1ebc_9366/Runfalcon_5_Running_Shoes_Black_JR5089_HM1.jpg","{'prices': [{'type': 'sale', 'value': 48, 'valueNoVat': 48}, {'type': 'original', 'value': 60, 'valueNoVat': 60, 'discountPercentage': -20}], 'isSoldOut': False}",5302,4.6415,True,True
KK2268,SAMBA OG SHOES,Originals,https://www.adidas.com/us/samba-og-shoes/KK2268.html,SAMBAU2312,"['KK2268', 'B75806', 'B75807', 'HP3551', 'HQ4950', 'HQ4951', 'ID1481', 'IE3438', 'IH4388', 'IH4389', 'IH6813', 'IH6815', 'IH6816', 'IH6827', 'IH6828', 'IH6829', 'JR0882', 'JR0910', 'JR0911', 'JS3832', 'KJ2382', 'KJ2788', 'KJ9995', 'KJ9997', 'KK2266', 'KK2267', 'KK2272', 'KK2273', 'KK2274', 'KK2277', 'KK2278', 'KK2279', 'KK2280', 'KK2329', 'KK2330', 'KK2331', 'KK2332', 'KK2333', 'KK3271', 'KK3273', 'KK3274', 'KK3275', 'KZ6720', 'LA3984']","https://assets.adidas.com/images/w_383,h_383,f_auto,q_auto,fl_lossy,c_fill,g_auto/ce9ac2d0c8d64d0f820d72e25da02209_9366/SAMBA_OG_SHOES_Grey_KK2268_00_plp_standard.jpg","{'prices': [{'type': 'original', 'value': 110, 'valueNoVat': 110}], 'isSoldOut': False}",3269,4.8107,True,True
KZ9011,ADISTAR XLG 2.0 SHOES,Originals,https://www.adidas.com/us/adistar-xlg-2.0-shoes/KZ9011.html,ORC52,"['KZ9011', 'HQ7468', 'HQ7551', 'HQ7552', 'HQ7553', 'HQ7554', 'HQ7555', 'KI4505', 'KI4506', 'KJ7895', 'KK2895', 'KK2896', 'KK2899', 'KK2900', 'KZ9155', 'KZ9160', 'LA1813']","https://assets.adidas.com/images/w_383,h_383,f_auto,q_auto,fl_lossy,c_fill,g_auto/7e62018e8c9a49b592e0373af22494b7_9366/ADISTAR_XLG_2.0_SHOES_Black_KZ9011_00_plp_standard.jpg","{'prices': [{'type': 'original', 'value': 150, 'valueNoVat': 150}], 'isSoldOut': False}",273,4.7473,,True
KK2329,SAMBA OG SHOES,Originals,https://www.adidas.com/us/samba-og-shoes/KK2329.html,SAMBAU2312,"['KK2329', 'B75806', 'B75807', 'HP3551', 'HQ4950', 'HQ4951', 'ID1481', 'IE3438', 'IH4388', 'IH4389', 'IH6813', 'IH6815', 'IH6816', 'IH6827', 'IH6828', 'IH6829', 'JR0882', 'JR0910', 'JR0911', 'JS3832', 'KJ2382', 'KJ2788', 'KJ9995', 'KJ9997', 'KK2266', 'KK2267', 'KK2268', 'KK2272', 'KK2273', 'KK2274', 'KK2277', 'KK2278', 'KK2279', 'KK2280', 'KK2330', 'KK2331', 'KK2332', 'KK2333', 'KK3271', 'KK3273', 'KK3274', 'KK3275', 'KZ6720', 'LA3984']","https://assets.adidas.com/images/w_383,h_383,f_auto,q_auto,fl_lossy,c_fill,g_auto/a617c352f2c544d9be8a6117a56bde66_9366/SAMBA_OG_SHOES_Brown_KK2329_00_plp_standard.jpg","{'prices': [{'type': 'original', 'value': 110, 'valueNoVat': 110}], 'isSoldOut': False}",3269,4.8107,,True
KJ7895,ADISTAR XLG 2.0 SHOES,Originals,https://www.adidas.com/us/adistar-xlg-2.0-shoes/KJ7895.html,ORC52,"['KJ7895', 'HQ7468', 'HQ7551', 'HQ7552', 'HQ7553', 'HQ7554', 'HQ7555', 'KI4505', 'KI4506', 'KK2895', 'KK2896', 'KK2899', 'KK2900', 'KZ9011', 'KZ9155', 'KZ9160', 'LA1813']","https://assets.adidas.com/images/w_383,h_383,f_auto,q_auto,fl_lossy,c_fill,g_auto/b1a4ef49e8dc4e6e929d9f5bc2c2c81b_9366/ADISTAR_XLG_2.0_SHOES_Grey_KJ7895_00_plp_standard.jpg","{'prices': [{'type': 'sale', 'value': 105, 'valueNoVat': 105}, {'type': 'original', 'value': 150, 'valueNoVat': 150, 'discountPercentage': -30}], 'isSoldOut': False}",273,4.7473,True,True
KJ0425,ADIZERO EVO SL EXO Shoes,Men Performance,https://www.adidas.com/us/adizero-evo-sl-exo-shoes/KJ0425.html,SLEXO1,"['KJ0425', 'KI4763', 'KI4764', 'KJ0422', 'KJ0424', 'KJ0428', 'KJ0429', 'KJ0430', 'KJ0431', 'KJ3102', 'LA5900']","https://assets.adidas.com/images/w_383,h_383,f_auto,q_auto,fl_lossy,c_fill,g_auto/074f84e0e9864adea813136c11bc2026_9366/ADIZERO_EVO_SL_EXO_Shoes_Black_KJ0425_00_plp_standard.jpg","{'prices': [{'type': 'original', 'value': 150, 'valueNoVat': 150}], 'isSoldOut': False}",85,4.6589,True,True
KJ0864,Terrex Anylander Hiking Shoes,Men TERREX,https://www.adidas.com/us/terrex-anylander-hiking-shoes/KJ0864.html,NJM57,"['KJ0864', 'ID0895', 'JQ9953', 'JR6598', 'JR6599', 'JR9088', 'KJ0865']","https://assets.adidas.com/images/w_383,h_383,f_auto,q_auto,fl_lossy,c_fill,g_auto/48f60422503749c1979bbe388ba9e355_9366/Terrex_Anylander_Hiking_Shoes_Brown_KJ0864_HM1.jpg","{'prices': [{'type': 'original', 'value': 75, 'valueNoVat': 75}], 'isSoldOut': False}",1720,4.7164,,True
KI2682,CLIMACOOL LACED SHOES,Sportswear,https://www.adidas.com/us/climacool-laced-shoes/KI2682.html,OTN36,"['KI2682', 'KJ0658']","https://assets.adidas.com/images/w_383,h_383,f_auto,q_auto,fl_lossy,c_fill,g_auto/c00647b6121e43f4b1dacd2425b10557_9366/CLIMACOOL_LACED_SHOES_Green_KI2682_00_plp_standard.jpg","{'prices': [{'type': 'original', 'value': 160, 'valueNoVat': 160}], 'isSoldOut': False}",1,2.0,True,True
KZ6730,SUPERSTAR II SHOES,Originals,https://www.adidas.com/us/superstar-ii-shoes/KZ6730.html,OPW95,"['KZ6730', 'IH8659', 'IH9317', 'IH9318', 'JI0079', 'JQ3175', 'JR3584', 'JR7313', 'JR7315', 'KH8972', 'KH8973', 'KH9038', 'KI0979', 'KI0981', 'KI2005', 'KJ3276', 'KJ8400', 'KJ9947', 'KK2356', 'KK4722', 'KK4723', 'KK4750', 'KK4751', 'KZ6731']","https://assets.adidas.com/images/w_383,h_383,f_auto,q_auto,fl_lossy,c_fill,g_auto/ce5ef45b280e44a588dd1d5a3267b872_9366/SUPERSTAR_II_SHOES_Black_KZ6730_00_plp_standard.jpg","{'prices': [{'type': 'original', 'value': 130, 'valueNoVat': 130}], 'isSoldOut': False}",1087,4.8114,,True
HP3454,Cloudfoam Cuxxion Sock Shoes,Men Sportswear,https://www.adidas.com/us/cloudfoam-cuxxion-sock-shoes/HP3454.html,OND96,"['HP3454', 'HP3456', 'JS2425', 'KI9679', 'KI9681']","https://assets.adidas.com/images/w_383,h_383,f_auto,q_auto,fl_lossy,c_fill,g_auto/9fbb7963d66745a7b7f8e627d23804ae_9366/Cloudfoam_Cuxxion_Sock_Shoes_Black_HP3454_00_plp_standard.jpg","{'prices': [{'type': 'original', 'value': 70, 'valueNoVat': 70}], 'isSoldOut': False}",94,4.6596,True,True
HQ9527,ZENBOOST Running Shoes,Men Performance,https://www.adidas.com/us/zenboost-running-shoes/HQ9527.html,OOY27,"['HQ9527', 'HQ9528', 'IH9490', 'IH9494', 'IH9495']","https://assets.adidas.com/images/w_383,h_383,f_auto,q_auto,fl_lossy,c_fill,g_auto/68493cc37ec64e788cbc49ff65b937d7_9366/ZENBOOST_Running_Shoes_Black_HQ9527_00_plp_standard.jpg","{'prices': [{'type': 'original', 'value': 100, 'valueNoVat': 100}], 'isSoldOut': False}",123,4.7968,True,True
KH9896,TERREX FREEHIKER 3 Ultra GORE-TEX Hiking Shoes,Men TERREX,https://www.adidas.com/us/terrex-freehiker-3-ultra-gore-tex-hiking-shoes/KH9896.html,OOZ41,"['KH9896', 'HP3481', 'KI8263', 'KJ3874']","https://assets.adidas.com/images/w_383,h_383,f_auto,q_auto,fl_lossy,c_fill,g_auto/99ffade0da9a46849e480176a99916dd_9366/TERREX_FREEHIKER_3_Ultra_GORE-TEX_Hiking_Shoes_White_KH9896_00_plp_standard.jpg","{'prices': [{'type': 'original', 'value': 220, 'valueNoVat': 220}], 'isSoldOut': False}",54,4.7223,,True
KK2896,ADISTAR XLG 2.0 SHOES,Originals,https://www.adidas.com/us/adistar-xlg-2.0-shoes/KK2896.html,ORC52,"['KK2896', 'HQ7468', 'HQ7551', 'HQ7552', 'HQ7553', 'HQ7554', 'HQ7555', 'KI4505', 'KI4506', 'KJ7895', 'KK2895', 'KK2899', 'KK2900', 'KZ9011', 'KZ9155', 'KZ9160', 'LA1813']","https://assets.adidas.com/images/w_383,h_383,f_auto,q_auto,fl_lossy,c_fill,g_auto/70d0e35401944ffcaf386ae2a671a3db_9366/ADISTAR_XLG_2.0_SHOES_Black_KK2896_00_plp_standard.jpg","{'prices': [{'type': 'original', 'value': 150, 'valueNoVat': 150}], 'isSoldOut': False}",273,4.7473,,True
KZ9918,Penn State Nittany Lions Climacool Laced Shoes,Sportswear,https://www.adidas.com/us/penn-state-nittany-lions-climacool-laced-shoes/KZ9918.html,ORO67,"['KZ9918', 'KZ6568']","https://assets.adidas.com/images/w_383,h_383,f_auto,q_auto,fl_lossy,c_fill,g_auto/8867c1250e15434882d191fd7952375f_9366/Penn_State_Nittany_Lions_Climacool_Laced_Shoes_White_KZ9918_00_plp_standard.jpg","{'prices': [{'type': 'original', 'value': 170, 'valueNoVat': 170}], 'isSoldOut': False}",-99,,,True
IH9526,Runfalcon 6 CLOUDFOAM Running Shoes,Men Performance,https://www.adidas.com/us/runfalcon-6-cloudfoam-running-shoes/IH9526.html,OOY30,"['IH9526', 'IH9527', 'IH9528', 'IH9530', 'IH9532', 'KH5562', 'KH5563', 'KH5565', 'KH5566']","https://assets.adidas.com/images/w_383,h_383,f_auto,q_auto,fl_lossy,c_fill,g_auto/5dfd53450603495ea44141eb5e18a8b2_9366/Runfalcon_6_CLOUDFOAM_Running_Shoes_White_IH9526_HM1.jpg","{'prices': [{'type': 'original', 'value': 65, 'valueNoVat': 65}], 'isSoldOut': False}",203,4.7144,,True
JR4014,Terrex Eastrail 3 Mid Climaproof Hiking Shoes,Men TERREX,https://www.adidas.com/us/terrex-eastrail-3-mid-climaproof-hiking-shoes/JR4014.html,OPD94,[],"https://assets.adidas.com/images/w_383,h_383,f_auto,q_auto,fl_lossy,c_fill,g_auto/6158660cfa904f619ae5da818e454978_9366/Terrex_Eastrail_3_Mid_Climaproof_Hiking_Shoes_Black_JR4014_00_plp_standard.jpg","{'prices': [{'type': 'original', 'value': 100, 'valueNoVat': 100}], 'isSoldOut': False}",42,4.5953,,True
KH6879,ADIDAS X COCA-COLA SAMBA OG SHOES,Originals,https://www.adidas.com/us/adidas-x-coca-cola-samba-og-shoes/KH6879.html,OQZ80,"['KH6879', 'KH6893']","https://assets.adidas.com/images/w_383,h_383,f_auto,q_auto,fl_lossy,c_fill,g_auto/bba3474e958149659891c0b47dcd9b9e_9366/ADIDAS_X_COCA-COLA_SAMBA_OG_SHOES_White_KH6879_00_plp_standard.jpg","{'prices': [{'type': 'original', 'value': 110, 'valueNoVat': 110}], 'isSoldOut': False}",157,4.9109,True,True
JP7392,Training Spezial,Performance,https://www.adidas.com/us/training-spezial/JP7392.html,NSW96,"['JP7392', 'JS3038', 'KK1547', 'LA6308']","https://assets.adidas.com/images/w_383,h_383,f_auto,q_auto,fl_lossy,c_fill,g_auto/294d56bdbe434207ba904c342991aba3_9366/Training_Spezial_White_JP7392_HM1.jpg","{'prices': [{'type': 'original', 'value': 120, 'valueNoVat': 120}], 'isSoldOut': False}",467,4.7153,True,True
IH1591,Daily 4.0 Shoes,Sportswear,https://www.adidas.com/us/daily-4.0-shoes/IH1591.html,NIZ90,"['IH1591', 'IF4492', 'IF4493', 'IF4494', 'IF4496', 'IF4503', 'IF4504', 'IF4505', 'JH6930', 'JI4352', 'JI4354', 'JI4355', 'KJ4670', 'KJ4671']","https://assets.adidas.com/images/w_383,h_383,f_auto,q_auto,fl_lossy,c_fill,g_auto/076f25f48a9c469587ee1dc504601301_9366/Daily_4.0_Shoes_Brown_IH1591_HM1.jpg","{'prices': [{'type': 'original', 'value': 65, 'valueNoVat': 65}], 'isSoldOut': False}",1339,4.7043,,True
KZ9152,ADISTAR CONTROL 5 SHOES,Originals,https://www.adidas.com/us/adistar-control-5-shoes/KZ9152.html,ORU51,"['KZ9152', 'KH9562', 'KI2092', 'KI2093', 'KI2096', 'KI2097', 'KI4472', 'KI7047', 'KI7049', 'KJ2724', 'KJ2725', 'KJ2726', 'KK3260', 'KZ7537']","https://assets.adidas.com/images/w_383,h_383,f_auto,q_auto,fl_lossy,c_fill,g_auto/8331f677fc84494e81389a3ddaade164_9366/ADISTAR_CONTROL_5_SHOES_Beige_KZ9152_00_plp_standard.jpg","{'prices': [{'type': 'original', 'value': 120, 'valueNoVat': 120}], 'isSoldOut': False}",17,5.0,,True
JH5184,Runfalcon 5 Wide Running Shoes,Men Performance,https://www.adidas.com/us/runfalcon-5-wide-running-shoes/JH5184.html,NKE53,"['JH5184', 'IE0552', 'JH5185']","https://assets.adidas.com/images/w_383,h_383,f_auto,q_auto,fl_lossy,c_fill,g_auto/d7c70e13eb6c4c7a81b5357799f1d282_9366/Runfalcon_5_Wide_Running_Shoes_Black_JH5184_00_plp_standard.jpg","{'prices': [{'type': 'sale', 'value': 45, 'valueNoVat': 45}, {'type': 'original', 'value': 60, 'valueNoVat': 60, 'discountPercentage': -25}], 'isSoldOut': False}",1204,4.4827,True,True
KI6743,CRAZY ENERGY Shoes,Performance,https://www.adidas.com/us/crazy-energy-shoes/KI6743.html,ORZ70,"['KI6743', 'HP5216', 'HP5223', 'KI6746', 'KI6749', 'LA1432', 'LA1506']","https://assets.adidas.com/images/w_383,h_383,f_auto,q_auto,fl_lossy,c_fill,g_auto/0a98b541e09f4e81b4c54aa30fa1874b_9366/CRAZY_ENERGY_Shoes_Black_KI6743_00_plp_standard.jpg","{'prices': [{'type': 'original', 'value': 110, 'valueNoVat': 110}], 'isSoldOut': False}",42,4.8095,True,True
JI4354,Daily 4.0 Shoes,Sportswear,https://www.adidas.com/us/daily-4.0-shoes/JI4354.html,NIZ90,"['JI4354', 'IF4492', 'IF4493', 'IF4494', 'IF4496', 'IF4503', 'IF4504', 'IF4505', 'IH1591', 'JH6930', 'JI4352', 'JI4355', 'KJ4670', 'KJ4671']","https://assets.adidas.com/images/w_383,h_383,f_auto,q_auto,fl_lossy,c_fill,g_auto/d19ab5da64884cecbeb859941738b318_9366/Daily_4.0_Shoes_Black_JI4354_00_plp_standard.jpg","{'prices': [{'type': 'original', 'value': 70, 'valueNoVat': 70}], 'isSoldOut': False}",1339,4.7043,,True
LB2845,PW Water Moc,Originals,https://www.adidas.com/us/pw-water-moc/LB2845.html,NTL11,"['LB2845', 'LB2841', 'LB2842']","https://assets.adidas.com/images/w_383,h_383,f_auto,q_auto,fl_lossy,c_fill,g_auto/d2f94635d76e4092bb31903e59cd107e_9366/PW_Water_Moc_Blue_LB2845_00_plp_standard.jpg","{'prices': [{'type': 'original', 'value': 140, 'valueNoVat': 140}], 'isSoldOut': False}",-99,,,True
ID5487,Terrex Anylander Rain.Rdy Hiking Shoes,Men TERREX,https://www.adidas.com/us/terrex-anylander-rain.rdy-hiking-shoes/ID5487.html,NJM58,"['ID5487', 'ID0901', 'IH3547', 'JQ1595', 'JR9087', 'KJ0863']","https://assets.adidas.com/images/w_383,h_383,f_auto,q_auto,fl_lossy,c_fill,g_auto/0281d3d43356444eb1258f03dee3e5b1_9366/Terrex_Anylander_Rain.Rdy_Hiking_Shoes_Blue_ID5487_00_plp_standard.jpg","{'prices': [{'type': 'sale', 'value': 75, 'valueNoVat': 75}, {'type': 'original', 'value': 85, 'valueNoVat': 85, 'discountPercentage': -10}], 'isSoldOut': False}",449,4.5947,True,True
IH9530,Runfalcon 6 CLOUDFOAM Running Shoes,Men Performance,https://www.adidas.com/us/runfalcon-6-cloudfoam-running-shoes/IH9530.html,OOY30,"['IH9530', 'IH9526', 'IH9527', 'IH9528', 'IH9532', 'KH5562', 'KH5563', 'KH5565', 'KH5566']","https://assets.adidas.com/images/w_383,h_383,f_auto,q_auto,fl_lossy,c_fill,g_auto/c08dabb9d03d4f96b46dc6136644a34d_9366/Runfalcon_6_CLOUDFOAM_Running_Shoes_Black_IH9530_HM1.jpg","{'prices': [{'type': 'original', 'value': 65, 'valueNoVat': 65}], 'isSoldOut': False}",203,4.7144,,True
KJ4430,TERREX Freehiker SL GORE-TEX Hiking Shoes,Men TERREX,https://www.adidas.com/us/terrex-freehiker-sl-gore-tex-hiking-shoes/KJ4430.html,OQN91,"['KJ4430', 'KJ4429', 'KJ4431']","https://assets.adidas.com/images/w_383,h_383,f_auto,q_auto,fl_lossy,c_fill,g_auto/0018ab2586034fb887351afc6a5b0189_9366/TERREX_Freehiker_SL_GORE-TEX_Hiking_Shoes_Black_KJ4430_HM1.jpg","{'prices': [{'type': 'original', 'value': 150, 'valueNoVat': 150}], 'isSoldOut': False}",89,4.6967,,True
KI6997,TECHNOCHAOS 2000 Shoes,Men Sportswear,https://www.adidas.com/us/technochaos-2000-shoes/KI6997.html,OSL28,"['KI6997', 'HQ7282', 'JR7229', 'KI7028', 'KI7029', 'KI7030', 'KI7031']","https://assets.adidas.com/images/w_383,h_383,f_auto,q_auto,fl_lossy,c_fill,g_auto/c100a5be6839431db74a14b29b35c108_9366/TECHNOCHAOS_2000_Shoes_Blue_KI6997_00_plp_standard.jpg","{'prices': [{'type': 'original', 'value': 80, 'valueNoVat': 80}], 'isSoldOut': False}",27,4.9259,,True
JR1912,Adizero EVO SL Woven Running Shoes,Men Performance,https://www.adidas.com/us/adizero-evo-sl-woven-running-shoes/JR1912.html,OOS26,"['JR1912', 'JQ4440', 'JQ4441', 'JQ4442', 'JQ4443', 'JQ4527', 'JR2022', 'JR2024', 'JR4728', 'KH9494', 'KI1451', 'KI1492', 'KI2822', 'KI4256', 'KI4263', 'KI4828', 'KI4842', 'KI6926', 'KI8342', 'KJ1996', 'KJ2521', 'KK3673', 'KK3719']","https://assets.adidas.com/images/w_383,h_383,f_auto,q_auto,fl_lossy,c_fill,g_auto/63b017354a664e34b5168867ab4f73bb_9366/Adizero_EVO_SL_Woven_Running_Shoes_White_JR1912_00_plp_standard.jpg","{'prices': [{'type': 'original', 'value': 150, 'valueNoVat': 150}], 'isSoldOut': False}",462,4.7555,True,True
IF1661,Advantage 2.0 Shoes,Men Sportswear,https://www.adidas.com/us/advantage-2.0-shoes/IF1661.html,NIV49,"['IF1661', 'IG9166', 'IG9167', 'JP7948']","https://assets.adidas.com/images/w_383,h_383,f_auto,q_auto,fl_lossy,c_fill,g_auto/e43bbc43f9c24672942c0c9a7bd6d679_9366/Advantage_2.0_Shoes_White_IF1661_HM1.jpg","{'prices': [{'type': 'original', 'value': 70, 'valueNoVat': 70}], 'isSoldOut': False}",699,4.7354,True,True
IF4492,Daily 4.0 Shoes,Men Sportswear,https://www.adidas.com/us/daily-4.0-shoes/IF4492.html,NIZ90,"['IF4492', 'IF4493', 'IF4494', 'IF4496', 'IF4503', 'IF4504', 'IF4505', 'IH1591', 'JH6930', 'JI4352', 'JI4354', 'JI4355', 'KJ4670', 'KJ4671']","https://assets.adidas.com/images/w_383,h_383,f_auto,q_auto,fl_lossy,c_fill,g_auto/2c1a65a90b67438e94890d50fb9eb06b_9366/Daily_4.0_Shoes_Black_IF4492_00_plp_standard.jpg","{'prices': [{'type': 'original', 'value': 65, 'valueNoVat': 65}], 'isSoldOut': False}",1339,4.7043,True,True
HQ7468,ADISTAR XLG 2.0 SHOES,Originals,https://www.adidas.com/us/adistar-xlg-2.0-shoes/HQ7468.html,ORC52,"['HQ7468', 'HQ7551', 'HQ7552', 'HQ7553', 'HQ7554', 'HQ7555', 'KI4505', 'KI4506', 'KJ7895', 'KK2895', 'KK2896', 'KK2899', 'KK2900', 'KZ9011', 'KZ9155', 'KZ9160', 'LA1813']","https://assets.adidas.com/images/w_383,h_383,f_auto,q_auto,fl_lossy,c_fill,g_auto/cddca20273714bfa94de502920ad1d91_9366/ADISTAR_XLG_2.0_SHOES_White_HQ7468_00_plp_standard.jpg","{'prices': [{'type': 'original', 'value': 150, 'valueNoVat': 150}], 'isSoldOut': False}",273,4.7473,True,True
KJ0281,ALOHA SUPER Shoes,Men Originals,https://www.adidas.com/us/aloha-super-shoes/KJ0281.html,OQU40,"['KJ0281', 'KJ0280']","https://assets.adidas.com/images/w_383,h_383,f_auto,q_auto,fl_lossy,c_fill,g_auto/ad50b7c792d646459f420f2bc0103463_9366/ALOHA_SUPER_Shoes_Green_KJ0281_00_plp_standard.jpg","{'prices': [{'type': 'original', 'value': 90, 'valueNoVat': 90}], 'isSoldOut': False}",12,4.8333,,True
KI9681,Cloudfoam Cuxxion Sock Shoes,Men Sportswear,https://www.adidas.com/us/cloudfoam-cuxxion-sock-shoes/KI9681.html,OND96,"['KI9681', 'HP3454', 'HP3456', 'JS2425', 'KI9679']","https://assets.adidas.com/images/w_383,h_383,f_auto,q_auto,fl_lossy,c_fill,g_auto/ecd5b2e22adb4d07987688c1fa5def4b_9366/Cloudfoam_Cuxxion_Sock_Shoes_Black_KI9681_HM1.jpg","{'prices': [{'type': 'original', 'value': 70, 'valueNoVat': 70}], 'isSoldOut': False}",94,4.6596,True,True
HQ9265,BW ARMY SHOES,Originals,https://www.adidas.com/us/bw-army-shoes/HQ9265.html,ORU97,"['HQ9265', 'HQ9264', 'KH8484', 'KK2711', 'KK2713', 'KK2801', 'KK2802', 'KK5026', 'KK5028', 'LA3396', 'LB5654']","https://assets.adidas.com/images/w_383,h_383,f_auto,q_auto,fl_lossy,c_fill,g_auto/95a4537d0559489f9f5bc79087e52384_9366/BW_ARMY_SHOES_White_HQ9265_00_plp_standard.jpg","{'prices': [{'type': 'original', 'value': 120, 'valueNoVat': 120}], 'isSoldOut': False}",195,4.7282,,True
JR4728,Adizero EVO SL Woven Running Shoes,Men Performance,https://www.adidas.com/us/adizero-evo-sl-woven-running-shoes/JR4728.html,OOS26,"['JR4728', 'JQ4440', 'JQ4441', 'JQ4442', 'JQ4443', 'JQ4527', 'JR1912', 'JR2022', 'JR2024', 'KH9494', 'KI1451', 'KI1492', 'KI2822', 'KI4256', 'KI4263', 'KI4828', 'KI4842', 'KI6926', 'KI8342', 'KJ1996', 'KJ2521', 'KK3673', 'KK3719']","https://assets.adidas.com/images/w_383,h_383,f_auto,q_auto,fl_lossy,c_fill,g_auto/1b8ab437e5de4d46b42a7a3e62bd14a7_9366/Adizero_EVO_SL_Woven_Running_Shoes_Black_JR4728_00_plp_standard.jpg","{'prices': [{'type': 'original', 'value': 150, 'valueNoVat': 150}], 'isSoldOut': False}",462,4.7555,True,True
KJ9974,HANDBALL SPEZIAL SHOES,Originals,https://www.adidas.com/us/handball-spezial-shoes/KJ9974.html,BTP23,"['KJ9974', 'BD7632', 'BD7633', 'DB3021', 'IF7086', 'IF7087', 'IG6191', 'IG6192', 'IH6506', 'IH6507', 'IH6508', 'IH6568', 'IH6569', 'IH6586', 'IH6588', 'IH6592', 'IH6594', 'IH6597', 'IH6598', 'IH6617', 'IH6618', 'IH9668', 'IH9672', 'IH9760', 'KH9051', 'KI8580', 'KI8685', 'KI8686', 'KI8687', 'KJ2399', 'KJ2401', 'KJ7413', 'KJ7414', 'KJ7415', 'KJ9876', 'KJ9883', 'KJ9884', 'KJ9956', 'KJ9957', 'KJ9958', 'KJ9962', 'KJ9963', 'KJ9964', 'KJ9968', 'KJ9969', 'KJ9975', 'KK1153', 'KK2692', 'KK2693', 'KK2694', 'KK4232', 'KK4242', 'KK4860', 'KK4867', 'KZ6702', 'KZ6703', 'KZ6704', 'KZ6705', 'KZ6706', 'KZ6707', 'KZ6712']","https://assets.adidas.com/images/w_383,h_383,f_auto,q_auto,fl_lossy,c_fill,g_auto/19e0ca4210ba48c8a9e72e9921018ae4_9366/HANDBALL_SPEZIAL_SHOES_Yellow_KJ9974_00_plp_standard.jpg","{'prices': [{'type': 'original', 'value': 110, 'valueNoVat': 110}], 'isSoldOut': False}",9789,4.8179,,True
KI8309,Terrex Winter Slip-On Cold.Rdy Boots,TERREX,https://www.adidas.com/us/terrex-winter-slip-on-cold.rdy-boots/KI8309.html,MCW65,"['KI8309', 'ID2890', 'JR5302']","https://assets.adidas.com/images/w_383,h_383,f_auto,q_auto,fl_lossy,c_fill,g_auto/0c7f8b65c0a344fe89ad4ff0c4291c06_9366/Terrex_Winter_Slip-On_Cold.Rdy_Boots_White_KI8309_00_plp_standard.jpg","{'prices': [{'type': 'original', 'value': 90, 'valueNoVat': 90}], 'isSoldOut': False}",204,4.549,,False
KJ9664,Adizero EVO SL Shoes,Men Performance,https://www.adidas.com/us/adizero-evo-sl-shoes/KJ9664.html,NRW94,"['KJ9664', 'JH6206', 'JP7149', 'JR3419', 'JS4487', 'JS4494', 'JS4495', 'KH9575', 'KH9576', 'KH9578', 'KH9579', 'KH9604', 'KH9858', 'KI3381', 'KI3946', 'KI4803', 'KI6923', 'KI9542', 'KI9873', 'KI9874', 'KJ1959', 'KJ8336']","https://assets.adidas.com/images/w_383,h_383,f_auto,q_auto,fl_lossy,c_fill,g_auto/36caeb17797444f1a24a4eddf6658e7e_9366/Adizero_EVO_SL_Shoes_Grey_KJ9664_00_plp_standard.jpg","{'prices': [{'type': 'original', 'value': 150, 'valueNoVat': 150}], 'isSoldOut': False}",6528,4.7407,,True
JQ4440,Adizero EVO SL Woven Running Shoes,Men Performance,https://www.adidas.com/us/adizero-evo-sl-woven-running-shoes/JQ4440.html,OOS26,"['JQ4440', 'JQ4441', 'JQ4442', 'JQ4443', 'JQ4527', 'JR1912', 'JR2022', 'JR2024', 'JR4728', 'KH9494', 'KI1451', 'KI1492', 'KI2822', 'KI4256', 'KI4263', 'KI4828', 'KI4842', 'KI6926', 'KI8342', 'KJ1996', 'KJ2521', 'KK3673', 'KK3719']","https://assets.adidas.com/images/w_383,h_383,f_auto,q_auto,fl_lossy,c_fill,g_auto/e5fec882f79d4426aa6de7f06d63597f_9366/Adizero_EVO_SL_Woven_Running_Shoes_Green_JQ4440_HM1.jpg","{'prices': [{'type': 'sale', 'value': 75, 'valueNoVat': 75}, {'type': 'original', 'value': 150, 'valueNoVat': 150, 'discountPercentage': -50}], 'isSoldOut': False}",462,4.7555,True,False
LA6206,HYPERBOOST EPHR SHOES,Originals,https://www.adidas.com/us/hyperboost-ephr-shoes/LA6206.html,ORV68,"['LA6206', 'LA5973', 'LA5974', 'LA6208', 'LA6211', 'LA6215']","https://assets.adidas.com/images/w_383,h_383,f_auto,q_auto,fl_lossy,c_fill,g_auto/a27dcb4f37c7430288b48a84cd5d99a8_9366/HYPERBOOST_EPHR_SHOES_Black_LA6206_HM1.jpg","{'prices': [{'type': 'original', 'value': 170, 'valueNoVat': 170}], 'isSoldOut': False}",155,4.5807,,True
EF8472,Busenitz Vulc II Shoes,Originals,https://www.adidas.com/us/busenitz-vulc-ii-shoes/EF8472.html,GMN51,"['EF8472', 'HQ4711', 'HQ7528', 'HQ7530', 'KJ0245', 'KJ0247', 'KJ0248', 'KJ0249', 'KJ0251', 'KJ0252', 'KJ3476']","https://assets.adidas.com/images/w_383,h_383,f_auto,q_auto,fl_lossy,c_fill,g_auto/a4daa34dc31f4780814faa9e01011506_9366/Busenitz_Vulc_II_Shoes_Black_EF8472_00_plp_standard.jpg","{'prices': [{'type': 'original', 'value': 75, 'valueNoVat': 75}], 'isSoldOut': False}",2130,4.6789,True,True
BB5476,Gazelle Shoes,Originals,https://www.adidas.com/us/gazelle-shoes/BB5476.html,IAZ12,"['BB5476', 'B41645', 'BB5478', 'BB5480', 'CQ2809', 'HQ9441']","https://assets.adidas.com/images/w_383,h_383,f_auto,q_auto,fl_lossy,c_fill,g_auto/7b66dec9de06441aae52a60501798199_9366/Gazelle_Shoes_Black_BB5476_00_plp_standard.jpg","{'prices': [{'type': 'original', 'value': 110, 'valueNoVat': 110}], 'isSoldOut': False}",27333,4.7405,True,True
KZ6847,Adizero Pacer Shoes,Men Performance,https://www.adidas.com/us/adizero-pacer-shoes/KZ6847.html,ORB66,"['KZ6847', 'KZ6845', 'KZ6846', 'KZ6848', 'KZ6849', 'KZ6850', 'KZ6851']","https://assets.adidas.com/images/w_383,h_383,f_auto,q_auto,fl_lossy,c_fill,g_auto/8ab82c3eb3f64e3a81b3d51b2ef4d66c_9366/Adizero_Pacer_Shoes_Grey_KZ6847_00_plp_standard.jpg","{'prices': [{'type': 'original', 'value': 80, 'valueNoVat': 80}], 'isSoldOut': False}",88,4.5683,True,True
KH9623,Adizero EVO SL Zip Running Shoes,Men Performance,https://www.adidas.com/us/adizero-evo-sl-zip-running-shoes/KH9623.html,OSN18,"['KH9623', 'KH7787', 'KH9620', 'KI0476', 'KI7910']","https://assets.adidas.com/images/w_383,h_383,f_auto,q_auto,fl_lossy,c_fill,g_auto/7e3faa2acb914034aaefab0981ff8571_9366/Adizero_EVO_SL_Zip_Running_Shoes_White_KH9623_HM1.jpg","{'prices': [{'type': 'original', 'value': 170, 'valueNoVat': 170}], 'isSoldOut': False}",71,4.7747,True,True
KI6121,ADISTAR CONTROL 5 SHOES,Originals,https://www.adidas.com/us/adistar-control-5-shoes/KI6121.html,ONN89,"['KI6121', 'KH6895', 'KI6120', 'KI6150', 'KI6151', 'KI6152', 'KI6154', 'KI6680', 'KI8590', 'KI8592', 'KI8601', 'KI9356', 'KJ3630', 'KJ3631', 'KJ5955', 'KJ7727', 'KJ8805', 'LA3965']","https://assets.adidas.com/images/w_383,h_383,f_auto,q_auto,fl_lossy,c_fill,g_auto/7edfc1fabae2411d9752533dd336ea47_9366/ADISTAR_CONTROL_5_SHOES_Silver_KI6121_HM1.jpg","{'prices': [{'type': 'original', 'value': 120, 'valueNoVat': 120}], 'isSoldOut': False}",664,4.8449,True,True
KK2694,HANDBALL SPEZIAL SHOES,Originals,https://www.adidas.com/us/handball-spezial-shoes/KK2694.html,BTP23,"['KK2694', 'BD7632', 'BD7633', 'DB3021', 'IF7086', 'IF7087', 'IG6191', 'IG6192', 'IH6506', 'IH6507', 'IH6508', 'IH6568', 'IH6569', 'IH6586', 'IH6588', 'IH6592', 'IH6594', 'IH6597', 'IH6598', 'IH6617', 'IH6618', 'IH9668', 'IH9672', 'IH9760', 'KH9051', 'KI8580', 'KI8685', 'KI8686', 'KI8687', 'KJ2399', 'KJ2401', 'KJ7413', 'KJ7414', 'KJ7415', 'KJ9876', 'KJ9883', 'KJ9884', 'KJ9956', 'KJ9957', 'KJ9958', 'KJ9962', 'KJ9963', 'KJ9964', 'KJ9968', 'KJ9969', 'KJ9974', 'KJ9975', 'KK1153', 'KK2692', 'KK2693', 'KK4232', 'KK4242', 'KK4860', 'KK4867', 'KZ6702', 'KZ6703', 'KZ6704', 'KZ6705', 'KZ6706', 'KZ6707', 'KZ6712']","https://assets.adidas.com/images/w_383,h_383,f_auto,q_auto,fl_lossy,c_fill,g_auto/e1983370408c4114a9a0a4ea98019dd9_9366/HANDBALL_SPEZIAL_SHOES_Grey_KK2694_00_plp_standard.jpg","{'prices': [{'type': 'original', 'value': 110, 'valueNoVat': 110}], 'isSoldOut': False}",9789,4.8179,True,True
KJ0410,Terrex Rockadia Hiking Shoe,Men TERREX,https://www.adidas.com/us/terrex-rockadia-hiking-shoe/KJ0410.html,OPW90,"['KJ0410', 'KJ0412', 'KJ0414', 'KZ5642', 'KZ9174']","https://assets.adidas.com/images/w_383,h_383,f_auto,q_auto,fl_lossy,c_fill,g_auto/4c3017c79bfd4377b3ce702b7e7c7df9_9366/Terrex_Rockadia_Hiking_Shoe_Grey_KJ0410_00_plp_standard.jpg","{'prices': [{'type': 'original', 'value': 70, 'valueNoVat': 70}], 'isSoldOut': False}",48,4.8334,,True
KI3248,Adizero Prime X3 Strung Shoes,Performance,https://www.adidas.com/us/adizero-prime-x3-strung-shoes/KI3248.html,NMQ15,"['KI3248', 'JP9192']","https://assets.adidas.com/images/w_383,h_383,f_auto,q_auto,fl_lossy,c_fill,g_auto/7a8c971af98745508715e7e43ca747a4_9366/Adizero_Prime_X3_Strung_Shoes_Pink_KI3248_HM1.jpg","{'prices': [{'type': 'original', 'value': 305, 'valueNoVat': 305}], 'isSoldOut': False}",266,4.7482,,True
KZ8509,HYPERBOOST EPHR LT SHOES,Originals,https://www.adidas.com/us/hyperboost-ephr-lt-shoes/KZ8509.html,ORV74,"['KZ8509', 'KZ8507', 'KZ8511']","https://assets.adidas.com/images/w_383,h_383,f_auto,q_auto,fl_lossy,c_fill,g_auto/ab37c6e90db747f6b3f5947002e8b109_9366/HYPERBOOST_EPHR_LT_SHOES_Black_KZ8509_HM1.jpg","{'prices': [{'type': 'original', 'value': 150, 'valueNoVat': 150}], 'isSoldOut': False}",68,4.6324,,True
IH9451,HYPERBOOST GTX M Shoes,Men Performance,https://www.adidas.com/us/hyperboost-gtx-m-shoes/IH9451.html,OOY24,"['IH9451', 'IH9450', 'KK2021']","https://assets.adidas.com/images/w_383,h_383,f_auto,q_auto,fl_lossy,c_fill,g_auto/6c3d9360a33440e6b6c16d117a78562e_9366/HYPERBOOST_GTX_M_Shoes_White_IH9451_00_plp_standard.jpg","{'prices': [{'type': 'original', 'value': 200, 'valueNoVat': 200}], 'isSoldOut': False}",-99,,,True
KK0311,ADIZERO EVO SL ATR Shoes,Men Performance,https://www.adidas.com/us/adizero-evo-sl-atr-shoes/KK0311.html,OQS41,"['KK0311', 'KI5668', 'KI7833', 'KI7836', 'KK2683', 'KK2688']","https://assets.adidas.com/images/w_383,h_383,f_auto,q_auto,fl_lossy,c_fill,g_auto/ae1e946b6f16488eb92fb08f825c7629_9366/ADIZERO_EVO_SL_ATR_Shoes_Black_KK0311_00_plp_standard.jpg","{'prices': [{'type': 'original', 'value': 160, 'valueNoVat': 160}], 'isSoldOut': False}",547,4.5558,True,True
KJ0412,Terrex Rockadia Hiking Shoe,Men TERREX,https://www.adidas.com/us/terrex-rockadia-hiking-shoe/KJ0412.html,OPW90,"['KJ0412', 'KJ0410', 'KJ0414', 'KZ5642', 'KZ9174']","https://assets.adidas.com/images/w_383,h_383,f_auto,q_auto,fl_lossy,c_fill,g_auto/147d17f7b9fc4c56b13ace4d27e905f7_9366/Terrex_Rockadia_Hiking_Shoe_Black_KJ0412_HM1.jpg","{'prices': [{'type': 'original', 'value': 70, 'valueNoVat': 70}], 'isSoldOut': False}",48,4.8334,,True
KZ9174,Terrex Rockadia Hiking Shoe,Men TERREX,https://www.adidas.com/us/terrex-rockadia-hiking-shoe/KZ9174.html,OPW90,"['KZ9174', 'KJ0410', 'KJ0412', 'KJ0414', 'KZ5642']","https://assets.adidas.com/images/w_383,h_383,f_auto,q_auto,fl_lossy,c_fill,g_auto/550df870844b4606921f3349808a9da3_9366/Terrex_Rockadia_Hiking_Shoe_Blue_KZ9174_00_plp_standard.jpg","{'prices': [{'type': 'original', 'value': 70, 'valueNoVat': 70}], 'isSoldOut': False}",48,4.8334,,True
KJ0424,ADIZERO EVO SL EXO Shoes,Men Performance,https://www.adidas.com/us/adizero-evo-sl-exo-shoes/KJ0424.html,SLEXO1,"['KJ0424', 'KI4763', 'KI4764', 'KJ0422', 'KJ0425', 'KJ0428', 'KJ0429', 'KJ0430', 'KJ0431', 'KJ3102', 'LA5900']","https://assets.adidas.com/images/w_383,h_383,f_auto,q_auto,fl_lossy,c_fill,g_auto/bce71a7c713c4338b0f3fb18644b9c54_9366/ADIZERO_EVO_SL_EXO_Shoes_Purple_KJ0424_HM1.jpg","{'prices': [{'type': 'original', 'value': 150, 'valueNoVat': 150}], 'isSoldOut': False}",85,4.6589,True,True
KH9534,GRAND COURT 3.0 SHOES,Men Sportswear,https://www.adidas.com/us/grand-court-3.0-shoes/KH9534.html,OOV70,"['KH9534', 'IH1472', 'IH1473', 'IH1474', 'IH1475', 'IH1476', 'IH1484', 'KH9533']","https://assets.adidas.com/images/w_383,h_383,f_auto,q_auto,fl_lossy,c_fill,g_auto/b413d17932644af0b7640035aa3ce06f_9366/GRAND_COURT_3.0_SHOES_Grey_KH9534_00_plp_standard.jpg","{'prices': [{'type': 'original', 'value': 70, 'valueNoVat': 70}], 'isSoldOut': False}",162,4.7902,True,True
KJ9884,HANDBALL SPEZIAL SHOES,Originals,https://www.adidas.com/us/handball-spezial-shoes/KJ9884.html,BTP23,"['KJ9884', 'BD7632', 'BD7633', 'DB3021', 'IF7086', 'IF7087', 'IG6191', 'IG6192', 'IH6506', 'IH6507', 'IH6508', 'IH6568', 'IH6569', 'IH6586', 'IH6588', 'IH6592', 'IH6594', 'IH6597', 'IH6598', 'IH6617', 'IH6618', 'IH9668', 'IH9672', 'IH9760', 'KH9051', 'KI8580', 'KI8685', 'KI8686', 'KI8687', 'KJ2399', 'KJ2401', 'KJ7413', 'KJ7414', 'KJ7415', 'KJ9876', 'KJ9883', 'KJ9956', 'KJ9957', 'KJ9958', 'KJ9962', 'KJ9963', 'KJ9964', 'KJ9968', 'KJ9969', 'KJ9974', 'KJ9975', 'KK1153', 'KK2692', 'KK2693', 'KK2694', 'KK4232', 'KK4242', 'KK4860', 'KK4867', 'KZ6702', 'KZ6703', 'KZ6704', 'KZ6705', 'KZ6706', 'KZ6707', 'KZ6712']","https://assets.adidas.com/images/w_383,h_383,f_auto,q_auto,fl_lossy,c_fill,g_auto/529c94ab46a14059bf1622e589c3b34a_9366/HANDBALL_SPEZIAL_SHOES_Yellow_KJ9884_00_plp_standard.jpg","{'prices': [{'type': 'original', 'value': 110, 'valueNoVat': 110}], 'isSoldOut': False}",9789,4.8179,,True
KI2822,Adizero EVO SL Woven Running Shoes,Men Performance,https://www.adidas.com/us/adizero-evo-sl-woven-running-shoes/KI2822.html,OOS26,"['KI2822', 'JQ4440', 'JQ4441', 'JQ4442', 'JQ4443', 'JQ4527', 'JR1912', 'JR2022', 'JR2024', 'JR4728', 'KH9494', 'KI1451', 'KI1492', 'KI4256', 'KI4263', 'KI4828', 'KI4842', 'KI6926', 'KI8342', 'KJ1996', 'KJ2521', 'KK3673', 'KK3719']","https://assets.adidas.com/images/w_383,h_383,f_auto,q_auto,fl_lossy,c_fill,g_auto/ff2eb4f2c0794e2d9b3901c5cfa3680f_9366/Adizero_EVO_SL_Woven_Running_Shoes_Brown_KI2822_00_plp_standard.jpg","{'prices': [{'type': 'original', 'value': 150, 'valueNoVat': 150}], 'isSoldOut': False}",462,4.7555,True,True
KH6422,Purechill,Sportswear,https://www.adidas.com/us/purechill/KH6422.html,OSF28,"['KH6422', 'KH6421', 'KH6423', 'KH6424', 'KH6425', 'KH6427', 'KH6673', 'KH6696', 'KH6698', 'KI0065', 'KI0066', 'KI0067', 'KI0073', 'KI0074', 'KI0075']","https://assets.adidas.com/images/w_383,h_383,f_auto,q_auto,fl_lossy,c_fill,g_auto/4f829da761764a83883a1c0a652d3495_9366/Purechill_Brown_KH6422_00_plp_standard.jpg","{'prices': [{'type': 'sale', 'value': 53, 'valueNoVat': 53}, {'type': 'original', 'value': 75, 'valueNoVat': 75, 'discountPercentage': -25}], 'isSoldOut': False}",1245,4.6274,True,True
KJ1887,ANTHONY EDWARDS 2 Shoes,Performance,https://www.adidas.com/us/anthony-edwards-2-shoes/KJ1887.html,OQN77,"['KJ1887', 'JQ9493', 'JQ9495', 'JQ9497', 'JQ9501', 'JQ9503', 'JR1572', 'JR4359', 'JS3508', 'JS3514', 'KJ2363', 'KJ4228', 'KK0645', 'KK1390']","https://assets.adidas.com/images/w_383,h_383,f_auto,q_auto,fl_lossy,c_fill,g_auto/42d4b5835e12404dbe19f944c2c60896_9366/ANTHONY_EDWARDS_2_Shoes_Pink_KJ1887_00_plp_standard.jpg","{'prices': [{'type': 'original', 'value': 130, 'valueNoVat': 130}], 'isSoldOut': False}",556,4.7482,True,True
KK5026,BW ARMY SHOES,Originals,https://www.adidas.com/us/bw-army-shoes/KK5026.html,ORU97,"['KK5026', 'HQ9264', 'HQ9265', 'KH8484', 'KK2711', 'KK2713', 'KK2801', 'KK2802', 'KK5028', 'LA3396', 'LB5654']","https://assets.adidas.com/images/w_383,h_383,f_auto,q_auto,fl_lossy,c_fill,g_auto/bb8d9b56e2bf4cfba38eac236561f3ec_9366/BW_ARMY_SHOES_Brown_KK5026_00_plp_standard.jpg","{'prices': [{'type': 'original', 'value': 120, 'valueNoVat': 120}], 'isSoldOut': False}",195,4.7282,True,True
HQ5680,SKATEBOARDING Shoes,Men Originals,https://www.adidas.com/us/skateboarding-shoes/HQ5680.html,LRW49,"['HQ5680', 'GZ8477', 'HQ7541', 'IE3100', 'KI5089', 'KJ0262', 'KJ0263', 'KJ0264', 'KJ0265']","https://assets.adidas.com/images/w_383,h_383,f_auto,q_auto,fl_lossy,c_fill,g_auto/5fbf8bddb2f54269add9ee8082b86459_9366/SKATEBOARDING_Shoes_Black_HQ5680_00_plp_standard.jpg","{'prices': [{'type': 'original', 'value': 100, 'valueNoVat': 100}], 'isSoldOut': False}",1128,4.7208,,True
KZ5642,Terrex Rockadia Hiking Shoe,Men TERREX,https://www.adidas.com/us/terrex-rockadia-hiking-shoe/KZ5642.html,OPW90,"['KZ5642', 'KJ0410', 'KJ0412', 'KJ0414', 'KZ9174']","https://assets.adidas.com/images/w_383,h_383,f_auto,q_auto,fl_lossy,c_fill,g_auto/2ccf5142c5694501bf73535c588e7cf0_9366/Terrex_Rockadia_Hiking_Shoe_Green_KZ5642_00_plp_standard.jpg","{'prices': [{'type': 'original', 'value': 70, 'valueNoVat': 70}], 'isSoldOut': False}",48,4.8334,,True
IF4505,Daily 4.0 Shoes,Men Sportswear,https://www.adidas.com/us/daily-4.0-shoes/IF4505.html,NIZ90,"['IF4505', 'IF4492', 'IF4493', 'IF4494', 'IF4496', 'IF4503', 'IF4504', 'IH1591', 'JH6930', 'JI4352', 'JI4354', 'JI4355', 'KJ4670', 'KJ4671']","https://assets.adidas.com/images/w_383,h_383,f_auto,q_auto,fl_lossy,c_fill,g_auto/9058cfc6fee84424a1e6b4b7e7d08478_9366/Daily_4.0_Shoes_Brown_IF4505_00_plp_standard.jpg","{'prices': [{'type': 'sale', 'value': 39, 'valueNoVat': 39}, {'type': 'original', 'value': 65, 'valueNoVat': 65, 'discountPercentage': -40}], 'isSoldOut': False}",1339,4.7043,True,True
B41645,Gazelle Shoes,Originals,https://www.adidas.com/us/gazelle-shoes/B41645.html,IAZ12,"['B41645', 'BB5476', 'BB5478', 'BB5480', 'CQ2809', 'HQ9441']","https://assets.adidas.com/images/w_383,h_383,f_auto,q_auto,fl_lossy,c_fill,g_auto/37dcf18c4e89486ab408a8da01828572_9366/Gazelle_Shoes_Burgundy_B41645_00_plp_standard.jpg","{'prices': [{'type': 'original', 'value': 100, 'valueNoVat': 100}], 'isSoldOut': False}",27333,4.7405,True,True
KJ5071,LITE RACER ADAPT 8.0 WIDE SHOES,Men Sportswear,https://www.adidas.com/us/lite-racer-adapt-8.0-wide-shoes/KJ5071.html,OSK83,"['KJ5071', 'KJ5062', 'KJ5067', 'KJ5069', 'KJ5070', 'KJ5072', 'KJ5073', 'KJ5075']","https://assets.adidas.com/images/w_383,h_383,f_auto,q_auto,fl_lossy,c_fill,g_auto/b5efd73ed36842169695dbb3f5d71068_9366/LITE_RACER_ADAPT_8.0_WIDE_SHOES_Grey_KJ5071_00_plp_standard.jpg","{'prices': [{'type': 'original', 'value': 70, 'valueNoVat': 70}], 'isSoldOut': False}",45,4.5333,,True
ID0469,X_PLR Path Shoes,Men Sportswear,https://www.adidas.com/us/x_plr-path-shoes/ID0469.html,MCR40,"['ID0469', 'ID0465', 'ID0466', 'IE6459', 'JR1426']","https://assets.adidas.com/images/w_383,h_383,f_auto,q_auto,fl_lossy,c_fill,g_auto/3d44be2ad9de48549074acc1b95ecf2e_9366/X_PLR_Path_Shoes_Blue_ID0469_00_plp_standard.jpg","{'prices': [{'type': 'original', 'value': 65, 'valueNoVat': 65}], 'isSoldOut': False}",1070,4.7701,True,True
KI4842,Adizero EVO SL Woven Running Shoes,Men Performance,https://www.adidas.com/us/adizero-evo-sl-woven-running-shoes/KI4842.html,OOS26,"['KI4842', 'JQ4440', 'JQ4441', 'JQ4442', 'JQ4443', 'JQ4527', 'JR1912', 'JR2022', 'JR2024', 'JR4728', 'KH9494', 'KI1451', 'KI1492', 'KI2822', 'KI4256', 'KI4263', 'KI4828', 'KI6926', 'KI8342', 'KJ1996', 'KJ2521', 'KK3673', 'KK3719']","https://assets.adidas.com/images/w_383,h_383,f_auto,q_auto,fl_lossy,c_fill,g_auto/f13364d7062d4903b535b3edcad7cc28_9366/Adizero_EVO_SL_Woven_Running_Shoes_Blue_KI4842_HM1.jpg","{'prices': [{'type': 'original', 'value': 150, 'valueNoVat': 150}], 'isSoldOut': False}",462,4.7555,True,True
KI0065,Purechill,Sportswear,https://www.adidas.com/us/purechill/KI0065.html,OSF28,"['KI0065', 'KH6421', 'KH6422', 'KH6423', 'KH6424', 'KH6425', 'KH6427', 'KH6673', 'KH6696', 'KH6698', 'KI0066', 'KI0067', 'KI0073', 'KI0074', 'KI0075']","https://assets.adidas.com/images/w_383,h_383,f_auto,q_auto,fl_lossy,c_fill,g_auto/efaadb9e0c5a40618f7cc126df5f6b01_9366/Purechill_Pink_KI0065_00_plp_standard.jpg","{'prices': [{'type': 'sale', 'value': 38, 'valueNoVat': 38}, {'type': 'original', 'value': 75, 'valueNoVat': 75, 'discountPercentage': -45}], 'isSoldOut': False}",1245,4.6274,,True
GW6931,Superstar ADV Shoes,Originals,https://www.adidas.com/us/superstar-adv-shoes/GW6931.html,OSH19,"['GW6931', 'GW6930', 'KI5141', 'KI5142', 'KJ5112', 'KJ5113', 'KJ5118', 'KJ5120', 'KZ8893']","https://assets.adidas.com/images/w_383,h_383,f_auto,q_auto,fl_lossy,c_fill,g_auto/0b9bbb3144854c378469ae02002e4ba6_9366/Superstar_ADV_Shoes_Black_GW6931_00_plp_standard.jpg","{'prices': [{'type': 'original', 'value': 100, 'valueNoVat': 100}], 'isSoldOut': False}",154,4.8247,True,True
KI6357,JUMP HOOK SHOES,Sportswear,https://www.adidas.com/us/jump-hook-shoes/KI6357.html,ORL20,"['KI6357', 'KI6358', 'KJ2986']","https://assets.adidas.com/images/w_383,h_383,f_auto,q_auto,fl_lossy,c_fill,g_auto/7a86a0f9a2d7430f806477e6eeaf066d_9366/JUMP_HOOK_SHOES_White_KI6357_00_plp_standard.jpg","{'prices': [{'type': 'original', 'value': 55, 'valueNoVat': 55}], 'isSoldOut': False}",11,4.9091,True,True
KJ9876,HANDBALL SPEZIAL SHOES,Men Originals,https://www.adidas.com/us/handball-spezial-shoes/KJ9876.html,BTP23,"['KJ9876', 'BD7632', 'BD7633', 'DB3021', 'IF7086', 'IF7087', 'IG6191', 'IG6192', 'IH6506', 'IH6507', 'IH6508', 'IH6568', 'IH6569', 'IH6586', 'IH6588', 'IH6592', 'IH6594', 'IH6597', 'IH6598', 'IH6617', 'IH6618', 'IH9668', 'IH9672', 'IH9760', 'KH9051', 'KI8580', 'KI8685', 'KI8686', 'KI8687', 'KJ2399', 'KJ2401', 'KJ7413', 'KJ7414', 'KJ7415', 'KJ9883', 'KJ9884', 'KJ9956', 'KJ9957', 'KJ9958', 'KJ9962', 'KJ9963', 'KJ9964', 'KJ9968', 'KJ9969', 'KJ9974', 'KJ9975', 'KK1153', 'KK2692', 'KK2693', 'KK2694', 'KK4232', 'KK4242', 'KK4860', 'KK4867', 'KZ6702', 'KZ6703', 'KZ6704', 'KZ6705', 'KZ6706', 'KZ6707', 'KZ6712']","https://assets.adidas.com/images/w_383,h_383,f_auto,q_auto,fl_lossy,c_fill,g_auto/e65925f2e40646a5ad2dfdc0914fa956_9366/HANDBALL_SPEZIAL_SHOES_Black_KJ9876_01_00_standard.jpg","{'prices': [{'type': 'original', 'value': 110, 'valueNoVat': 110}], 'isSoldOut': False}",9789,4.8179,,True
KI4103,CRAZY ENERGY + SHOES,Performance,https://www.adidas.com/us/crazy-energy-plusshoes/KI4103.html,ORZ67,"['KI4103', 'JS4289', 'KI3197', 'KI4100']","https://assets.adidas.com/images/w_383,h_383,f_auto,q_auto,fl_lossy,c_fill,g_auto/27e5d39c5d0f4109932d6c0218240506_9366/CRAZY_ENERGY_SHOES_Purple_KI4103_00_plp_standard.jpg","{'prices': [{'type': 'original', 'value': 150, 'valueNoVat': 150}], 'isSoldOut': False}",27,4.926,True,True
IF4503,Daily 4.0 Shoes,Men Sportswear,https://www.adidas.com/us/daily-4.0-shoes/IF4503.html,NIZ90,"['IF4503', 'IF4492', 'IF4493', 'IF4494', 'IF4496', 'IF4504', 'IF4505', 'IH1591', 'JH6930', 'JI4352', 'JI4354', 'JI4355', 'KJ4670', 'KJ4671']","https://assets.adidas.com/images/w_383,h_383,f_auto,q_auto,fl_lossy,c_fill,g_auto/8f850d3179de4595b0eb5b569dd34bba_9366/Daily_4.0_Shoes_Blue_IF4503_00_plp_standard.jpg","{'prices': [{'type': 'original', 'value': 65, 'valueNoVat': 65}], 'isSoldOut': False}",1339,4.7043,True,True
JQ4127,Swift Run 1.0 Shoes,Men Sportswear,https://www.adidas.com/us/swift-run-1.0-shoes/JQ4127.html,MDM01,"['JQ4127', 'IE7475', 'IE7476', 'IF0569', 'JR6891']","https://assets.adidas.com/images/w_383,h_383,f_auto,q_auto,fl_lossy,c_fill,g_auto/383c65853a9d4da0a04ca895cf786618_9366/Swift_Run_1.0_Shoes_Grey_JQ4127_00_plp_standard.jpg","{'prices': [{'type': 'sale', 'value': 60, 'valueNoVat': 60}, {'type': 'original', 'value': 80, 'valueNoVat': 80, 'discountPercentage': -25}], 'isSoldOut': False}",1229,4.52,True,True
KK2356,SUPERSTAR II shoes,Originals,https://www.adidas.com/us/superstar-ii-shoes/KK2356.html,OPW95,"['KK2356', 'IH8659', 'IH9317', 'IH9318', 'JI0079', 'JQ3175', 'JR3584', 'JR7313', 'JR7315', 'KH8972', 'KH8973', 'KH9038', 'KI0979', 'KI0981', 'KI2005', 'KJ3276', 'KJ8400', 'KJ9947', 'KK4722', 'KK4723', 'KK4750', 'KK4751', 'KZ6730', 'KZ6731']","https://assets.adidas.com/images/w_383,h_383,f_auto,q_auto,fl_lossy,c_fill,g_auto/e80f13aed14445cfb835e659187ee592_9366/SUPERSTAR_II_shoes_Black_KK2356_00_plp_standard.jpg","{'prices': [{'type': 'original', 'value': 110, 'valueNoVat': 110}], 'isSoldOut': False}",1087,4.8114,,True
JI1426,Supernova Ease Shoes,Men Performance,https://www.adidas.com/us/supernova-ease-shoes/JI1426.html,NKM27,"['JI1426', 'JH8559']","https://assets.adidas.com/images/w_383,h_383,f_auto,q_auto,fl_lossy,c_fill,g_auto/119ba60fbcb543dc998255ff61021831_9366/Supernova_Ease_Shoes_Black_JI1426_HM1.jpg","{'prices': [{'type': 'sale', 'value': 55, 'valueNoVat': 55}, {'type': 'original', 'value': 100, 'valueNoVat': 100, 'discountPercentage': -45}], 'isSoldOut': False}",377,4.5677,,True
KK4718,BARREDA DECODE SHOES,Men Sportswear,https://www.adidas.com/us/barreda-decode-shoes/KK4718.html,OPS66,"['KK4718', 'IH1453', 'IH1454', 'IH1455', 'JR1227', 'JR1229', 'JR1230', 'JR1231', 'JR1233', 'JS0936', 'KJ6845', 'KJ9087', 'KJ9195', 'KJ9197', 'KJ9200']","https://assets.adidas.com/images/w_383,h_383,f_auto,q_auto,fl_lossy,c_fill,g_auto/97b13623403441458c48a6cb1fb01701_9366/BARREDA_DECODE_SHOES_Blue_KK4718_HM1.jpg","{'prices': [{'type': 'sale', 'value': 63, 'valueNoVat': 63}, {'type': 'original', 'value': 90, 'valueNoVat': 90, 'discountPercentage': -30}], 'isSoldOut': False}",102,4.6569,,True
JS2425,Cloudfoam Cuxxion Sock Shoes,Men Sportswear,https://www.adidas.com/us/cloudfoam-cuxxion-sock-shoes/JS2425.html,OND96,"['JS2425', 'HP3454', 'HP3456', 'KI9679', 'KI9681']","https://assets.adidas.com/images/w_383,h_383,f_auto,q_auto,fl_lossy,c_fill,g_auto/84ea24cf6e58446b971ffe1661f2820a_9366/Cloudfoam_Cuxxion_Sock_Shoes_Grey_JS2425_00_plp_standard.jpg","{'prices': [{'type': 'sale', 'value': 42, 'valueNoVat': 42}, {'type': 'original', 'value': 70, 'valueNoVat': 70, 'discountPercentage': -40}], 'isSoldOut': False}",94,4.6596,True,True
JI4084,Runfalcon 5 TR Running Shoes,Men Performance,https://www.adidas.com/us/runfalcon-5-tr-running-shoes/JI4084.html,NRW66,"['JI4084', 'JQ6957', 'JQ6958', 'JQ6959']","https://assets.adidas.com/images/w_383,h_383,f_auto,q_auto,fl_lossy,c_fill,g_auto/560b6090601445e884d57e43f512b74e_9366/Runfalcon_5_TR_Running_Shoes_Black_JI4084_HM1.jpg","{'prices': [{'type': 'sale', 'value': 63, 'valueNoVat': 63}, {'type': 'original', 'value': 70, 'valueNoVat': 70, 'discountPercentage': -10}], 'isSoldOut': False}",646,4.579,True,True
KH8128,HYPERBOOST EDGE Running Shoes,Men Performance,https://www.adidas.com/us/hyperboost-edge-running-shoes/KH8128.html,OQQ28,"['KH8128', 'KI0358', 'KI1911', 'KI1912', 'KI1913', 'KI4392', 'KI4393', 'KI4398', 'KI4401', 'KI4402', 'KI4413', 'KK0288', 'KK0289', 'KZ9958']","https://assets.adidas.com/images/w_383,h_383,f_auto,q_auto,fl_lossy,c_fill,g_auto/2805a4c0a47e4a74b03055e64442c81a_9366/HYPERBOOST_EDGE_Running_Shoes_Pink_KH8128_HM51.jpg","{'prices': [{'type': 'original', 'value': 200, 'valueNoVat': 200}], 'isSoldOut': False}",661,4.6566,True,True
KK2750,SUPERSTAR II MOSSY OAK SHOES,Originals,https://www.adidas.com/us/superstar-ii-mossy-oak-shoes/KK2750.html,OTQ86,[],"https://assets.adidas.com/images/w_383,h_383,f_auto,q_auto,fl_lossy,c_fill,g_auto/c5809f41abb04175a861c90b47eaeedf_9366/SUPERSTAR_II_MOSSY_OAK_SHOES_Black_KK2750_00_plp_standard.jpg","{'prices': [{'type': 'original', 'value': 110, 'valueNoVat': 110}], 'isSoldOut': False}",-99,,True,True
JR2024,Adizero EVO SL Woven Running Shoes,Men Performance,https://www.adidas.com/us/adizero-evo-sl-woven-running-shoes/JR2024.html,OOS26,"['JR2024', 'JQ4440', 'JQ4441', 'JQ4442', 'JQ4443', 'JQ4527', 'JR1912', 'JR2022', 'JR4728', 'KH9494', 'KI1451', 'KI1492', 'KI2822', 'KI4256', 'KI4263', 'KI4828', 'KI4842', 'KI6926', 'KI8342', 'KJ1996', 'KJ2521', 'KK3673', 'KK3719']","https://assets.adidas.com/images/w_383,h_383,f_auto,q_auto,fl_lossy,c_fill,g_auto/7bd1207382634a8c8e7a788f8d54db13_9366/Adizero_EVO_SL_Woven_Running_Shoes_Yellow_JR2024_HM1.jpg","{'prices': [{'type': 'original', 'value': 150, 'valueNoVat': 150}], 'isSoldOut': False}",462,4.7555,True,True
JQ0045,Samoa Shoes,Men Originals,https://www.adidas.com/us/samoa-shoes/JQ0045.html,019351L,"['JQ0045', 'IG1817', 'JQ0048']","https://assets.adidas.com/images/w_383,h_383,f_auto,q_auto,fl_lossy,c_fill,g_auto/a8cc5ddda1d84145bb9ffa06bb8b8088_9366/Samoa_Shoes_White_JQ0045_00_plp_standard.jpg","{'prices': [{'type': 'original', 'value': 80, 'valueNoVat': 80}], 'isSoldOut': False}",514,4.751,,True
KJ0658,CLIMACOOL LACED SHOES,Sportswear,https://www.adidas.com/us/climacool-laced-shoes/KJ0658.html,OTN36,"['KJ0658', 'KI2682']","https://assets.adidas.com/images/w_383,h_383,f_auto,q_auto,fl_lossy,c_fill,g_auto/6b7217d1bc594c39a963ad4fdc7d8877_9366/CLIMACOOL_LACED_SHOES_Brown_KJ0658_HM1.jpg","{'prices': [{'type': 'original', 'value': 160, 'valueNoVat': 160}], 'isSoldOut': False}",1,2.0,,True
JQ6959,Runfalcon 5 TR Running Shoes,Men Performance,https://www.adidas.com/us/runfalcon-5-tr-running-shoes/JQ6959.html,NRW66,"['JQ6959', 'JI4084', 'JQ6957', 'JQ6958']","https://assets.adidas.com/images/w_383,h_383,f_auto,q_auto,fl_lossy,c_fill,g_auto/1d13098dad5248c9b9bcb5dfd3d76591_9366/Runfalcon_5_TR_Running_Shoes_Grey_JQ6959_HM1.jpg","{'prices': [{'type': 'sale', 'value': 60, 'valueNoVat': 60}, {'type': 'original', 'value': 70, 'valueNoVat': 70, 'discountPercentage': -10}], 'isSoldOut': False}",646,4.579,True,True
KH9695,GAZELLE INDOOR SHOES,Originals,https://www.adidas.com/us/gazelle-indoor-shoes/KH9695.html,OSN43,"['KH9695', 'KH9693', 'KH9702', 'KH9704', 'KI2252', 'KI2253']","https://assets.adidas.com/images/w_383,h_383,f_auto,q_auto,fl_lossy,c_fill,g_auto/8d4108d0a4d74511bd77a74c7b87f694_9366/GAZELLE_INDOOR_SHOES_Grey_KH9695_00_plp_standard.jpg","{'prices': [{'type': 'original', 'value': 120, 'valueNoVat': 120}], 'isSoldOut': False}",17,4.5883,True,True
IH1473,GRAND COURT 3.0 SHOES,Men Sportswear,https://www.adidas.com/us/grand-court-3.0-shoes/IH1473.html,OOV70,"['IH1473', 'IH1472', 'IH1474', 'IH1475', 'IH1476', 'IH1484', 'KH9533', 'KH9534']","https://assets.adidas.com/images/w_383,h_383,f_auto,q_auto,fl_lossy,c_fill,g_auto/e7b37f1cbe954e8cab02aa8fad87bb83_9366/GRAND_COURT_3.0_SHOES_Black_IH1473_HM1.jpg","{'prices': [{'type': 'sale', 'value': 39, 'valueNoVat': 39}, {'type': 'original', 'value': 70, 'valueNoVat': 70, 'discountPercentage': -40}], 'isSoldOut': False}",162,4.7902,True,True
KH5565,Runfalcon 6 CLOUDFOAM Running Shoes,Men Performance,https://www.adidas.com/us/runfalcon-6-cloudfoam-running-shoes/KH5565.html,OOY30,"['KH5565', 'IH9526', 'IH9527', 'IH9528', 'IH9530', 'IH9532', 'KH5562', 'KH5563', 'KH5566']","https://assets.adidas.com/images/w_383,h_383,f_auto,q_auto,fl_lossy,c_fill,g_auto/477fa9123c55462ba2ee66499b5806c9_9366/Runfalcon_6_CLOUDFOAM_Running_Shoes_Blue_KH5565_HM1.jpg","{'prices': [{'type': 'original', 'value': 65, 'valueNoVat': 65}], 'isSoldOut': False}",203,4.7144,,True
KK2895,ADISTAR XLG 2.0 SHOES,Originals,https://www.adidas.com/us/adistar-xlg-2.0-shoes/KK2895.html,ORC52,"['KK2895', 'HQ7468', 'HQ7551', 'HQ7552', 'HQ7553', 'HQ7554', 'HQ7555', 'KI4505', 'KI4506', 'KJ7895', 'KK2896', 'KK2899', 'KK2900', 'KZ9011', 'KZ9155', 'KZ9160', 'LA1813']","https://assets.adidas.com/images/w_383,h_383,f_auto,q_auto,fl_lossy,c_fill,g_auto/bb4c76ab0a6349bd90353d4189a7eda8_9366/ADISTAR_XLG_2.0_SHOES_White_KK2895_00_plp_standard.jpg","{'prices': [{'type': 'sale', 'value': 105, 'valueNoVat': 105}, {'type': 'original', 'value': 150, 'valueNoVat': 150, 'discountPercentage': -30}], 'isSoldOut': False}",273,4.7473,,True
KJ0261,Busenitz Shoes,Men Originals,https://www.adidas.com/us/busenitz-shoes/KJ0261.html,SO695,"['KJ0261', 'G48060', 'HQ4708', 'HQ7534', 'KI7713', 'KJ0259', 'KJ0260']","https://assets.adidas.com/images/w_383,h_383,f_auto,q_auto,fl_lossy,c_fill,g_auto/bb0df0fdd2d6456eb1e2bfed97dea08a_9366/Busenitz_Shoes_Black_KJ0261_00_plp_standard.jpg","{'prices': [{'type': 'original', 'value': 85, 'valueNoVat': 85}], 'isSoldOut': False}",4072,4.6563,True,True
JQ9433,D.O.N. Issue 7 Shoes,Performance,https://www.adidas.com/us/d.o.n.-issue-7-shoes/JQ9433.html,OOT60,[],"https://assets.adidas.com/images/w_383,h_383,f_auto,q_auto,fl_lossy,c_fill,g_auto/114cab47801245989d5757a4a704b13a_9366/D.O.N._Issue_7_Shoes_Blue_JQ9433_00_plp_standard.jpg","{'prices': [{'type': 'sale', 'value': 96, 'valueNoVat': 96}, {'type': 'original', 'value': 120, 'valueNoVat': 120, 'discountPercentage': -20}], 'isSoldOut': False}",108,4.7315,,True
KI1604,HARDEN VOLUME 10 Shoes,Performance,https://www.adidas.com/us/harden-volume-10-shoes/KI1604.html,OMP59,"['KI1604', 'JQ9422', 'JQ9453', 'JR1598', 'JR1602', 'KH9153', 'KI1605', 'KI1608', 'KI1610', 'KJ1454']","https://assets.adidas.com/images/w_383,h_383,f_auto,q_auto,fl_lossy,c_fill,g_auto/eb6e820cb06a46bbaaceea56310347ec_9366/HARDEN_VOLUME_10_Shoes_Red_KI1604_00_plp_standard.jpg","{'prices': [{'type': 'original', 'value': 160, 'valueNoVat': 160}], 'isSoldOut': False}",252,4.7104,True,True
KI1032,HOOPS MID CLASSIC SHOES,Men Sportswear,https://www.adidas.com/us/hoops-mid-classic-shoes/KI1032.html,ONQ40,"['KI1032', 'KI1033', 'KI1035']","https://assets.adidas.com/images/w_383,h_383,f_auto,q_auto,fl_lossy,c_fill,g_auto/b172f10391524ca08ac2ed37f09bf2cd_9366/HOOPS_MID_CLASSIC_SHOES_White_KI1032_00_plp_standard.jpg","{'prices': [{'type': 'original', 'value': 70, 'valueNoVat': 70}], 'isSoldOut': False}",215,4.6884,True,True
IH9532,Runfalcon 6 CLOUDFOAM Running Shoes,Men Performance,https://www.adidas.com/us/runfalcon-6-cloudfoam-running-shoes/IH9532.html,OOY30,"['IH9532', 'IH9526', 'IH9527', 'IH9528', 'IH9530', 'KH5562', 'KH5563', 'KH5565', 'KH5566']","https://assets.adidas.com/images/w_383,h_383,f_auto,q_auto,fl_lossy,c_fill,g_auto/5253505b8c074fdb895862e03d240419_9366/Runfalcon_6_CLOUDFOAM_Running_Shoes_Black_IH9532_HM1.jpg","{'prices': [{'type': 'sale', 'value': 39, 'valueNoVat': 39}, {'type': 'original', 'value': 65, 'valueNoVat': 65, 'discountPercentage': -40}], 'isSoldOut': False}",203,4.7144,,True
G99864,Rod Laver Shoes,Men Originals,https://www.adidas.com/us/rod-laver-shoes/G99864.html,JEI02,"['G99864', 'G99863', 'LA4181', 'LA6393']","https://assets.adidas.com/images/w_383,h_383,f_auto,q_auto,fl_lossy,c_fill,g_auto/5974bb7886cd4eceb7a2a5aa00604071_9366/Rod_Laver_Shoes_White_G99864_00_plp_standard.jpg","{'prices': [{'type': 'original', 'value': 90, 'valueNoVat': 90}], 'isSoldOut': False}",694,4.2796,True,True
KJ0245,BUSENITZ VULC II Shoes,Men Originals,https://www.adidas.com/us/busenitz-vulc-ii-shoes/KJ0245.html,GMN51,"['KJ0245', 'EF8472', 'HQ4711', 'HQ7528', 'HQ7530', 'KJ0247', 'KJ0248', 'KJ0249', 'KJ0251', 'KJ0252', 'KJ3476']","https://assets.adidas.com/images/w_383,h_383,f_auto,q_auto,fl_lossy,c_fill,g_auto/35cc16de58734478a68673febb7430cb_9366/BUSENITZ_VULC_II_Shoes_Blue_KJ0245_00_plp_standard.jpg","{'prices': [{'type': 'original', 'value': 75, 'valueNoVat': 75}], 'isSoldOut': False}",2130,4.6789,True,True
IH9528,Runfalcon 6 CLOUDFOAM Running Shoes,Men Performance,https://www.adidas.com/us/runfalcon-6-cloudfoam-running-shoes/IH9528.html,OOY30,"['IH9528', 'IH9526', 'IH9527', 'IH9530', 'IH9532', 'KH5562', 'KH5563', 'KH5565', 'KH5566']","https://assets.adidas.com/images/w_383,h_383,f_auto,q_auto,fl_lossy,c_fill,g_auto/21537cc8402d43099870dc464da0884f_9366/Runfalcon_6_CLOUDFOAM_Running_Shoes_Green_IH9528_HM1.jpg","{'prices': [{'type': 'sale', 'value': 49, 'valueNoVat': 49}, {'type': 'original', 'value': 65, 'valueNoVat': 65, 'discountPercentage': -20}], 'isSoldOut': False}",203,4.7144,,True
KH6427,Purechill,Sportswear,https://www.adidas.com/us/purechill/KH6427.html,OSF28,"['KH6427', 'KH6421', 'KH6422', 'KH6423', 'KH6424', 'KH6425', 'KH6673', 'KH6696', 'KH6698', 'KI0065', 'KI0066', 'KI0067', 'KI0073', 'KI0074', 'KI0075']","https://assets.adidas.com/images/w_383,h_383,f_auto,q_auto,fl_lossy,c_fill,g_auto/f272fb43dd3a44299e8aed16e3501191_9366/Purechill_White_KH6427_01_00_standard.jpg","{'prices': [{'type': 'sale', 'value': 60, 'valueNoVat': 60}, {'type': 'original', 'value': 75, 'valueNoVat': 75, 'discountPercentage': -20}], 'isSoldOut': False}",1245,4.6274,True,True
KJ0251,BUSENITZ VULC II Shoes,Men Originals,https://www.adidas.com/us/busenitz-vulc-ii-shoes/KJ0251.html,GMN51,"['KJ0251', 'EF8472', 'HQ4711', 'HQ7528', 'HQ7530', 'KJ0245', 'KJ0247', 'KJ0248', 'KJ0249', 'KJ0252', 'KJ3476']","https://assets.adidas.com/images/w_383,h_383,f_auto,q_auto,fl_lossy,c_fill,g_auto/8b476cf68cf7415c8e20b28dda40e631_9366/BUSENITZ_VULC_II_Shoes_Beige_KJ0251_00_plp_standard.jpg","{'prices': [{'type': 'original', 'value': 75, 'valueNoVat': 75}], 'isSoldOut': False}",2130,4.6789,,True
IH6724,Campus 00s Shoes,Originals,https://www.adidas.com/us/campus-00s-shoes/IH6724.html,CAMPUSU1223,"['IH6724', 'H03471', 'H03472', 'H03474', 'HQ8707', 'HQ8708', 'ID1435', 'IH4093', 'JQ8356', 'JQ8357', 'JR7287', 'JR8163', 'KI0930', 'KI0931', 'KI0932']","https://assets.adidas.com/images/w_383,h_383,f_auto,q_auto,fl_lossy,c_fill,g_auto/672f80ece1ca4e5fbb3bf673d6d3e558_9366/Campus_00s_Shoes_Green_IH6724_00_plp_standard.jpg","{'prices': [{'type': 'sale', 'value': 77, 'valueNoVat': 77}, {'type': 'original', 'value': 110, 'valueNoVat': 110, 'discountPercentage': -30}], 'isSoldOut': False}",1205,4.7859,,True
KK2981,TYSHAWN II Shoes,Originals,https://www.adidas.com/us/tyshawn-ii-shoes/KK2981.html,OQU12,"['KK2981', 'HQ4730', 'HQ4733', 'HQ4735', 'JQ1132', 'KI7772', 'KK2980', 'KK2982']","https://assets.adidas.com/images/w_383,h_383,f_auto,q_auto,fl_lossy,c_fill,g_auto/e01b3913ebcc49e7945673bca6d38fed_9366/TYSHAWN_II_Shoes_Black_KK2981_00_plp_standard.jpg","{'prices': [{'type': 'original', 'value': 100, 'valueNoVat': 100}], 'isSoldOut': False}",80,4.7375,,True
IE0552,Runfalcon 5 Wide Running Shoes,Men Performance,https://www.adidas.com/us/runfalcon-5-wide-running-shoes/IE0552.html,NKE53,"['IE0552', 'JH5184', 'JH5185']","https://assets.adidas.com/images/w_383,h_383,f_auto,q_auto,fl_lossy,c_fill,g_auto/f64936a4a1ac4f4690040755c1353a8c_9366/Runfalcon_5_Wide_Running_Shoes_Black_IE0552_HM1.jpg","{'prices': [{'type': 'sale', 'value': 51, 'valueNoVat': 51}, {'type': 'original', 'value': 60, 'valueNoVat': 60, 'discountPercentage': -15}], 'isSoldOut': False}",1204,4.4827,True,True
KJ2521,Adizero EVO SL Woven Running Shoes,Men Performance,https://www.adidas.com/us/adizero-evo-sl-woven-running-shoes/KJ2521.html,OOS26,"['KJ2521', 'JQ4440', 'JQ4441', 'JQ4442', 'JQ4443', 'JQ4527', 'JR1912', 'JR2022', 'JR2024', 'JR4728', 'KH9494', 'KI1451', 'KI1492', 'KI2822', 'KI4256', 'KI4263', 'KI4828', 'KI4842', 'KI6926', 'KI8342', 'KJ1996', 'KK3673', 'KK3719']","https://assets.adidas.com/images/w_383,h_383,f_auto,q_auto,fl_lossy,c_fill,g_auto/a5471ce339814740b7866ba9d07d769d_9366/Adizero_EVO_SL_Woven_Running_Shoes_White_KJ2521_HM1.jpg","{'prices': [{'type': 'original', 'value': 150, 'valueNoVat': 150}], 'isSoldOut': False}",462,4.7555,,True
KH9620,Adizero EVO SL Zip Running Shoes,Men Performance,https://www.adidas.com/us/adizero-evo-sl-zip-running-shoes/KH9620.html,OSN18,"['KH9620', 'KH7787', 'KH9623', 'KI0476', 'KI7910']","https://assets.adidas.com/images/w_383,h_383,f_auto,q_auto,fl_lossy,c_fill,g_auto/a4600ddbbabc402eaa9f3b4a23bb454a_9366/Adizero_EVO_SL_Zip_Running_Shoes_Black_KH9620_00_plp_standard.jpg","{'prices': [{'type': 'original', 'value': 170, 'valueNoVat': 170}], 'isSoldOut': False}",71,4.7747,True,True
KJ9947,SUPERSTAR II shoes,Originals,https://www.adidas.com/us/superstar-ii-shoes/KJ9947.html,OPW95,"['KJ9947', 'IH8659', 'IH9317', 'IH9318', 'JI0079', 'JQ3175', 'JR3584', 'JR7313', 'JR7315', 'KH8972', 'KH8973', 'KH9038', 'KI0979', 'KI0981', 'KI2005', 'KJ3276', 'KJ8400', 'KK2356', 'KK4722', 'KK4723', 'KK4750', 'KK4751', 'KZ6730', 'KZ6731']","https://assets.adidas.com/images/w_383,h_383,f_auto,q_auto,fl_lossy,c_fill,g_auto/890a7bf28e4c433ca0ceaa2824880424_9366/SUPERSTAR_II_shoes_White_KJ9947_HM1.jpg","{'prices': [{'type': 'original', 'value': 110, 'valueNoVat': 110}], 'isSoldOut': False}",1087,4.8114,True,True
KK2272,SAMBA OG SHOES,Originals,https://www.adidas.com/us/samba-og-shoes/KK2272.html,SAMBAU2312,"['KK2272', 'B75806', 'B75807', 'HP3551', 'HQ4950', 'HQ4951', 'ID1481', 'IE3438', 'IH4388', 'IH4389', 'IH6813', 'IH6815', 'IH6816', 'IH6827', 'IH6828', 'IH6829', 'JR0882', 'JR0910', 'JR0911', 'JS3832', 'KJ2382', 'KJ2788', 'KJ9995', 'KJ9997', 'KK2266', 'KK2267', 'KK2268', 'KK2273', 'KK2274', 'KK2277', 'KK2278', 'KK2279', 'KK2280', 'KK2329', 'KK2330', 'KK2331', 'KK2332', 'KK2333', 'KK3271', 'KK3273', 'KK3274', 'KK3275', 'KZ6720', 'LA3984']","https://assets.adidas.com/images/w_383,h_383,f_auto,q_auto,fl_lossy,c_fill,g_auto/72de8ff4e5d54076acd738827444d9bd_9366/SAMBA_OG_SHOES_Beige_KK2272_00_plp_standard.jpg","{'prices': [{'type': 'original', 'value': 100, 'valueNoVat': 100}], 'isSoldOut': False}",3269,4.8107,,True
IH6001,Samba Indoor Soccer Shoes,Originals,https://www.adidas.com/us/samba-indoor-soccer-shoes/IH6001.html,LQD00,"['IH6001', 'IH6000']","https://assets.adidas.com/images/w_383,h_383,f_auto,q_auto,fl_lossy,c_fill,g_auto/4dd0852156784fdd8b9851ba53b63a73_9366/Samba_Indoor_Soccer_Shoes_White_IH6001_01_standard.jpg","{'prices': [{'type': 'original', 'value': 95, 'valueNoVat': 95}], 'isSoldOut': False}",1181,4.6741,True,True
KJ0198,NORA Shoes,Originals,https://www.adidas.com/us/nora-shoes/KJ0198.html,OSQ16,"['KJ0198', 'HQ7535', 'HQ7537', 'HQ7540', 'JP8586', 'KI7699', 'KI7700', 'KI7701', 'KJ0199', 'KJ0200']","https://assets.adidas.com/images/w_383,h_383,f_auto,q_auto,fl_lossy,c_fill,g_auto/fc6c6668585d417eac246e34237af7a3_9366/NORA_Shoes_Blue_KJ0198_00_plp_standard.jpg","{'prices': [{'type': 'original', 'value': 80, 'valueNoVat': 80}], 'isSoldOut': False}",138,4.6812,True,True
KJ0431,ADIZERO EVO SL EXO Shoes,Men Performance,https://www.adidas.com/us/adizero-evo-sl-exo-shoes/KJ0431.html,SLEXO1,"['KJ0431', 'KI4763', 'KI4764', 'KJ0422', 'KJ0424', 'KJ0425', 'KJ0428', 'KJ0429', 'KJ0430', 'KJ3102', 'LA5900']","https://assets.adidas.com/images/w_383,h_383,f_auto,q_auto,fl_lossy,c_fill,g_auto/e510cc7177494969b6c8c6202782e4bb_9366/ADIZERO_EVO_SL_EXO_Shoes_Blue_KJ0431_HM1.jpg","{'prices': [{'type': 'original', 'value': 150, 'valueNoVat': 150}], 'isSoldOut': False}",85,4.6589,True,True
KJ5052,GLENBURN Shoes,Originals,https://www.adidas.com/us/glenburn-shoes/KJ5052.html,OSE79,"['KJ5052', 'HP3514', 'KJ5040', 'KJ5041', 'KJ5042', 'KJ5045', 'KJ5046', 'KJ5048', 'KJ5049']","https://assets.adidas.com/images/w_383,h_383,f_auto,q_auto,fl_lossy,c_fill,g_auto/67b89e8518e34ecdb9b1dbfe7de2983d_9366/GLENBURN_Shoes_Brown_KJ5052_00_plp_standard.jpg","{'prices': [{'type': 'original', 'value': 85, 'valueNoVat': 85}], 'isSoldOut': False}",311,4.8296,,True
JP9203,Duramo SL 2 Running Shoes,Men Performance,https://www.adidas.com/us/duramo-sl-2-running-shoes/JP9203.html,NKL69,"['JP9203', 'IH8215', 'IH8217', 'IH8218', 'IH8221', 'JS4395', 'KJ4144']","https://assets.adidas.com/images/w_383,h_383,f_auto,q_auto,fl_lossy,c_fill,g_auto/7038a91a34ef40a2adc62fdd46e1d92f_9366/Duramo_SL_2_Running_Shoes_Green_JP9203_HM1.jpg","{'prices': [{'type': 'original', 'value': 70, 'valueNoVat': 70}], 'isSoldOut': False}",2009,4.5635,,True
JH5185,Runfalcon 5 Wide Running Shoes,Men Performance,https://www.adidas.com/us/runfalcon-5-wide-running-shoes/JH5185.html,NKE53,"['JH5185', 'IE0552', 'JH5184']","https://assets.adidas.com/images/w_383,h_383,f_auto,q_auto,fl_lossy,c_fill,g_auto/822bf7c0bb66454dbd3eb28e6367a7d8_9366/Runfalcon_5_Wide_Running_Shoes_Grey_JH5185_00_plp_standard.jpg","{'prices': [{'type': 'sale', 'value': 45, 'valueNoVat': 45}, {'type': 'original', 'value': 60, 'valueNoVat': 60, 'discountPercentage': -25}], 'isSoldOut': False}",1204,4.4827,True,True
IH1828,RUNFALCON 6 ATR SHOES,Men Performance,https://www.adidas.com/us/runfalcon-6-atr-shoes/IH1828.html,OOY31,[],"https://assets.adidas.com/images/w_383,h_383,f_auto,q_auto,fl_lossy,c_fill,g_auto/ee16abf81e4a4cb1ab0b8d815d1bac43_9366/RUNFALCON_6_ATR_SHOES_White_IH1828_00_plp_standard.jpg","{'prices': [{'type': 'original', 'value': 70, 'valueNoVat': 70}], 'isSoldOut': False}",6,4.8333,,True
IE8684,Lite Racer Adapt 7.0 Wide Shoes,Men Sportswear,https://www.adidas.com/us/lite-racer-adapt-7.0-wide-shoes/IE8684.html,NLE00,"['IE8684', 'IE6336']","https://assets.adidas.com/images/w_383,h_383,f_auto,q_auto,fl_lossy,c_fill,g_auto/290db19521e74d8ab26064ee23ea85a9_9366/Lite_Racer_Adapt_7.0_Wide_Shoes_Black_IE8684_00_plp_standard.jpg","{'prices': [{'type': 'original', 'value': 70, 'valueNoVat': 70}], 'isSoldOut': False}",1403,4.5653,True,True
IF7254,Duramo SL Wide Running Shoes,Men Performance,https://www.adidas.com/us/duramo-sl-wide-running-shoes/IF7254.html,LZQ36,"['IF7254', 'IG0309']","https://assets.adidas.com/images/w_383,h_383,f_auto,q_auto,fl_lossy,c_fill,g_auto/9d630b8cc327451c95267c326949ee40_9366/Duramo_SL_Wide_Running_Shoes_Black_IF7254_00_plp_standard.jpg","{'prices': [{'type': 'sale', 'value': 49, 'valueNoVat': 49}, {'type': 'original', 'value': 65, 'valueNoVat': 65, 'discountPercentage': -20}], 'isSoldOut': False}",458,4.4585,True,True
KJ5479,BUSENITZ VINTAGE Shoes,Originals,https://www.adidas.com/us/busenitz-vintage-shoes/KJ5479.html,OSP90,"['KJ5479', 'KI7714', 'KI7725']","https://assets.adidas.com/images/w_383,h_383,f_auto,q_auto,fl_lossy,c_fill,g_auto/a0641b6b765d4dacbd16155c544e7b7f_9366/BUSENITZ_VINTAGE_Shoes_Brown_KJ5479_00_plp_standard.jpg","{'prices': [{'type': 'sale', 'value': 43, 'valueNoVat': 43}, {'type': 'original', 'value': 85, 'valueNoVat': 85, 'discountPercentage': -45}], 'isSoldOut': False}",80,4.7,,True
KK2713,BW ARMY SHOES,Originals,https://www.adidas.com/us/bw-army-shoes/KK2713.html,ORU97,"['KK2713', 'HQ9264', 'HQ9265', 'KH8484', 'KK2711', 'KK2801', 'KK2802', 'KK5026', 'KK5028', 'LA3396', 'LB5654']","https://assets.adidas.com/images/w_383,h_383,f_auto,q_auto,fl_lossy,c_fill,g_auto/e99584a772374b26a46757a5fcf28e13_9366/BW_ARMY_SHOES_Pink_KK2713_00_plp_standard.jpg","{'prices': [{'type': 'original', 'value': 120, 'valueNoVat': 120}], 'isSoldOut': False}",195,4.7282,True,True
KK0289,HYPERBOOST EDGE Running Shoes,Men Performance,https://www.adidas.com/us/hyperboost-edge-running-shoes/KK0289.html,OQQ28,"['KK0289', 'KH8128', 'KI0358', 'KI1911', 'KI1912', 'KI1913', 'KI4392', 'KI4393', 'KI4398', 'KI4401', 'KI4402', 'KI4413', 'KK0288', 'KZ9958']","https://assets.adidas.com/images/w_383,h_383,f_auto,q_auto,fl_lossy,c_fill,g_auto/4288ad5540634a7a9d9e57a96f77ba57_9366/HYPERBOOST_EDGE_Running_Shoes_Black_KK0289_HM51.jpg","{'prices': [{'type': 'original', 'value': 200, 'valueNoVat': 200}], 'isSoldOut': False}",661,4.6566,True,True
KK4986,JAPAN SHOES,Originals,https://www.adidas.com/us/japan-shoes/KK4986.html,OSN04,"['KK4986', 'KK4985']","https://assets.adidas.com/images/w_383,h_383,f_auto,q_auto,fl_lossy,c_fill,g_auto/2c2199f3391a438f84aeb8187d1c3e4d_9366/JAPAN_SHOES_Black_KK4986_00_plp_standard.jpg","{'prices': [{'type': 'original', 'value': 130, 'valueNoVat': 130}], 'isSoldOut': False}",22,4.9091,,True
KI0066,Purechill,Sportswear,https://www.adidas.com/us/purechill/KI0066.html,OSF28,"['KI0066', 'KH6421', 'KH6422', 'KH6423', 'KH6424', 'KH6425', 'KH6427', 'KH6673', 'KH6696', 'KH6698', 'KI0065', 'KI0067', 'KI0073', 'KI0074', 'KI0075']","https://assets.adidas.com/images/w_383,h_383,f_auto,q_auto,fl_lossy,c_fill,g_auto/7656ce50413c4668b380b15932ea0e6a_9366/Purechill_White_KI0066_00_plp_standard.jpg","{'prices': [{'type': 'original', 'value': 75, 'valueNoVat': 75}], 'isSoldOut': False}",1245,4.6274,True,True
KH6425,Purechill,Sportswear,https://www.adidas.com/us/purechill/KH6425.html,OSF28,"['KH6425', 'KH6421', 'KH6422', 'KH6423', 'KH6424', 'KH6427', 'KH6673', 'KH6696', 'KH6698', 'KI0065', 'KI0066', 'KI0067', 'KI0073', 'KI0074', 'KI0075']","https://assets.adidas.com/images/w_383,h_383,f_auto,q_auto,fl_lossy,c_fill,g_auto/f28ae93c7be34f47933f597cdab360b3_9366/Purechill_Black_KH6425_00_plp_standard.jpg","{'prices': [{'type': 'sale', 'value': 53, 'valueNoVat': 53}, {'type': 'original', 'value': 75, 'valueNoVat': 75, 'discountPercentage': -25}], 'isSoldOut': False}",1245,4.6274,True,True
IH8221,Duramo SL 2 Running Shoes,Men Performance,https://www.adidas.com/us/duramo-sl-2-running-shoes/IH8221.html,NKL69,"['IH8221', 'IH8215', 'IH8217', 'IH8218', 'JP9203', 'JS4395', 'KJ4144']","https://assets.adidas.com/images/w_383,h_383,f_auto,q_auto,fl_lossy,c_fill,g_auto/906100ee37894147ad87f69743edc82a_9366/Duramo_SL_2_Running_Shoes_Blue_IH8221_HM1.jpg","{'prices': [{'type': 'sale', 'value': 60, 'valueNoVat': 60}, {'type': 'original', 'value': 70, 'valueNoVat': 70, 'discountPercentage': -10}], 'isSoldOut': False}",2009,4.5635,True,True
KJ1748,RESPONSE 2 RUNNING SHOES,Men Performance,https://www.adidas.com/us/response-2-running-shoes/KJ1748.html,OSH79,"['KJ1748', 'KJ1747']","https://assets.adidas.com/images/w_383,h_383,f_auto,q_auto,fl_lossy,c_fill,g_auto/39cf735628f44554a6b35530e8ce6537_9366/RESPONSE_2_RUNNING_SHOES_Black_KJ1748_HM1.jpg","{'prices': [{'type': 'sale', 'value': 60, 'valueNoVat': 60}, {'type': 'original', 'value': 75, 'valueNoVat': 75, 'discountPercentage': -20}], 'isSoldOut': False}",89,4.7866,,True
IH9527,Runfalcon 6 CLOUDFOAM Running Shoes,Men Performance,https://www.adidas.com/us/runfalcon-6-cloudfoam-running-shoes/IH9527.html,OOY30,"['IH9527', 'IH9526', 'IH9528', 'IH9530', 'IH9532', 'KH5562', 'KH5563', 'KH5565', 'KH5566']","https://assets.adidas.com/images/w_383,h_383,f_auto,q_auto,fl_lossy,c_fill,g_auto/36bf5bbc697e491ab39cd1ff952d6202_9366/Runfalcon_6_CLOUDFOAM_Running_Shoes_Grey_IH9527_HM1.jpg","{'prices': [{'type': 'original', 'value': 65, 'valueNoVat': 65}], 'isSoldOut': False}",203,4.7144,,True
JS4395,Duramo SL 2 Running Shoes,Men Performance,https://www.adidas.com/us/duramo-sl-2-running-shoes/JS4395.html,NKL69,"['JS4395', 'IH8215', 'IH8217', 'IH8218', 'IH8221', 'JP9203', 'KJ4144']","https://assets.adidas.com/images/w_383,h_383,f_auto,q_auto,fl_lossy,c_fill,g_auto/216c3eb9ba85401d9af75fa648c945b3_9366/Duramo_SL_2_Running_Shoes_White_JS4395_HM1.jpg","{'prices': [{'type': 'sale', 'value': 63, 'valueNoVat': 63}, {'type': 'original', 'value': 70, 'valueNoVat': 70, 'discountPercentage': -10}], 'isSoldOut': False}",2009,4.5635,True,True
KJ9975,HANDBALL SPEZIAL SHOES,Originals,https://www.adidas.com/us/handball-spezial-shoes/KJ9975.html,BTP23,"['KJ9975', 'BD7632', 'BD7633', 'DB3021', 'IF7086', 'IF7087', 'IG6191', 'IG6192', 'IH6506', 'IH6507', 'IH6508', 'IH6568', 'IH6569', 'IH6586', 'IH6588', 'IH6592', 'IH6594', 'IH6597', 'IH6598', 'IH6617', 'IH6618', 'IH9668', 'IH9672', 'IH9760', 'KH9051', 'KI8580', 'KI8685', 'KI8686', 'KI8687', 'KJ2399', 'KJ2401', 'KJ7413', 'KJ7414', 'KJ7415', 'KJ9876', 'KJ9883', 'KJ9884', 'KJ9956', 'KJ9957', 'KJ9958', 'KJ9962', 'KJ9963', 'KJ9964', 'KJ9968', 'KJ9969', 'KJ9974', 'KK1153', 'KK2692', 'KK2693', 'KK2694', 'KK4232', 'KK4242', 'KK4860', 'KK4867', 'KZ6702', 'KZ6703', 'KZ6704', 'KZ6705', 'KZ6706', 'KZ6707', 'KZ6712']","https://assets.adidas.com/images/w_383,h_383,f_auto,q_auto,fl_lossy,c_fill,g_auto/559bb4e22ff34ad59637ac92669c28d0_9366/HANDBALL_SPEZIAL_SHOES_Black_KJ9975_00_plp_standard.jpg","{'prices': [{'type': 'original', 'value': 110, 'valueNoVat': 110}], 'isSoldOut': False}",9789,4.8179,,True
KH7787,Adizero EVO SL ZIP Shoes,Men Performance,https://www.adidas.com/us/adizero-evo-sl-zip-shoes/KH7787.html,OSN18,"['KH7787', 'KH9620', 'KH9623', 'KI0476', 'KI7910']","https://assets.adidas.com/images/w_383,h_383,f_auto,q_auto,fl_lossy,c_fill,g_auto/ce046f8458ec44b59bda9c357a3dd4be_9366/Adizero_EVO_SL_ZIP_Shoes_Silver_KH7787_00_plp_standard.jpg","{'prices': [{'type': 'original', 'value': 170, 'valueNoVat': 170}], 'isSoldOut': False}",71,4.7747,True,True
KI7714,BUSENITZ VINTAGE Shoes,Men Originals,https://www.adidas.com/us/busenitz-vintage-shoes/KI7714.html,OSP90,"['KI7714', 'KI7725', 'KJ5479']","https://assets.adidas.com/images/w_383,h_383,f_auto,q_auto,fl_lossy,c_fill,g_auto/124a126402bb4ab3a54f1c6ae648c3b9_9366/BUSENITZ_VINTAGE_Shoes_Beige_KI7714_00_plp_standard.jpg","{'prices': [{'type': 'original', 'value': 85, 'valueNoVat': 85}], 'isSoldOut': False}",80,4.7,True,True
KK4723,SUPERSTAR II shoes,Originals,https://www.adidas.com/us/superstar-ii-shoes/KK4723.html,OPW95,"['KK4723', 'IH8659', 'IH9317', 'IH9318', 'JI0079', 'JQ3175', 'JR3584', 'JR7313', 'JR7315', 'KH8972', 'KH8973', 'KH9038', 'KI0979', 'KI0981', 'KI2005', 'KJ3276', 'KJ8400', 'KJ9947', 'KK2356', 'KK4722', 'KK4750', 'KK4751', 'KZ6730', 'KZ6731']","https://assets.adidas.com/images/w_383,h_383,f_auto,q_auto,fl_lossy,c_fill,g_auto/d60f947f5b1a41499b630ac42555a8b5_9366/SUPERSTAR_II_shoes_White_KK4723_00_plp_standard.jpg","{'prices': [{'type': 'original', 'value': 100, 'valueNoVat': 100}], 'isSoldOut': False}",1087,4.8114,True,True
KI8278,TERREX FREEHIKER 3 Low GORE-TEX Hiking Shoes,Men TERREX,https://www.adidas.com/us/terrex-freehiker-3-low-gore-tex-hiking-shoes/KI8278.html,OOZ34,"['KI8278', 'HQ9292', 'KI8275', 'KI8276', 'LA3855']","https://assets.adidas.com/images/w_383,h_383,f_auto,q_auto,fl_lossy,c_fill,g_auto/122d9949adeb4a4293cc18c3290a63e0_9366/TERREX_FREEHIKER_3_Low_GORE-TEX_Hiking_Shoes_Green_KI8278_00_plp_standard.jpg","{'prices': [{'type': 'original', 'value': 180, 'valueNoVat': 180}], 'isSoldOut': False}",55,4.6546,,True
ID0465,X_PLR Path Shoes,Men Sportswear,https://www.adidas.com/us/x_plr-path-shoes/ID0465.html,MCR40,"['ID0465', 'ID0466', 'ID0469', 'IE6459', 'JR1426']","https://assets.adidas.com/images/w_383,h_383,f_auto,q_auto,fl_lossy,c_fill,g_auto/aa2e7e39b92d46d39fea2084dd5173a9_9366/X_PLR_Path_Shoes_Black_ID0465_00_plp_standard.jpg","{'prices': [{'type': 'original', 'value': 65, 'valueNoVat': 65}], 'isSoldOut': False}",1070,4.7701,True,True
KI1492,Adizero EVO SL Woven Running Shoes,Men Performance,https://www.adidas.com/us/adizero-evo-sl-woven-running-shoes/KI1492.html,OOS26,"['KI1492', 'JQ4440', 'JQ4441', 'JQ4442', 'JQ4443', 'JQ4527', 'JR1912', 'JR2022', 'JR2024', 'JR4728', 'KH9494', 'KI1451', 'KI2822', 'KI4256', 'KI4263', 'KI4828', 'KI4842', 'KI6926', 'KI8342', 'KJ1996', 'KJ2521', 'KK3673', 'KK3719']","https://assets.adidas.com/images/w_383,h_383,f_auto,q_auto,fl_lossy,c_fill,g_auto/7db9b21f069041e2a31d37d8004c3c7c_9366/Adizero_EVO_SL_Woven_Running_Shoes_White_KI1492_HM1.jpg","{'prices': [{'type': 'original', 'value': 150, 'valueNoVat': 150}], 'isSoldOut': False}",462,4.7555,True,True
LA6393,Rod Laver Shoes,Men Originals,https://www.adidas.com/us/rod-laver-shoes/LA6393.html,JEI02,"['LA6393', 'G99863', 'G99864', 'LA4181']","https://assets.adidas.com/images/w_383,h_383,f_auto,q_auto,fl_lossy,c_fill,g_auto/f08b6829b3cd4c07b6ed110e76452a58_9366/Rod_Laver_Shoes_White_LA6393_00_plp_standard.jpg","{'prices': [{'type': 'original', 'value': 90, 'valueNoVat': 90}], 'isSoldOut': False}",694,4.2796,True,True
KH5563,Runfalcon 6 CLOUDFOAM Running Shoes,Men Performance,https://www.adidas.com/us/runfalcon-6-cloudfoam-running-shoes/KH5563.html,OOY30,"['KH5563', 'IH9526', 'IH9527', 'IH9528', 'IH9530', 'IH9532', 'KH5562', 'KH5565', 'KH5566']","https://assets.adidas.com/images/w_383,h_383,f_auto,q_auto,fl_lossy,c_fill,g_auto/a3e8e1485a184434868afa9c6573d8f1_9366/Runfalcon_6_CLOUDFOAM_Running_Shoes_Beige_KH5563_00_plp_standard.jpg","{'prices': [{'type': 'original', 'value': 65, 'valueNoVat': 65}], 'isSoldOut': False}",203,4.7144,,True
KI5233,CLIMACOOL SHOES,Sportswear,https://www.adidas.com/us/climacool-shoes/KI5233.html,OTN80,"['KI5233', 'KJ0651', 'KJ2597']","https://assets.adidas.com/images/w_383,h_383,f_auto,q_auto,fl_lossy,c_fill,g_auto/85f02d91fe1b4a66ae25514757e78f4c_9366/CLIMACOOL_SHOES_White_KI5233_HM1.jpg","{'prices': [{'type': 'original', 'value': 150, 'valueNoVat': 150}], 'isSoldOut': False}",62,4.3226,True,True
IH9816,QUESTAR 4 RUNNING SHOES,Men Performance,https://www.adidas.com/us/questar-4-running-shoes/IH9816.html,ONL24,"['IH9816', 'IH9815', 'IH9820', 'IH9821', 'KI7992']","https://assets.adidas.com/images/w_383,h_383,f_auto,q_auto,fl_lossy,c_fill,g_auto/e999b05ae4d84f889edc03a7c1995d96_9366/QUESTAR_4_RUNNING_SHOES_White_IH9816_00_plp_standard.jpg","{'prices': [{'type': 'sale', 'value': 45, 'valueNoVat': 45}, {'type': 'original', 'value': 75, 'valueNoVat': 75, 'discountPercentage': -40}], 'isSoldOut': False}",7,5.0,True,True
JS3038,Training Spezial,Performance,https://www.adidas.com/us/training-spezial/JS3038.html,NSW96,"['JS3038', 'JP7392', 'KK1547', 'LA6308']","https://assets.adidas.com/images/w_383,h_383,f_auto,q_auto,fl_lossy,c_fill,g_auto/f97558bfa21943b79d2ca7513218bf92_9366/Training_Spezial_Black_JS3038_HM1.jpg","{'prices': [{'type': 'original', 'value': 120, 'valueNoVat': 120}], 'isSoldOut': False}",467,4.7153,True,True
KJ0428,ADIZERO EVO SL EXO Shoes,Men Performance,https://www.adidas.com/us/adizero-evo-sl-exo-shoes/KJ0428.html,SLEXO1,"['KJ0428', 'KI4763', 'KI4764', 'KJ0422', 'KJ0424', 'KJ0425', 'KJ0429', 'KJ0430', 'KJ0431', 'KJ3102', 'LA5900']","https://assets.adidas.com/images/w_383,h_383,f_auto,q_auto,fl_lossy,c_fill,g_auto/b72575f41ae64fdea7032bd181343d06_9366/ADIZERO_EVO_SL_EXO_Shoes_Grey_KJ0428_00_plp_standard.jpg","{'prices': [{'type': 'original', 'value': 150, 'valueNoVat': 150}], 'isSoldOut': False}",85,4.6589,True,True
KI5274,adidas Initiation Shoes,Performance,https://www.adidas.com/us/adidas-initiation-shoes/KI5274.html,NRZ10,"['KI5274', 'KI5272']","https://assets.adidas.com/images/w_383,h_383,f_auto,q_auto,fl_lossy,c_fill,g_auto/6b7acfc5a4d842e38c66f86d83368781_9366/adidas_Initiation_Shoes_Blue_KI5274_00_plp_standard.jpg","{'prices': [{'type': 'original', 'value': 80, 'valueNoVat': 80}], 'isSoldOut': False}",174,4.4886,,True
KJ1199,Italia 70s Mercedes Shoes,Originals,https://www.adidas.com/us/italia-70s-mercedes-shoes/KJ1199.html,ONY81,[],"https://assets.adidas.com/images/w_383,h_383,f_auto,q_auto,fl_lossy,c_fill,g_auto/07f9a8bd943b48c2a60a6c052ef4420a_9366/Italia_70s_Mercedes_Shoes_White_KJ1199_00_plp_standard.jpg","{'prices': [{'type': 'original', 'value': 120, 'valueNoVat': 120}], 'isSoldOut': False}",-99,,,True
JR4006,Terrex Eastrail 3 Shoes,Men TERREX,https://www.adidas.com/us/terrex-eastrail-3-shoes/JR4006.html,OPD93,"['JR4006', 'JR4001']","https://assets.adidas.com/images/w_383,h_383,f_auto,q_auto,fl_lossy,c_fill,g_auto/ab96c0e65c2f49ba89813177af260553_9366/Terrex_Eastrail_3_Shoes_Green_JR4006_HM1.jpg","{'prices': [{'type': 'original', 'value': 80, 'valueNoVat': 80}], 'isSoldOut': False}",128,4.7266,,True
KJ0260,Busenitz Shoes,Men Originals,https://www.adidas.com/us/busenitz-shoes/KJ0260.html,SO695,"['KJ0260', 'G48060', 'HQ4708', 'HQ7534', 'KI7713', 'KJ0259', 'KJ0261']","https://assets.adidas.com/images/w_383,h_383,f_auto,q_auto,fl_lossy,c_fill,g_auto/01ce34d6b817429ebce356b21944d20b_9366/Busenitz_Shoes_Blue_KJ0260_00_plp_standard.jpg","{'prices': [{'type': 'original', 'value': 85, 'valueNoVat': 85}], 'isSoldOut': False}",4072,4.6563,,True
KI8762,Speedex 23 Shoes,Performance,https://www.adidas.com/us/speedex-23-shoes/KI8762.html,LYQ30,[],"https://assets.adidas.com/images/w_383,h_383,f_auto,q_auto,fl_lossy,c_fill,g_auto/5a7e495a397d4de386d69a5b0b8c8df6_9366/Speedex_23_Shoes_White_KI8762_00_plp_standard.jpg","{'prices': [{'type': 'original', 'value': 180, 'valueNoVat': 180}], 'isSoldOut': False}",90,4.3223,,True
JR9585,Galaxy 7 Running Shoes,Men Performance,https://www.adidas.com/us/galaxy-7-running-shoes/JR9585.html,OPL41,"['JR9585', 'JQ7141']","https://assets.adidas.com/images/w_383,h_383,f_auto,q_auto,fl_lossy,c_fill,g_auto/98da3e93fa89465994b755f010b9b829_9366/Galaxy_7_Running_Shoes_Black_JR9585_HM1.jpg","{'prices': [{'type': 'sale', 'value': 45, 'valueNoVat': 45}, {'type': 'original', 'value': 60, 'valueNoVat': 60, 'discountPercentage': -25}], 'isSoldOut': False}",119,4.7479,True,True
KI9546,CLIMACOOL SPW SHOES,Men Sportswear,https://www.adidas.com/us/climacool-spw-shoes/KI9546.html,OOR81,"['KI9546', 'HQ4989', 'HQ4991']","https://assets.adidas.com/images/w_383,h_383,f_auto,q_auto,fl_lossy,c_fill,g_auto/13f58a753bd647128fb5592578f1d7d3_9366/CLIMACOOL_SPW_SHOES_White_KI9546_00_plp_standard.jpg","{'prices': [{'type': 'sale', 'value': 70, 'valueNoVat': 70}, {'type': 'original', 'value': 100, 'valueNoVat': 100, 'discountPercentage': -30}], 'isSoldOut': False}",37,4.8108,,True
KJ0659,CLIMACOOL LACED SHOES,Sportswear,https://www.adidas.com/us/climacool-laced-shoes/KJ0659.html,OSE56,"['KJ0659', 'JQ6647', 'KJ2595', 'KJ8969']","https://assets.adidas.com/images/w_383,h_383,f_auto,q_auto,fl_lossy,c_fill,g_auto/28aae8d84755436990314f714ab7037f_9366/CLIMACOOL_LACED_SHOES_White_KJ0659_HM1.jpg","{'prices': [{'type': 'original', 'value': 170, 'valueNoVat': 170}], 'isSoldOut': False}",159,4.5535,True,True
IE6459,X_PLR Path Shoes,Men Sportswear,https://www.adidas.com/us/x_plr-path-shoes/IE6459.html,MCR40,"['IE6459', 'ID0465', 'ID0466', 'ID0469', 'JR1426']","https://assets.adidas.com/images/w_383,h_383,f_auto,q_auto,fl_lossy,c_fill,g_auto/f508f50f9b0842dba3186309cb6652b4_9366/X_PLR_Path_Shoes_Black_IE6459_00_plp_standard.jpg","{'prices': [{'type': 'original', 'value': 65, 'valueNoVat': 65}], 'isSoldOut': False}",1070,4.7701,True,True
KJ0271,GAZELLE ADV Shoes,Originals,https://www.adidas.com/us/gazelle-adv-shoes/KJ0271.html,KZC10,"['KJ0271', 'KI3205', 'KI3206', 'KI3208', 'KJ0269', 'KJ0270', 'KK0262']","https://assets.adidas.com/images/w_383,h_383,f_auto,q_auto,fl_lossy,c_fill,g_auto/97acca706dfe4e1e8a64348444028cd5_9366/GAZELLE_ADV_Shoes_Blue_KJ0271_00_plp_standard.jpg","{'prices': [{'type': 'original', 'value': 100, 'valueNoVat': 100}], 'isSoldOut': False}",773,4.6508,,True
JR1426,X_PLR Path Shoes,Men Sportswear,https://www.adidas.com/us/x_plr-path-shoes/JR1426.html,MCR40,"['JR1426', 'ID0465', 'ID0466', 'ID0469', 'IE6459']","https://assets.adidas.com/images/w_383,h_383,f_auto,q_auto,fl_lossy,c_fill,g_auto/59b1e95ecc4f422cb3220cc18d399369_9366/X_PLR_Path_Shoes_Black_JR1426_00_plp_standard.jpg","{'prices': [{'type': 'sale', 'value': 58, 'valueNoVat': 58}, {'type': 'original', 'value': 65, 'valueNoVat': 65, 'discountPercentage': -10}], 'isSoldOut': False}",1070,4.7701,True,True
IH1474,GRAND COURT 3.0 SHOES,Men Sportswear,https://www.adidas.com/us/grand-court-3.0-shoes/IH1474.html,OOV70,"['IH1474', 'IH1472', 'IH1473', 'IH1475', 'IH1476', 'IH1484', 'KH9533', 'KH9534']","https://assets.adidas.com/images/w_383,h_383,f_auto,q_auto,fl_lossy,c_fill,g_auto/38db76ec7905495dae344bb221bc7f9f_9366/GRAND_COURT_3.0_SHOES_Black_IH1474_HM1.jpg","{'prices': [{'type': 'original', 'value': 70, 'valueNoVat': 70}], 'isSoldOut': False}",162,4.7902,True,True
KH9702,GAZELLE INDOOR SHOES,Originals,https://www.adidas.com/us/gazelle-indoor-shoes/KH9702.html,OSN43,"['KH9702', 'KH9693', 'KH9695', 'KH9704', 'KI2252', 'KI2253']","https://assets.adidas.com/images/w_383,h_383,f_auto,q_auto,fl_lossy,c_fill,g_auto/899ea613d64f46ed98c71263a3365ce8_9366/GAZELLE_INDOOR_SHOES_Yellow_KH9702_00_plp_standard.jpg","{'prices': [{'type': 'original', 'value': 120, 'valueNoVat': 120}], 'isSoldOut': False}",17,4.5883,True,True
HQ4199,Ultraboost 1.0 Shoes,Men Sportswear,https://www.adidas.com/us/ultraboost-1.0-shoes/HQ4199.html,LTK83,"['HQ4199', 'JQ0823']","https://assets.adidas.com/images/w_383,h_383,f_auto,q_auto,fl_lossy,c_fill,g_auto/4ff790231b7f461baee3c291e96b74af_9366/Ultraboost_1.0_Shoes_Black_HQ4199_HM1.jpg","{'prices': [{'type': 'sale', 'value': 90, 'valueNoVat': 90}, {'type': 'original', 'value': 180, 'valueNoVat': 180, 'discountPercentage': -50}], 'isSoldOut': False}",4569,4.5849,True,True
G48060,Busenitz Pro Shoes,Originals,https://www.adidas.com/us/busenitz-pro-shoes/G48060.html,SO695,"['G48060', 'HQ4708', 'HQ7534', 'KI7713', 'KJ0259', 'KJ0260', 'KJ0261']","https://assets.adidas.com/images/w_383,h_383,f_auto,q_auto,fl_lossy,c_fill,g_auto/2ca0089986704cfdad3da59900e50082_9366/Busenitz_Pro_Shoes_Black_G48060_00_plp_standard.jpg","{'prices': [{'type': 'original', 'value': 85, 'valueNoVat': 85}], 'isSoldOut': False}",4072,4.6563,True,True
KK4992,Adizero Boston 13 Running Shoes,Men Performance,https://www.adidas.com/us/adizero-boston-13-running-shoes/KK4992.html,OSN09,"['KK4992', 'JP9251', 'KH5603', 'KI3150']","https://assets.adidas.com/images/w_383,h_383,f_auto,q_auto,fl_lossy,c_fill,g_auto/efde97d27021401c948f4fcbbbdebe87_9366/Adizero_Boston_13_Running_Shoes_White_KK4992_HM1.jpg","{'prices': [{'type': 'original', 'value': 160, 'valueNoVat': 160}], 'isSoldOut': False}",9,4.6667,,True
KH6893,ADIDAS X COCA-COLA SAMBA OG SHOES,Originals,https://www.adidas.com/us/adidas-x-coca-cola-samba-og-shoes/KH6893.html,OQZ80,"['KH6893', 'KH6879']","https://assets.adidas.com/images/w_383,h_383,f_auto,q_auto,fl_lossy,c_fill,g_auto/222561f2400b4c0c8ed43c1ca37de763_9366/ADIDAS_X_COCA-COLA_SAMBA_OG_SHOES_Multicolor_KH6893_00_plp_standard.jpg","{'prices': [{'type': 'original', 'value': 130, 'valueNoVat': 130}], 'isSoldOut': False}",157,4.9109,True,True
KI9287,DON ISSUE 8 Shoes,Performance,https://www.adidas.com/us/don-issue-8-shoes/KI9287.html,ORZ64,"['KI9287', 'KI9286', 'KI9288']","https://assets.adidas.com/images/w_383,h_383,f_auto,q_auto,fl_lossy,c_fill,g_auto/31bc99e37f054f86bcd12278460a7f4d_9366/DON_ISSUE_8_Shoes_Orange_KI9287_00_plp_standard.jpg","{'prices': [{'type': 'original', 'value': 120, 'valueNoVat': 120}], 'isSoldOut': False}",38,4.8158,,True
BB5480,Gazelle Shoes,Originals,https://www.adidas.com/us/gazelle-shoes/BB5480.html,IAZ12,"['BB5480', 'B41645', 'BB5476', 'BB5478', 'CQ2809', 'HQ9441']","https://assets.adidas.com/images/w_383,h_383,f_auto,q_auto,fl_lossy,c_fill,g_auto/df0219b8fa8f40fe829aa627012e421d_9366/Gazelle_Shoes_Grey_BB5480_00_plp_standard.jpg","{'prices': [{'type': 'original', 'value': 110, 'valueNoVat': 110}], 'isSoldOut': False}",27333,4.7405,True,True
IE8812,Runfalcon 5 Running Shoes,Men Performance,https://www.adidas.com/us/runfalcon-5-running-shoes/IE8812.html,NKE45,"['IE8812', 'IE0525', 'IE8819', 'IH7757', 'IH7758', 'JI0872', 'JQ6974', 'JQ6976', 'JQ6978', 'JQ6979', 'JQ6980', 'JR5089', 'JR5518', 'JR5520', 'JR5521']","https://assets.adidas.com/images/w_383,h_383,f_auto,q_auto,fl_lossy,c_fill,g_auto/a32eeff90e9c4dbea94380974cba2ce0_9366/Runfalcon_5_Running_Shoes_Black_IE8812_HM1.jpg","{'prices': [{'type': 'original', 'value': 60, 'valueNoVat': 60}], 'isSoldOut': False}",5302,4.6415,True,True
LA1974,TENNESSEE VOLUNTEERS ADIZERO EVO SL EXO Shoes,Performance,https://www.adidas.com/us/tennessee-volunteers-adizero-evo-sl-exo-shoes/LA1974.html,ORQ42xx,"['LA1974', 'KZ9920', 'LA1973', 'LA1975', 'LA1976', 'LA1977', 'LA1978', 'LA1980', 'LA1981', 'LA1984', 'LA1985', 'LA2338', 'LA2339', 'LA2340']","https://assets.adidas.com/images/w_383,h_383,f_auto,q_auto,fl_lossy,c_fill,g_auto/8858d57b83164cc5b9a586c10ac8cfc8_9366/TENNESSEE_VOLUNTEERS_ADIZERO_EVO_SL_EXO_Shoes_White_LA1974_00_plp_standard.jpg","{'prices': [{'type': 'original', 'value': 160, 'valueNoVat': 160}], 'isSoldOut': False}",31,4.871,,True
JQ4441,Adizero EVO SL Woven Running Shoes,Men Performance,https://www.adidas.com/us/adizero-evo-sl-woven-running-shoes/JQ4441.html,OOS26,"['JQ4441', 'JQ4440', 'JQ4442', 'JQ4443', 'JQ4527', 'JR1912', 'JR2022', 'JR2024', 'JR4728', 'KH9494', 'KI1451', 'KI1492', 'KI2822', 'KI4256', 'KI4263', 'KI4828', 'KI4842', 'KI6926', 'KI8342', 'KJ1996', 'KJ2521', 'KK3673', 'KK3719']","https://assets.adidas.com/images/w_383,h_383,f_auto,q_auto,fl_lossy,c_fill,g_auto/416356914ee14a8eaae10ff77b89b1c7_9366/Adizero_EVO_SL_Woven_Running_Shoes_White_JQ4441_HM1.jpg","{'prices': [{'type': 'sale', 'value': 75, 'valueNoVat': 75}, {'type': 'original', 'value': 150, 'valueNoVat': 150, 'discountPercentage': -50}], 'isSoldOut': False}",462,4.7555,True,False
KI1621,DAME X Shoes,Performance,https://www.adidas.com/us/dame-x-shoes/KI1621.html,ORZ62,"['KI1621', 'KI1625', 'KJ4404']","https://assets.adidas.com/images/w_383,h_383,f_auto,q_auto,fl_lossy,c_fill,g_auto/0fda50ab9a6f4ac98ed197577e93b3ef_9366/DAME_X_Shoes_Blue_KI1621_00_plp_standard.jpg","{'prices': [{'type': 'original', 'value': 90, 'valueNoVat': 90}], 'isSoldOut': False}",10,4.9,True,True
KI4263,Adizero EVO SL Woven Running Shoes,Men Performance,https://www.adidas.com/us/adizero-evo-sl-woven-running-shoes/KI4263.html,OOS26,"['KI4263', 'JQ4440', 'JQ4441', 'JQ4442', 'JQ4443', 'JQ4527', 'JR1912', 'JR2022', 'JR2024', 'JR4728', 'KH9494', 'KI1451', 'KI1492', 'KI2822', 'KI4256', 'KI4828', 'KI4842', 'KI6926', 'KI8342', 'KJ1996', 'KJ2521', 'KK3673', 'KK3719']","https://assets.adidas.com/images/w_383,h_383,f_auto,q_auto,fl_lossy,c_fill,g_auto/d405216c7ec74d08ad26301c81427045_9366/Adizero_EVO_SL_Woven_Running_Shoes_Grey_KI4263_HM1.jpg","{'prices': [{'type': 'original', 'value': 150, 'valueNoVat': 150}], 'isSoldOut': False}",462,4.7555,True,True
GW6930,Superstar ADV Shoes,Originals,https://www.adidas.com/us/superstar-adv-shoes/GW6930.html,OSH19,"['GW6930', 'GW6931', 'KI5141', 'KI5142', 'KJ5112', 'KJ5113', 'KJ5118', 'KJ5120', 'KZ8893']","https://assets.adidas.com/images/w_383,h_383,f_auto,q_auto,fl_lossy,c_fill,g_auto/ec656353fae745f8ac02ae02002e4a12_9366/Superstar_ADV_Shoes_White_GW6930_00_plp_standard.jpg","{'prices': [{'type': 'original', 'value': 100, 'valueNoVat': 100}], 'isSoldOut': False}",154,4.8247,True,True
KK1921,SUPERNOVA RISE 3 RUNNING SHOES,Men Performance,https://www.adidas.com/us/supernova-rise-3-running-shoes/KK1921.html,ONQ65,"['KK1921', 'JQ8502', 'JQ9668', 'KI9227', 'KJ7083']","https://assets.adidas.com/images/w_383,h_383,f_auto,q_auto,fl_lossy,c_fill,g_auto/1e922e3be01b4515b056d130b3fdf33d_9366/SUPERNOVA_RISE_3_RUNNING_SHOES_Red_KK1921_00_plp_standard.jpg","{'prices': [{'type': 'original', 'value': 140, 'valueNoVat': 140}], 'isSoldOut': False}",170,4.6413,,True
KI8580,HANDBALL SPEZIAL SHOES,Originals,https://www.adidas.com/us/handball-spezial-shoes/KI8580.html,BTP23,"['KI8580', 'BD7632', 'BD7633', 'DB3021', 'IF7086', 'IF7087', 'IG6191', 'IG6192', 'IH6506', 'IH6507', 'IH6508', 'IH6568', 'IH6569', 'IH6586', 'IH6588', 'IH6592', 'IH6594', 'IH6597', 'IH6598', 'IH6617', 'IH6618', 'IH9668', 'IH9672', 'IH9760', 'KH9051', 'KI8685', 'KI8686', 'KI8687', 'KJ2399', 'KJ2401', 'KJ7413', 'KJ7414', 'KJ7415', 'KJ9876', 'KJ9883', 'KJ9884', 'KJ9956', 'KJ9957', 'KJ9958', 'KJ9962', 'KJ9963', 'KJ9964', 'KJ9968', 'KJ9969', 'KJ9974', 'KJ9975', 'KK1153', 'KK2692', 'KK2693', 'KK2694', 'KK4232', 'KK4242', 'KK4860', 'KK4867', 'KZ6702', 'KZ6703', 'KZ6704', 'KZ6705', 'KZ6706', 'KZ6707', 'KZ6712']","https://assets.adidas.com/images/w_383,h_383,f_auto,q_auto,fl_lossy,c_fill,g_auto/c6d666b0a36744b2b560408d794c76d3_9366/HANDBALL_SPEZIAL_SHOES_Brown_KI8580_00_plp_standard.jpg","{'prices': [{'type': 'sale', 'value': 60, 'valueNoVat': 60}, {'type': 'original', 'value': 120, 'valueNoVat': 120, 'discountPercentage': -50}], 'isSoldOut': False}",9789,4.8179,True,True
JQ8502,SUPERNOVA RISE 3 RUNNING SHOES,Men Performance,https://www.adidas.com/us/supernova-rise-3-running-shoes/JQ8502.html,ONQ65,"['JQ8502', 'JQ9668', 'KI9227', 'KJ7083', 'KK1921']","https://assets.adidas.com/images/w_383,h_383,f_auto,q_auto,fl_lossy,c_fill,g_auto/77cc805bdf4d4895b30489f73281ecd0_9366/SUPERNOVA_RISE_3_RUNNING_SHOES_Black_JQ8502_HM1.jpg","{'prices': [{'type': 'original', 'value': 140, 'valueNoVat': 140}], 'isSoldOut': False}",170,4.6413,True,True
KZ8777,GLENBURN x DAEWON Shoes,Originals,https://www.adidas.com/us/glenburn-x-daewon-shoes/KZ8777.html,ORP26,[],"https://assets.adidas.com/images/w_383,h_383,f_auto,q_auto,fl_lossy,c_fill,g_auto/8e0ea2692d2e4225b7ef033f6ac8bff4_9366/GLENBURN_x_DAEWON_Shoes_Brown_KZ8777_00_plp_standard.jpg","{'prices': [{'type': 'original', 'value': 75, 'valueNoVat': 75}], 'isSoldOut': False}",-99,,,True
KI0476,Adizero EVO SL Zip Running Shoes,Men Performance,https://www.adidas.com/us/adizero-evo-sl-zip-running-shoes/KI0476.html,OSN18,"['KI0476', 'KH7787', 'KH9620', 'KH9623', 'KI7910']","https://assets.adidas.com/images/w_383,h_383,f_auto,q_auto,fl_lossy,c_fill,g_auto/afc7f4154d354a359fdd4a2de79a0f18_9366/Adizero_EVO_SL_Zip_Running_Shoes_White_KI0476_HM1.jpg","{'prices': [{'type': 'original', 'value': 170, 'valueNoVat': 170}], 'isSoldOut': False}",71,4.7747,True,True
LA6215,HYPERBOOST EPHR SHOES,Originals,https://www.adidas.com/us/hyperboost-ephr-shoes/LA6215.html,ORV68,"['LA6215', 'LA5973', 'LA5974', 'LA6206', 'LA6208', 'LA6211']","https://assets.adidas.com/images/w_383,h_383,f_auto,q_auto,fl_lossy,c_fill,g_auto/64f24f0796d241389f4715a9c94e6747_9366/HYPERBOOST_EPHR_SHOES_White_LA6215_HM1.jpg","{'prices': [{'type': 'original', 'value': 170, 'valueNoVat': 170}], 'isSoldOut': False}",155,4.5807,True,True
KI7910,Adizero EVO SL Zip Running Shoes,Men Performance,https://www.adidas.com/us/adizero-evo-sl-zip-running-shoes/KI7910.html,OSN18,"['KI7910', 'KH7787', 'KH9620', 'KH9623', 'KI0476']","https://assets.adidas.com/images/w_383,h_383,f_auto,q_auto,fl_lossy,c_fill,g_auto/b603dab0f76040c7bb683b65412c2f9a_9366/Adizero_EVO_SL_Zip_Running_Shoes_Yellow_KI7910_HM1.jpg","{'prices': [{'type': 'original', 'value': 170, 'valueNoVat': 170}], 'isSoldOut': False}",71,4.7747,True,True
LA6208,HYPERBOOST EPHR SHOES,Originals,https://www.adidas.com/us/hyperboost-ephr-shoes/LA6208.html,ORV68,"['LA6208', 'LA5973', 'LA5974', 'LA6206', 'LA6211', 'LA6215']","https://assets.adidas.com/images/w_383,h_383,f_auto,q_auto,fl_lossy,c_fill,g_auto/089cdf44c1264c738429901b7c49f018_9366/HYPERBOOST_EPHR_SHOES_Black_LA6208_00_plp_standard.jpg","{'prices': [{'type': 'original', 'value': 170, 'valueNoVat': 170}], 'isSoldOut': False}",155,4.5807,,True
LA3396,BW ARMY LUX SHOES,Originals,https://www.adidas.com/us/bw-army-lux-shoes/LA3396.html,ORU97,"['LA3396', 'HQ9264', 'HQ9265', 'KH8484', 'KK2711', 'KK2713', 'KK2801', 'KK2802', 'KK5026', 'KK5028', 'LB5654']","https://assets.adidas.com/images/w_383,h_383,f_auto,q_auto,fl_lossy,c_fill,g_auto/78b5ee50bf124486b4389389600b57b3_9366/BW_ARMY_LUX_SHOES_Brown_LA3396_00_plp_standard.jpg","{'prices': [{'type': 'original', 'value': 120, 'valueNoVat': 120}], 'isSoldOut': False}",195,4.7282,True,True
JQ3950,RAPIDMOVE GO TRAINER M,Men Performance,https://www.adidas.com/us/rapidmove-go-trainer-m/JQ3950.html,ONB39,"['JQ3950', 'JQ1461']","https://assets.adidas.com/images/w_383,h_383,f_auto,q_auto,fl_lossy,c_fill,g_auto/d40a97b58b234814815de14ca226dd02_9366/RAPIDMOVE_GO_TRAINER_M_Black_JQ3950_HM1.jpg","{'prices': [{'type': 'original', 'value': 80, 'valueNoVat': 80}], 'isSoldOut': False}",115,4.6522,True,True
KK2267,SAMBA OG SHOES,Originals,https://www.adidas.com/us/samba-og-shoes/KK2267.html,SAMBAU2312,"['KK2267', 'B75806', 'B75807', 'HP3551', 'HQ4950', 'HQ4951', 'ID1481', 'IE3438', 'IH4388', 'IH4389', 'IH6813', 'IH6815', 'IH6816', 'IH6827', 'IH6828', 'IH6829', 'JR0882', 'JR0910', 'JR0911', 'JS3832', 'KJ2382', 'KJ2788', 'KJ9995', 'KJ9997', 'KK2266', 'KK2268', 'KK2272', 'KK2273', 'KK2274', 'KK2277', 'KK2278', 'KK2279', 'KK2280', 'KK2329', 'KK2330', 'KK2331', 'KK2332', 'KK2333', 'KK3271', 'KK3273', 'KK3274', 'KK3275', 'KZ6720', 'LA3984']","https://assets.adidas.com/images/w_383,h_383,f_auto,q_auto,fl_lossy,c_fill,g_auto/41820116f24347b4937bed97fade2840_9366/SAMBA_OG_SHOES_Burgundy_KK2267_00_plp_standard.jpg","{'prices': [{'type': 'original', 'value': 110, 'valueNoVat': 110}], 'isSoldOut': False}",3269,4.8107,True,True
KI6059,MERCEDES - AMG PETRONAS FORMULA ONE TEAM BARREDA DECODE SHOES,Sportswear,https://www.adidas.com/us/mercedes---amg-petronas-formula-one-team-barreda-decode-shoes/KI6059.html,OMW48,"['KI6059', 'JR1063', 'KI6060']","https://assets.adidas.com/images/w_383,h_383,f_auto,q_auto,fl_lossy,c_fill,g_auto/8a2f475072424040bc0c4c13b872f511_9366/MERCEDES_-_AMG_PETRONAS_FORMULA_ONE_TEAM_BARREDA_DECODE_SHOES_Grey_KI6059_HM1.jpg","{'prices': [{'type': 'original', 'value': 100, 'valueNoVat': 100}], 'isSoldOut': False}",136,4.8162,,True
KK2688,ADIZERO EVO SL ATR Shoes,Men Performance,https://www.adidas.com/us/adizero-evo-sl-atr-shoes/KK2688.html,OQS41,"['KK2688', 'KI5668', 'KI7833', 'KI7836', 'KK0311', 'KK2683']","https://assets.adidas.com/images/w_383,h_383,f_auto,q_auto,fl_lossy,c_fill,g_auto/7d4e524b9f4c43f19793e33b1b0c4c7c_9366/ADIZERO_EVO_SL_ATR_Shoes_Beige_KK2688_HM1.jpg","{'prices': [{'type': 'original', 'value': 160, 'valueNoVat': 160}], 'isSoldOut': False}",547,4.5558,True,True
JQ4527,Adizero EVO SL Woven Running Shoes,Men Performance,https://www.adidas.com/us/adizero-evo-sl-woven-running-shoes/JQ4527.html,OOS26,"['JQ4527', 'JQ4440', 'JQ4441', 'JQ4442', 'JQ4443', 'JR1912', 'JR2022', 'JR2024', 'JR4728', 'KH9494', 'KI1451', 'KI1492', 'KI2822', 'KI4256', 'KI4263', 'KI4828', 'KI4842', 'KI6926', 'KI8342', 'KJ1996', 'KJ2521', 'KK3673', 'KK3719']","https://assets.adidas.com/images/w_383,h_383,f_auto,q_auto,fl_lossy,c_fill,g_auto/0a9bf8789dfa496c9363f9b6ac0d955e_9366/Adizero_EVO_SL_Woven_Running_Shoes_White_JQ4527_HM1.jpg","{'prices': [{'type': 'sale', 'value': 75, 'valueNoVat': 75}, {'type': 'original', 'value': 150, 'valueNoVat': 150, 'discountPercentage': -50}], 'isSoldOut': False}",462,4.7555,True,False
KJ9963,HANDBALL SPEZIAL SHOES,Men Originals,https://www.adidas.com/us/handball-spezial-shoes/KJ9963.html,BTP23,"['KJ9963', 'BD7632', 'BD7633', 'DB3021', 'IF7086', 'IF7087', 'IG6191', 'IG6192', 'IH6506', 'IH6507', 'IH6508', 'IH6568', 'IH6569', 'IH6586', 'IH6588', 'IH6592', 'IH6594', 'IH6597', 'IH6598', 'IH6617', 'IH6618', 'IH9668', 'IH9672', 'IH9760', 'KH9051', 'KI8580', 'KI8685', 'KI8686', 'KI8687', 'KJ2399', 'KJ2401', 'KJ7413', 'KJ7414', 'KJ7415', 'KJ9876', 'KJ9883', 'KJ9884', 'KJ9956', 'KJ9957', 'KJ9958', 'KJ9962', 'KJ9964', 'KJ9968', 'KJ9969', 'KJ9974', 'KJ9975', 'KK1153', 'KK2692', 'KK2693', 'KK2694', 'KK4232', 'KK4242', 'KK4860', 'KK4867', 'KZ6702', 'KZ6703', 'KZ6704', 'KZ6705', 'KZ6706', 'KZ6707', 'KZ6712']","https://assets.adidas.com/images/w_383,h_383,f_auto,q_auto,fl_lossy,c_fill,g_auto/65b46add746243fb8d66249184e38f1b_9366/HANDBALL_SPEZIAL_SHOES_Beige_KJ9963_00_plp_standard.jpg","{'prices': [{'type': 'original', 'value': 120, 'valueNoVat': 120}], 'isSoldOut': False}",9789,4.8179,,True
ID4234,Adizero Boston 12 Running Shoes,Men Performance,https://www.adidas.com/us/adizero-boston-12-running-shoes/ID4234.html,MDF81,"['ID4234', 'ID5985', 'IF9210', 'IG3321']","https://assets.adidas.com/images/w_383,h_383,f_auto,q_auto,fl_lossy,c_fill,g_auto/90c6a6fa827a4da18102d9ede0382778_9366/Adizero_Boston_12_Running_Shoes_Black_ID4234_HM1.jpg","{'prices': [{'type': 'sale', 'value': 112, 'valueNoVat': 112}, {'type': 'original', 'value': 160, 'valueNoVat': 160, 'discountPercentage': -30}], 'isSoldOut': False}",1620,4.6217,,True
JR6594,Terrex Anylander Mid Rain.Rdy Hiking Shoes,Men TERREX,https://www.adidas.com/us/terrex-anylander-mid-rain.rdy-hiking-shoes/JR6594.html,NJM59,"['JR6594', 'ID0898', 'IH3554', 'JQ9963']","https://assets.adidas.com/images/w_383,h_383,f_auto,q_auto,fl_lossy,c_fill,g_auto/be993568b71f42508df0d5e5fc9f2b25_9366/Terrex_Anylander_Mid_Rain.Rdy_Hiking_Shoes_Green_JR6594_00_plp_standard.jpg","{'prices': [{'type': 'original', 'value': 100, 'valueNoVat': 100}], 'isSoldOut': False}",1185,4.6591,,True
HP3481,TERREX FREEHIKER 3 Ultra GORE-TEX Hiking Shoes,Men TERREX,https://www.adidas.com/us/terrex-freehiker-3-ultra-gore-tex-hiking-shoes/HP3481.html,OOZ41,"['HP3481', 'KH9896', 'KI8263', 'KJ3874']","https://assets.adidas.com/images/w_383,h_383,f_auto,q_auto,fl_lossy,c_fill,g_auto/08cb7fa116814e649ae2dac88ec20489_9366/TERREX_FREEHIKER_3_Ultra_GORE-TEX_Hiking_Shoes_Black_HP3481_HM1.jpg","{'prices': [{'type': 'original', 'value': 220, 'valueNoVat': 220}], 'isSoldOut': False}",54,4.7223,,True
ID0466,X_PLR Path Shoes,Men Sportswear,https://www.adidas.com/us/x_plr-path-shoes/ID0466.html,MCR40,"['ID0466', 'ID0465', 'ID0469', 'IE6459', 'JR1426']","https://assets.adidas.com/images/w_383,h_383,f_auto,q_auto,fl_lossy,c_fill,g_auto/7cbb198fb7a5459b8b8852fa1363b90d_9366/X_PLR_Path_Shoes_White_ID0466_00_plp_standard.jpg","{'prices': [{'type': 'original', 'value': 65, 'valueNoVat': 65}], 'isSoldOut': False}",1070,4.7701,True,True
IH6508,HANDBALL SPEZIAL SHOES,Originals,https://www.adidas.com/us/handball-spezial-shoes/IH6508.html,BTP23,"['IH6508', 'BD7632', 'BD7633', 'DB3021', 'IF7086', 'IF7087', 'IG6191', 'IG6192', 'IH6506', 'IH6507', 'IH6568', 'IH6569', 'IH6586', 'IH6588', 'IH6592', 'IH6594', 'IH6597', 'IH6598', 'IH6617', 'IH6618', 'IH9668', 'IH9672', 'IH9760', 'KH9051', 'KI8580', 'KI8685', 'KI8686', 'KI8687', 'KJ2399', 'KJ2401', 'KJ7413', 'KJ7414', 'KJ7415', 'KJ9876', 'KJ9883', 'KJ9884', 'KJ9956', 'KJ9957', 'KJ9958', 'KJ9962', 'KJ9963', 'KJ9964', 'KJ9968', 'KJ9969', 'KJ9974', 'KJ9975', 'KK1153', 'KK2692', 'KK2693', 'KK2694', 'KK4232', 'KK4242', 'KK4860', 'KK4867', 'KZ6702', 'KZ6703', 'KZ6704', 'KZ6705', 'KZ6706', 'KZ6707', 'KZ6712']","https://assets.adidas.com/images/w_383,h_383,f_auto,q_auto,fl_lossy,c_fill,g_auto/4ce8611e9b0a4772b932c8b7fc1d6bae_9366/HANDBALL_SPEZIAL_SHOES_Grey_IH6508_00_plp_standard.jpg","{'prices': [{'type': 'sale', 'value': 60, 'valueNoVat': 60}, {'type': 'original', 'value': 120, 'valueNoVat': 120, 'discountPercentage': -50}], 'isSoldOut': False}",9789,4.8179,True,True
KI7833,ADIZERO EVO SL ATR Shoes,Men Performance,https://www.adidas.com/us/adizero-evo-sl-atr-shoes/KI7833.html,OQS41,"['KI7833', 'KI5668', 'KI7836', 'KK0311', 'KK2683', 'KK2688']","https://assets.adidas.com/images/w_383,h_383,f_auto,q_auto,fl_lossy,c_fill,g_auto/e3e33ff7331e4207af61ef82b610e9a5_9366/ADIZERO_EVO_SL_ATR_Shoes_Beige_KI7833_HM1.jpg","{'prices': [{'type': 'original', 'value': 160, 'valueNoVat': 160}], 'isSoldOut': False}",547,4.5558,,True
JS1324,Italia 70s Shoes,Originals,https://www.adidas.com/us/italia-70s-shoes/JS1324.html,OPT41,"['JS1324', 'IH9106', 'JS1323', 'JS1325']","https://assets.adidas.com/images/w_383,h_383,f_auto,q_auto,fl_lossy,c_fill,g_auto/affd1efaf9874d91bfb89d4645d842e8_9366/Italia_70s_Shoes_Black_JS1324_00_plp_standard.jpg","{'prices': [{'type': 'original', 'value': 110, 'valueNoVat': 110}], 'isSoldOut': False}",219,4.6302,True,True
KI1911,HYPERBOOST EDGE Running Shoes,Men Performance,https://www.adidas.com/us/hyperboost-edge-running-shoes/KI1911.html,OQQ28,"['KI1911', 'KH8128', 'KI0358', 'KI1912', 'KI1913', 'KI4392', 'KI4393', 'KI4398', 'KI4401', 'KI4402', 'KI4413', 'KK0288', 'KK0289', 'KZ9958']","https://assets.adidas.com/images/w_383,h_383,f_auto,q_auto,fl_lossy,c_fill,g_auto/ae9e3e1154a74ede8fb9e5d7960c082b_9366/HYPERBOOST_EDGE_Running_Shoes_White_KI1911_HM51.jpg","{'prices': [{'type': 'original', 'value': 200, 'valueNoVat': 200}], 'isSoldOut': False}",661,4.6566,True,True
KI4401,HYPERBOOST EDGE Running Shoes,Men Performance,https://www.adidas.com/us/hyperboost-edge-running-shoes/KI4401.html,OQQ28,"['KI4401', 'KH8128', 'KI0358', 'KI1911', 'KI1912', 'KI1913', 'KI4392', 'KI4393', 'KI4398', 'KI4402', 'KI4413', 'KK0288', 'KK0289', 'KZ9958']","https://assets.adidas.com/images/w_383,h_383,f_auto,q_auto,fl_lossy,c_fill,g_auto/7dc0d768a167489fb8c59c2f1d5d4810_9366/HYPERBOOST_EDGE_Running_Shoes_White_KI4401_HM51.jpg","{'prices': [{'type': 'original', 'value': 200, 'valueNoVat': 200}], 'isSoldOut': False}",661,4.6566,True,True
KH6423,Purechill,Sportswear,https://www.adidas.com/us/purechill/KH6423.html,OSF28,"['KH6423', 'KH6421', 'KH6422', 'KH6424', 'KH6425', 'KH6427', 'KH6673', 'KH6696', 'KH6698', 'KI0065', 'KI0066', 'KI0067', 'KI0073', 'KI0074', 'KI0075']","https://assets.adidas.com/images/w_383,h_383,f_auto,q_auto,fl_lossy,c_fill,g_auto/84a56c76841c4925be532bf3ad4c0389_9366/Purechill_White_KH6423_00_plp_standard.jpg","{'prices': [{'type': 'sale', 'value': 60, 'valueNoVat': 60}, {'type': 'original', 'value': 75, 'valueNoVat': 75, 'discountPercentage': -20}], 'isSoldOut': False}",1245,4.6274,True,True
KK3719,Adizero EVO SL Woven Running Shoes,Men Performance,https://www.adidas.com/us/adizero-evo-sl-woven-running-shoes/KK3719.html,OOS26,"['KK3719', 'JQ4440', 'JQ4441', 'JQ4442', 'JQ4443', 'JQ4527', 'JR1912', 'JR2022', 'JR2024', 'JR4728', 'KH9494', 'KI1451', 'KI1492', 'KI2822', 'KI4256', 'KI4263', 'KI4828', 'KI4842', 'KI6926', 'KI8342', 'KJ1996', 'KJ2521', 'KK3673']","https://assets.adidas.com/images/w_383,h_383,f_auto,q_auto,fl_lossy,c_fill,g_auto/9cc43e3ff3bb4a2fa555bdb570af0e49_9366/Adizero_EVO_SL_Woven_Running_Shoes_White_KK3719_00_plp_standard.jpg","{'prices': [{'type': 'sale', 'value': 120, 'valueNoVat': 120}, {'type': 'original', 'value': 150, 'valueNoVat': 150, 'discountPercentage': -20}], 'isSoldOut': False}",462,4.7555,True,False
KH6698,Purechill,Sportswear,https://www.adidas.com/us/purechill/KH6698.html,OSF28,"['KH6698', 'KH6421', 'KH6422', 'KH6423', 'KH6424', 'KH6425', 'KH6427', 'KH6673', 'KH6696', 'KI0065', 'KI0066', 'KI0067', 'KI0073', 'KI0074', 'KI0075']","https://assets.adidas.com/images/w_383,h_383,f_auto,q_auto,fl_lossy,c_fill,g_auto/5b5ca199272247a1a6194b8c3f8e4a89_9366/Purechill_Grey_KH6698_00_plp_standard.jpg","{'prices': [{'type': 'sale', 'value': 57, 'valueNoVat': 57}, {'type': 'original', 'value': 75, 'valueNoVat': 75, 'discountPercentage': -20}], 'isSoldOut': False}",1245,4.6274,True,True
KJ0651,CLIMACOOL SHOES,Sportswear,https://www.adidas.com/us/climacool-shoes/KJ0651.html,OTN80,"['KJ0651', 'KI5233', 'KJ2597']","https://assets.adidas.com/images/w_383,h_383,f_auto,q_auto,fl_lossy,c_fill,g_auto/e105ca1d6917474fa48904ff75fb9df8_9366/CLIMACOOL_SHOES_Brown_KJ0651_00_plp_standard.jpg","{'prices': [{'type': 'original', 'value': 150, 'valueNoVat': 150}], 'isSoldOut': False}",62,4.3226,True,True
KI7701,NORA Shoes,Originals,https://www.adidas.com/us/nora-shoes/KI7701.html,OSQ16,"['KI7701', 'HQ7535', 'HQ7537', 'HQ7540', 'JP8586', 'KI7699', 'KI7700', 'KJ0198', 'KJ0199', 'KJ0200']","https://assets.adidas.com/images/w_383,h_383,f_auto,q_auto,fl_lossy,c_fill,g_auto/32dced5254814f9397cbb67753b3062e_9366/NORA_Shoes_Orange_KI7701_00_plp_standard.jpg","{'prices': [{'type': 'original', 'value': 80, 'valueNoVat': 80}], 'isSoldOut': False}",138,4.6812,True,True
LA3965,ADIDAS PIXAR TOY STORY ADISTAR CONTROL 5 SHOES,Originals,https://www.adidas.com/us/adidas-pixar-toy-story-adistar-control-5-shoes/LA3965.html,ONN89,"['LA3965', 'KH6895', 'KI6120', 'KI6121', 'KI6150', 'KI6151', 'KI6152', 'KI6154', 'KI6680', 'KI8590', 'KI8592', 'KI8601', 'KI9356', 'KJ3630', 'KJ3631', 'KJ5955', 'KJ7727', 'KJ8805']","https://assets.adidas.com/images/w_383,h_383,f_auto,q_auto,fl_lossy,c_fill,g_auto/c5f583f04cdb4513abb3f846c50cfcd4_9366/ADIDAS_PIXAR_TOY_STORY_ADISTAR_CONTROL_5_SHOES_White_LA3965_00_plp_standard.jpg","{'prices': [{'type': 'original', 'value': 130, 'valueNoVat': 130}], 'isSoldOut': False}",664,4.8449,True,True
KK3258,Predator Sala Shoes,Originals,https://www.adidas.com/us/predator-sala-shoes/KK3258.html,OTN87,"['KK3258', 'KH9708']","https://assets.adidas.com/images/w_383,h_383,f_auto,q_auto,fl_lossy,c_fill,g_auto/42127b8c92e145acbeedb93e35e2e3c9_9366/Predator_Sala_Shoes_Black_KK3258_00_plp_standard.jpg","{'prices': [{'type': 'original', 'value': 130, 'valueNoVat': 130}], 'isSoldOut': False}",4,4.0,,True
IH9760,Handball Spezial Shoes,Originals,https://www.adidas.com/us/handball-spezial-shoes/IH9760.html,BTP23,"['IH9760', 'BD7632', 'BD7633', 'DB3021', 'IF7086', 'IF7087', 'IG6191', 'IG6192', 'IH6506', 'IH6507', 'IH6508', 'IH6568', 'IH6569', 'IH6586', 'IH6588', 'IH6592', 'IH6594', 'IH6597', 'IH6598', 'IH6617', 'IH6618', 'IH9668', 'IH9672', 'KH9051', 'KI8580', 'KI8685', 'KI8686', 'KI8687', 'KJ2399', 'KJ2401', 'KJ7413', 'KJ7414', 'KJ7415', 'KJ9876', 'KJ9883', 'KJ9884', 'KJ9956', 'KJ9957', 'KJ9958', 'KJ9962', 'KJ9963', 'KJ9964', 'KJ9968', 'KJ9969', 'KJ9974', 'KJ9975', 'KK1153', 'KK2692', 'KK2693', 'KK2694', 'KK4232', 'KK4242', 'KK4860', 'KK4867', 'KZ6702', 'KZ6703', 'KZ6704', 'KZ6705', 'KZ6706', 'KZ6707', 'KZ6712']","https://assets.adidas.com/images/w_383,h_383,f_auto,q_auto,fl_lossy,c_fill,g_auto/a30f11f9817f45aa86eea50b9fb7b647_9366/Handball_Spezial_Shoes_Grey_IH9760_00_plp_standard.jpg","{'prices': [{'type': 'sale', 'value': 60, 'valueNoVat': 60}, {'type': 'original', 'value': 120, 'valueNoVat': 120, 'discountPercentage': -50}], 'isSoldOut': False}",9789,4.8179,True,True
KI6120,ADISTAR CONTROL 5 SHOES,Originals,https://www.adidas.com/us/adistar-control-5-shoes/KI6120.html,ONN89,"['KI6120', 'KH6895', 'KI6121', 'KI6150', 'KI6151', 'KI6152', 'KI6154', 'KI6680', 'KI8590', 'KI8592', 'KI8601', 'KI9356', 'KJ3630', 'KJ3631', 'KJ5955', 'KJ7727', 'KJ8805', 'LA3965']","https://assets.adidas.com/images/w_383,h_383,f_auto,q_auto,fl_lossy,c_fill,g_auto/d66604781d0c4e0c8b5455699adf6061_9366/ADISTAR_CONTROL_5_SHOES_Black_KI6120_HM1.jpg","{'prices': [{'type': 'original', 'value': 120, 'valueNoVat': 120}], 'isSoldOut': False}",664,4.8449,True,True
IH9820,QUESTAR 4 RUNNING SHOES,Men Performance,https://www.adidas.com/us/questar-4-running-shoes/IH9820.html,ONL24,"['IH9820', 'IH9815', 'IH9816', 'IH9821', 'KI7992']","https://assets.adidas.com/images/w_383,h_383,f_auto,q_auto,fl_lossy,c_fill,g_auto/8e292cbb1deb4fd5a62a7a314b9f5d61_9366/QUESTAR_4_RUNNING_SHOES_Grey_IH9820_HM1.jpg","{'prices': [{'type': 'sale', 'value': 45, 'valueNoVat': 45}, {'type': 'original', 'value': 75, 'valueNoVat': 75, 'discountPercentage': -40}], 'isSoldOut': False}",7,5.0,True,True
M20325,Stan Smith Shoes,Originals,https://www.adidas.com/us/stan-smith-shoes/M20325.html,ION05,"['M20325', 'M20324', 'M20327', 'S75104']","https://assets.adidas.com/images/w_383,h_383,f_auto,q_auto,fl_lossy,c_fill,g_auto/b3b89eb28a574da4959ba59900ebb1e5_9366/Stan_Smith_Shoes_White_M20325_00_plp_standard.jpg","{'prices': [{'type': 'original', 'value': 100, 'valueNoVat': 100}], 'isSoldOut': False}",17202,4.7016,True,True
KJ5048,GLENBURN Shoes,Originals,https://www.adidas.com/us/glenburn-shoes/KJ5048.html,OSE79,"['KJ5048', 'HP3514', 'KJ5040', 'KJ5041', 'KJ5042', 'KJ5045', 'KJ5046', 'KJ5049', 'KJ5052']","https://assets.adidas.com/images/w_383,h_383,f_auto,q_auto,fl_lossy,c_fill,g_auto/cf0075bad8cd4590891b096bfd876827_9366/GLENBURN_Shoes_Burgundy_KJ5048_00_plp_standard.jpg","{'prices': [{'type': 'original', 'value': 75, 'valueNoVat': 75}], 'isSoldOut': False}",311,4.8296,,True
H03471,Campus 00s Shoes,Originals,https://www.adidas.com/us/campus-00s-shoes/H03471.html,CAMPUSU1223,"['H03471', 'H03472', 'H03474', 'HQ8707', 'HQ8708', 'ID1435', 'IH4093', 'IH6724', 'JQ8356', 'JQ8357', 'JR7287', 'JR8163', 'KI0930', 'KI0931', 'KI0932']","https://assets.adidas.com/images/w_383,h_383,f_auto,q_auto,fl_lossy,c_fill,g_auto/69105fba851b48be9d7baf7b00b30c66_9366/Campus_00s_Shoes_Blue_H03471_00_plp_standard.jpg","{'prices': [{'type': 'sale', 'value': 55, 'valueNoVat': 55}, {'type': 'original', 'value': 110, 'valueNoVat': 110, 'discountPercentage': -50}], 'isSoldOut': False}",1205,4.7859,True,True
KJ7083,SUPERNOVA RISE 3 RUNNING SHOES,Men Performance,https://www.adidas.com/us/supernova-rise-3-running-shoes/KJ7083.html,ONQ65,"['KJ7083', 'JQ8502', 'JQ9668', 'KI9227', 'KK1921']","https://assets.adidas.com/images/w_383,h_383,f_auto,q_auto,fl_lossy,c_fill,g_auto/8462a2b277084beca56411cd67e391b5_9366/SUPERNOVA_RISE_3_RUNNING_SHOES_White_KJ7083_HM1.jpg","{'prices': [{'type': 'original', 'value': 140, 'valueNoVat': 140}], 'isSoldOut': False}",170,4.6413,,True
IH6569,HANDBALL SPEZIAL SHOES,Originals,https://www.adidas.com/us/handball-spezial-shoes/IH6569.html,BTP23,"['IH6569', 'BD7632', 'BD7633', 'DB3021', 'IF7086', 'IF7087', 'IG6191', 'IG6192', 'IH6506', 'IH6507', 'IH6508', 'IH6568', 'IH6586', 'IH6588', 'IH6592', 'IH6594', 'IH6597', 'IH6598', 'IH6617', 'IH6618', 'IH9668', 'IH9672', 'IH9760', 'KH9051', 'KI8580', 'KI8685', 'KI8686', 'KI8687', 'KJ2399', 'KJ2401', 'KJ7413', 'KJ7414', 'KJ7415', 'KJ9876', 'KJ9883', 'KJ9884', 'KJ9956', 'KJ9957', 'KJ9958', 'KJ9962', 'KJ9963', 'KJ9964', 'KJ9968', 'KJ9969', 'KJ9974', 'KJ9975', 'KK1153', 'KK2692', 'KK2693', 'KK2694', 'KK4232', 'KK4242', 'KK4860', 'KK4867', 'KZ6702', 'KZ6703', 'KZ6704', 'KZ6705', 'KZ6706', 'KZ6707', 'KZ6712']","https://assets.adidas.com/images/w_383,h_383,f_auto,q_auto,fl_lossy,c_fill,g_auto/8e2fcbb282594aa9b899e05c1fdc911d_9366/HANDBALL_SPEZIAL_SHOES_Brown_IH6569_00_plp_standard.jpg","{'prices': [{'type': 'sale', 'value': 60, 'valueNoVat': 60}, {'type': 'original', 'value': 120, 'valueNoVat': 120, 'discountPercentage': -50}], 'isSoldOut': False}",9789,4.8179,True,True
IH6598,Handball Spezial Shoes,Originals,https://www.adidas.com/us/handball-spezial-shoes/IH6598.html,BTP23,"['IH6598', 'BD7632', 'BD7633', 'DB3021', 'IF7086', 'IF7087', 'IG6191', 'IG6192', 'IH6506', 'IH6507', 'IH6508', 'IH6568', 'IH6569', 'IH6586', 'IH6588', 'IH6592', 'IH6594', 'IH6597', 'IH6617', 'IH6618', 'IH9668', 'IH9672', 'IH9760', 'KH9051', 'KI8580', 'KI8685', 'KI8686', 'KI8687', 'KJ2399', 'KJ2401', 'KJ7413', 'KJ7414', 'KJ7415', 'KJ9876', 'KJ9883', 'KJ9884', 'KJ9956', 'KJ9957', 'KJ9958', 'KJ9962', 'KJ9963', 'KJ9964', 'KJ9968', 'KJ9969', 'KJ9974', 'KJ9975', 'KK1153', 'KK2692', 'KK2693', 'KK2694', 'KK4232', 'KK4242', 'KK4860', 'KK4867', 'KZ6702', 'KZ6703', 'KZ6704', 'KZ6705', 'KZ6706', 'KZ6707', 'KZ6712']","https://assets.adidas.com/images/w_383,h_383,f_auto,q_auto,fl_lossy,c_fill,g_auto/35c1eab36b67494c9736fe32a5a654c0_9366/Handball_Spezial_Shoes_Yellow_IH6598_00_plp_standard.jpg","{'prices': [{'type': 'sale', 'value': 60, 'valueNoVat': 60}, {'type': 'original', 'value': 120, 'valueNoVat': 120, 'discountPercentage': -50}], 'isSoldOut': False}",9789,4.8179,True,True
KI5272,adidas Initiation Shoes,Performance,https://www.adidas.com/us/adidas-initiation-shoes/KI5272.html,NRZ10,"['KI5272', 'KI5274']","https://assets.adidas.com/images/w_383,h_383,f_auto,q_auto,fl_lossy,c_fill,g_auto/9d97a9e33708445cb8a88dae70b15399_9366/adidas_Initiation_Shoes_Purple_KI5272_00_plp_standard.jpg","{'prices': [{'type': 'original', 'value': 80, 'valueNoVat': 80}], 'isSoldOut': False}",174,4.4886,,True
JQ2210,Terrex Skychaser AX5 GORE-TEX Hiking Shoes,Men TERREX,https://www.adidas.com/us/terrex-skychaser-ax5-gore-tex-hiking-shoes/JQ2210.html,NMQ33,"['JQ2210', 'JH7801', 'JQ2209', 'JQ2213']","https://assets.adidas.com/images/w_383,h_383,f_auto,q_auto,fl_lossy,c_fill,g_auto/c10a4f903dd74e49bd107aac07b3653d_9366/Terrex_Skychaser_AX5_GORE-TEX_Hiking_Shoes_Black_JQ2210_HM1.jpg","{'prices': [{'type': 'original', 'value': 120, 'valueNoVat': 120}], 'isSoldOut': False}",470,4.4363,,True
IG9166,Advantage 2.0 Shoes,Men Sportswear,https://www.adidas.com/us/advantage-2.0-shoes/IG9166.html,NIV49,"['IG9166', 'IF1661', 'IG9167', 'JP7948']","https://assets.adidas.com/images/w_383,h_383,f_auto,q_auto,fl_lossy,c_fill,g_auto/de4bdda872db4138af4604666af20822_9366/Advantage_2.0_Shoes_White_IG9166_HM1.jpg","{'prices': [{'type': 'original', 'value': 70, 'valueNoVat': 70}], 'isSoldOut': False}",699,4.7354,True,True
JQ1461,RAPIDMOVE GO TRAINER M,Men Performance,https://www.adidas.com/us/rapidmove-go-trainer-m/JQ1461.html,ONB39,"['JQ1461', 'JQ3950']","https://assets.adidas.com/images/w_383,h_383,f_auto,q_auto,fl_lossy,c_fill,g_auto/cce80c75406742d4b7ae89fb0b9b9d5a_9366/RAPIDMOVE_GO_TRAINER_M_White_JQ1461_HM1.jpg","{'prices': [{'type': 'original', 'value': 80, 'valueNoVat': 80}], 'isSoldOut': False}",115,4.6522,True,True
JQ3254,Superstar Vintage Shoes,Originals,https://www.adidas.com/us/superstar-vintage-shoes/JQ3254.html,OMU62,"['JQ3254', 'JQ3255']","https://assets.adidas.com/images/w_383,h_383,f_auto,q_auto,fl_lossy,c_fill,g_auto/f317adfc7a534507a9d47b66e0f7c036_9366/Superstar_Vintage_Shoes_White_JQ3254_00_plp_standard.jpg","{'prices': [{'type': 'original', 'value': 120, 'valueNoVat': 120}], 'isSoldOut': False}",143,4.8672,,True
JR8543,Lite Racer 4.0 Shoes,Men Sportswear,https://www.adidas.com/us/lite-racer-4.0-shoes/JR8543.html,NLD67,"['JR8543', 'JI4949', 'JR8547']","https://assets.adidas.com/images/w_383,h_383,f_auto,q_auto,fl_lossy,c_fill,g_auto/08f8f150fc4b4afbbe4375fc285e964d_9366/Lite_Racer_4.0_Shoes_Black_JR8543_00_plp_standard.jpg","{'prices': [{'type': 'sale', 'value': 39, 'valueNoVat': 39}, {'type': 'original', 'value': 55, 'valueNoVat': 55, 'discountPercentage': -25}], 'isSoldOut': False}",1145,4.7337,,True
KJ9195,TEXAS TECH UNIVERSITY BARREDA DECODE SHOES,Men Sportswear,https://www.adidas.com/us/texas-tech-university-barreda-decode-shoes/KJ9195.html,OPS66,"['KJ9195', 'IH1453', 'IH1454', 'IH1455', 'JR1227', 'JR1229', 'JR1230', 'JR1231', 'JR1233', 'JS0936', 'KJ6845', 'KJ9087', 'KJ9197', 'KJ9200', 'KK4718']","https://assets.adidas.com/images/w_383,h_383,f_auto,q_auto,fl_lossy,c_fill,g_auto/3e80b1a21d08438ebf452b8742b161d9_9366/TEXAS_TECH_UNIVERSITY_BARREDA_DECODE_SHOES_White_KJ9195_00_plp_standard.jpg","{'prices': [{'type': 'sale', 'value': 57, 'valueNoVat': 57}, {'type': 'original', 'value': 95, 'valueNoVat': 95, 'discountPercentage': -40}], 'isSoldOut': False}",102,4.6569,,True
LA6211,HYPERBOOST EPHR SHOES,Originals,https://www.adidas.com/us/hyperboost-ephr-shoes/LA6211.html,ORV68,"['LA6211', 'LA5973', 'LA5974', 'LA6206', 'LA6208', 'LA6215']","https://assets.adidas.com/images/w_383,h_383,f_auto,q_auto,fl_lossy,c_fill,g_auto/df8f02c277e140c7b242f1f780a0f686_9366/HYPERBOOST_EPHR_SHOES_Black_LA6211_HM1.jpg","{'prices': [{'type': 'original', 'value': 170, 'valueNoVat': 170}], 'isSoldOut': False}",155,4.5807,True,True
JQ9478,BELIEVE THAT 1 Shoes,Performance,https://www.adidas.com/us/believe-that-1-shoes/JQ9478.html,OMY47,"['JQ9478', 'JQ9475', 'KJ0452', 'KJ3146', 'KJ3147']","https://assets.adidas.com/images/w_383,h_383,f_auto,q_auto,fl_lossy,c_fill,g_auto/ff9d34f7e3fc4013b6f55d7b35468bb2_9366/BELIEVE_THAT_1_Shoes_Black_JQ9478_00_plp_standard.jpg","{'prices': [{'type': 'original', 'value': 100, 'valueNoVat': 100}], 'isSoldOut': False}",134,4.7538,True,True
JR6891,Swift Run 1.0 Shoes,Men Sportswear,https://www.adidas.com/us/swift-run-1.0-shoes/JR6891.html,MDM01,"['JR6891', 'IE7475', 'IE7476', 'IF0569', 'JQ4127']","https://assets.adidas.com/images/w_383,h_383,f_auto,q_auto,fl_lossy,c_fill,g_auto/79c50bf5ad2349cfae4244ad238b6eec_9366/Swift_Run_1.0_Shoes_Green_JR6891_00_plp_standard.jpg","{'prices': [{'type': 'original', 'value': 80, 'valueNoVat': 80}], 'isSoldOut': False}",1229,4.52,True,True
H03474,Campus 00s Shoes,Originals,https://www.adidas.com/us/campus-00s-shoes/H03474.html,CAMPUSU1223,"['H03474', 'H03471', 'H03472', 'HQ8707', 'HQ8708', 'ID1435', 'IH4093', 'IH6724', 'JQ8356', 'JQ8357', 'JR7287', 'JR8163', 'KI0930', 'KI0931', 'KI0932']","https://assets.adidas.com/images/w_383,h_383,f_auto,q_auto,fl_lossy,c_fill,g_auto/db17b9aa742a4517a24daf8800a8bca4_9366/Campus_00s_Shoes_Red_H03474_00_plp_standard.jpg","{'prices': [{'type': 'sale', 'value': 55, 'valueNoVat': 55}, {'type': 'original', 'value': 110, 'valueNoVat': 110, 'discountPercentage': -50}], 'isSoldOut': False}",1205,4.7859,True,True
G99863,Rod Laver Shoes,Men Originals,https://www.adidas.com/us/rod-laver-shoes/G99863.html,JEI02,"['G99863', 'G99864', 'LA4181', 'LA6393']","https://assets.adidas.com/images/w_383,h_383,f_auto,q_auto,fl_lossy,c_fill,g_auto/a2aa99a8985f463c8b26a5aa0060229f_9366/Rod_Laver_Shoes_White_G99863_00_plp_standard.jpg","{'prices': [{'type': 'original', 'value': 90, 'valueNoVat': 90}], 'isSoldOut': False}",694,4.2796,True,True
KI0067,Purechill,Sportswear,https://www.adidas.com/us/purechill/KI0067.html,OSF28,"['KI0067', 'KH6421', 'KH6422', 'KH6423', 'KH6424', 'KH6425', 'KH6427', 'KH6673', 'KH6696', 'KH6698', 'KI0065', 'KI0066', 'KI0073', 'KI0074', 'KI0075']","https://assets.adidas.com/images/w_383,h_383,f_auto,q_auto,fl_lossy,c_fill,g_auto/e9ecca72c9a2428c87c4202fff74140c_9366/Purechill_Black_KI0067_00_plp_standard.jpg","{'prices': [{'type': 'original', 'value': 75, 'valueNoVat': 75}], 'isSoldOut': False}",1245,4.6274,True,True
JQ9493,ANTHONY EDWARDS 2 Shoes,Performance,https://www.adidas.com/us/anthony-edwards-2-shoes/JQ9493.html,OQN77,"['JQ9493', 'JQ9495', 'JQ9497', 'JQ9501', 'JQ9503', 'JR1572', 'JR4359', 'JS3508', 'JS3514', 'KJ1887', 'KJ2363', 'KJ4228', 'KK0645', 'KK1390']","https://assets.adidas.com/images/w_383,h_383,f_auto,q_auto,fl_lossy,c_fill,g_auto/31899d16494b45db93953b008ef23024_9366/ANTHONY_EDWARDS_2_Shoes_White_JQ9493_00_plp_standard.jpg","{'prices': [{'type': 'original', 'value': 130, 'valueNoVat': 130}], 'isSoldOut': False}",556,4.7482,True,True
JI0081,Superstar II Shoes,Originals,https://www.adidas.com/us/superstar-ii-shoes/JI0081.html,OMU51,"['JI0081', 'JI0080']","https://assets.adidas.com/images/w_383,h_383,f_auto,q_auto,fl_lossy,c_fill,g_auto/49b671fbf6184f788b3355c023eb87f1_9366/Superstar_II_Shoes_Black_JI0081_00_plp_standard.jpg","{'prices': [{'type': 'original', 'value': 100, 'valueNoVat': 100}], 'isSoldOut': False}",395,4.7848,True,True
KI4256,Adizero EVO SL Woven Running Shoes,Men Performance,https://www.adidas.com/us/adizero-evo-sl-woven-running-shoes/KI4256.html,OOS26,"['KI4256', 'JQ4440', 'JQ4441', 'JQ4442', 'JQ4443', 'JQ4527', 'JR1912', 'JR2022', 'JR2024', 'JR4728', 'KH9494', 'KI1451', 'KI1492', 'KI2822', 'KI4263', 'KI4828', 'KI4842', 'KI6926', 'KI8342', 'KJ1996', 'KJ2521', 'KK3673', 'KK3719']","https://assets.adidas.com/images/w_383,h_383,f_auto,q_auto,fl_lossy,c_fill,g_auto/4d750c762a2b4c88881a4bb67145d469_9366/Adizero_EVO_SL_Woven_Running_Shoes_Green_KI4256_HM1.jpg","{'prices': [{'type': 'original', 'value': 150, 'valueNoVat': 150}], 'isSoldOut': False}",462,4.7555,True,True
IH7757,Runfalcon 5 Running Shoes,Men Performance,https://www.adidas.com/us/runfalcon-5-running-shoes/IH7757.html,NKE45,"['IH7757', 'IE0525', 'IE8812', 'IE8819', 'IH7758', 'JI0872', 'JQ6974', 'JQ6976', 'JQ6978', 'JQ6979', 'JQ6980', 'JR5089', 'JR5518', 'JR5520', 'JR5521']","https://assets.adidas.com/images/w_383,h_383,f_auto,q_auto,fl_lossy,c_fill,g_auto/f73c7608e9734fbc8ba2c54b8c0e2c18_9366/Runfalcon_5_Running_Shoes_White_IH7757_HM1.jpg","{'prices': [{'type': 'sale', 'value': 42, 'valueNoVat': 42}, {'type': 'original', 'value': 60, 'valueNoVat': 60, 'discountPercentage': -30}], 'isSoldOut': False}",5302,4.6415,True,True
KH9051,Handball Spezial Shoes,Originals,https://www.adidas.com/us/handball-spezial-shoes/KH9051.html,BTP23,"['KH9051', 'BD7632', 'BD7633', 'DB3021', 'IF7086', 'IF7087', 'IG6191', 'IG6192', 'IH6506', 'IH6507', 'IH6508', 'IH6568', 'IH6569', 'IH6586', 'IH6588', 'IH6592', 'IH6594', 'IH6597', 'IH6598', 'IH6617', 'IH6618', 'IH9668', 'IH9672', 'IH9760', 'KI8580', 'KI8685', 'KI8686', 'KI8687', 'KJ2399', 'KJ2401', 'KJ7413', 'KJ7414', 'KJ7415', 'KJ9876', 'KJ9883', 'KJ9884', 'KJ9956', 'KJ9957', 'KJ9958', 'KJ9962', 'KJ9963', 'KJ9964', 'KJ9968', 'KJ9969', 'KJ9974', 'KJ9975', 'KK1153', 'KK2692', 'KK2693', 'KK2694', 'KK4232', 'KK4242', 'KK4860', 'KK4867', 'KZ6702', 'KZ6703', 'KZ6704', 'KZ6705', 'KZ6706', 'KZ6707', 'KZ6712']","https://assets.adidas.com/images/w_383,h_383,f_auto,q_auto,fl_lossy,c_fill,g_auto/84b5d950fc9149d8942901b1f7dbe83a_9366/Handball_Spezial_Shoes_Black_KH9051_00_plp_standard.jpg","{'prices': [{'type': 'sale', 'value': 60, 'valueNoVat': 60}, {'type': 'original', 'value': 120, 'valueNoVat': 120, 'discountPercentage': -50}], 'isSoldOut': False}",9789,4.8179,True,True
KI7992,QUESTAR 4 RUNNING SHOES,Men Performance,https://www.adidas.com/us/questar-4-running-shoes/KI7992.html,ONL24,"['KI7992', 'IH9815', 'IH9816', 'IH9820', 'IH9821']","https://assets.adidas.com/images/w_383,h_383,f_auto,q_auto,fl_lossy,c_fill,g_auto/f6e03e141b74444aa03d895d9e93515d_9366/QUESTAR_4_RUNNING_SHOES_Black_KI7992_HM1.jpg","{'prices': [{'type': 'original', 'value': 75, 'valueNoVat': 75}], 'isSoldOut': False}",7,5.0,True,True
IH9675,GAZELLE INDOOR SHOES,Originals,https://www.adidas.com/us/gazelle-indoor-shoes/IH9675.html,GAZU1223,"['IH9675', 'IH9640', 'IH9641', 'IH9650', 'IH9651', 'IH9654', 'IH9659', 'IH9660', 'IH9661', 'IH9665', 'IH9666', 'IH9679', 'IH9680', 'JI2060', 'JI2061', 'JI2062', 'JI2063']","https://assets.adidas.com/images/w_383,h_383,f_auto,q_auto,fl_lossy,c_fill,g_auto/fa8b64d059d74cba9481c54000cf933f_9366/GAZELLE_INDOOR_SHOES_White_IH9675_00_plp_standard.jpg","{'prices': [{'type': 'sale', 'value': 65, 'valueNoVat': 65}, {'type': 'original', 'value': 130, 'valueNoVat': 130, 'discountPercentage': -50}], 'isSoldOut': False}",947,4.8058,,True
KI3150,Adizero Boston 13 Shoes,Men Performance,https://www.adidas.com/us/adizero-boston-13-shoes/KI3150.html,OSN09,"['KI3150', 'JP9251', 'KH5603', 'KK4992']","https://assets.adidas.com/images/w_383,h_383,f_auto,q_auto,fl_lossy,c_fill,g_auto/807cd638c3ea46e5997c63a3109d4a9b_9366/Adizero_Boston_13_Shoes_Pink_KI3150_HM1.jpg","{'prices': [{'type': 'original', 'value': 160, 'valueNoVat': 160}], 'isSoldOut': False}",9,4.6667,,True
KJ3147,BELIEVE THAT 1 Shoes,Performance,https://www.adidas.com/us/believe-that-1-shoes/KJ3147.html,OMY47,"['KJ3147', 'JQ9475', 'JQ9478', 'KJ0452', 'KJ3146']","https://assets.adidas.com/images/w_383,h_383,f_auto,q_auto,fl_lossy,c_fill,g_auto/ff9c8b820e7042378b7ac6a30d4bce2f_9366/BELIEVE_THAT_1_Shoes_Black_KJ3147_00_plp_standard.jpg","{'prices': [{'type': 'original', 'value': 100, 'valueNoVat': 100}], 'isSoldOut': False}",134,4.7538,True,True
KH8485,BW ARMY DECON SHOES,Originals,https://www.adidas.com/us/bw-army-decon-shoes/KH8485.html,OQS77,"['KH8485', 'KK2717', 'KK2718']","https://assets.adidas.com/images/w_383,h_383,f_auto,q_auto,fl_lossy,c_fill,g_auto/8d1aca332cc84464bfaa67b549207b6b_9366/BW_ARMY_DECON_SHOES_Grey_KH8485_00_plp_standard.jpg","{'prices': [{'type': 'original', 'value': 120, 'valueNoVat': 120}], 'isSoldOut': False}",6,5.0,True,True
HQ9306,TERREX FREEHIKER 3 MID GORE-TEX Hiking Shoes,Men TERREX,https://www.adidas.com/us/terrex-freehiker-3-mid-gore-tex-hiking-shoes/HQ9306.html,OOZ33,"['HQ9306', 'KI8268', 'KI8269']","https://assets.adidas.com/images/w_383,h_383,f_auto,q_auto,fl_lossy,c_fill,g_auto/1fffca50f6074790890cf9291d0ad4cd_9366/TERREX_FREEHIKER_3_MID_GORE-TEX_Hiking_Shoes_Black_HQ9306_HM1.jpg","{'prices': [{'type': 'original', 'value': 200, 'valueNoVat': 200}], 'isSoldOut': False}",18,4.2778,,True
KI4506,ADISTAR XLG 2.0 SHOES,Originals,https://www.adidas.com/us/adistar-xlg-2.0-shoes/KI4506.html,ORC52,"['KI4506', 'HQ7468', 'HQ7551', 'HQ7552', 'HQ7553', 'HQ7554', 'HQ7555', 'KI4505', 'KJ7895', 'KK2895', 'KK2896', 'KK2899', 'KK2900', 'KZ9011', 'KZ9155', 'KZ9160', 'LA1813']","https://assets.adidas.com/images/w_383,h_383,f_auto,q_auto,fl_lossy,c_fill,g_auto/77261f21f60046a2bb66fb9eaf49bc26_9366/ADISTAR_XLG_2.0_SHOES_Red_KI4506_HM6.jpg","{'prices': [{'type': 'sale', 'value': 113, 'valueNoVat': 113}, {'type': 'original', 'value': 150, 'valueNoVat': 150, 'discountPercentage': -20}], 'isSoldOut': False}",273,4.7473,True,True
KK1547,Training Spezial,Performance,https://www.adidas.com/us/training-spezial/KK1547.html,NSW96,"['KK1547', 'JP7392', 'JS3038', 'LA6308']","https://assets.adidas.com/images/w_383,h_383,f_auto,q_auto,fl_lossy,c_fill,g_auto/da0ddecc26b641ecb3b3f1415051acbb_9366/Training_Spezial_Brown_KK1547_HM1.jpg","{'prices': [{'type': 'original', 'value': 120, 'valueNoVat': 120}], 'isSoldOut': False}",467,4.7153,,True
KJ2867,Duramo Speed 2 Running Shoes,Men Performance,https://www.adidas.com/us/duramo-speed-2-running-shoes/KJ2867.html,NKL71,"['KJ2867', 'IH8201', 'IH8206', 'JP9223', 'KJ2866']","https://assets.adidas.com/images/w_383,h_383,f_auto,q_auto,fl_lossy,c_fill,g_auto/288bc2f673954d94be8443b9f2b66cc2_9366/Duramo_Speed_2_Running_Shoes_Silver_KJ2867_00_plp_standard.jpg","{'prices': [{'type': 'sale', 'value': 68, 'valueNoVat': 68}, {'type': 'original', 'value': 90, 'valueNoVat': 90, 'discountPercentage': -20}], 'isSoldOut': False}",572,4.6067,,True
KI8686,HANDBALL SPEZIAL SHOES,Originals,https://www.adidas.com/us/handball-spezial-shoes/KI8686.html,BTP23,"['KI8686', 'BD7632', 'BD7633', 'DB3021', 'IF7086', 'IF7087', 'IG6191', 'IG6192', 'IH6506', 'IH6507', 'IH6508', 'IH6568', 'IH6569', 'IH6586', 'IH6588', 'IH6592', 'IH6594', 'IH6597', 'IH6598', 'IH6617', 'IH6618', 'IH9668', 'IH9672', 'IH9760', 'KH9051', 'KI8580', 'KI8685', 'KI8687', 'KJ2399', 'KJ2401', 'KJ7413', 'KJ7414', 'KJ7415', 'KJ9876', 'KJ9883', 'KJ9884', 'KJ9956', 'KJ9957', 'KJ9958', 'KJ9962', 'KJ9963', 'KJ9964', 'KJ9968', 'KJ9969', 'KJ9974', 'KJ9975', 'KK1153', 'KK2692', 'KK2693', 'KK2694', 'KK4232', 'KK4242', 'KK4860', 'KK4867', 'KZ6702', 'KZ6703', 'KZ6704', 'KZ6705', 'KZ6706', 'KZ6707', 'KZ6712']","https://assets.adidas.com/images/w_383,h_383,f_auto,q_auto,fl_lossy,c_fill,g_auto/7977bcb8069148b19b00563e6f10d8a7_9366/HANDBALL_SPEZIAL_SHOES_Burgundy_KI8686_00_plp_standard.jpg","{'prices': [{'type': 'sale', 'value': 60, 'valueNoVat': 60}, {'type': 'original', 'value': 120, 'valueNoVat': 120, 'discountPercentage': -50}], 'isSoldOut': False}",9789,4.8179,,True
IH1818,RUNFALCON 6 WIDE Shoes,Men Performance,https://www.adidas.com/us/runfalcon-6-wide-shoes/IH1818.html,OOY33,"['IH1818', 'IH1815']","https://assets.adidas.com/images/w_383,h_383,f_auto,q_auto,fl_lossy,c_fill,g_auto/2a83f02ed7e4470183e15551cf6b25de_9366/RUNFALCON_6_WIDE_Shoes_Grey_IH1818_00_plp_standard.jpg","{'prices': [{'type': 'original', 'value': 65, 'valueNoVat': 65}], 'isSoldOut': False}",13,4.3078,,True
KJ8954,Terrex Eastrail 3 Climaproof Hiking Shoes,Men TERREX,https://www.adidas.com/us/terrex-eastrail-3-climaproof-hiking-shoes/KJ8954.html,OPD96,"['KJ8954', 'JR4008', 'JR4009', 'JR8392']","https://assets.adidas.com/images/w_383,h_383,f_auto,q_auto,fl_lossy,c_fill,g_auto/bc12bb691ee74826a255fc6d50edf487_9366/Terrex_Eastrail_3_Climaproof_Hiking_Shoes_Brown_KJ8954_HM1.jpg","{'prices': [{'type': 'original', 'value': 90, 'valueNoVat': 90}], 'isSoldOut': False}",48,4.5,,True
IH1454,BARREDA DECODE SHOES,Men Sportswear,https://www.adidas.com/us/barreda-decode-shoes/IH1454.html,OPS66,"['IH1454', 'IH1453', 'IH1455', 'JR1227', 'JR1229', 'JR1230', 'JR1231', 'JR1233', 'JS0936', 'KJ6845', 'KJ9087', 'KJ9195', 'KJ9197', 'KJ9200', 'KK4718']","https://assets.adidas.com/images/w_383,h_383,f_auto,q_auto,fl_lossy,c_fill,g_auto/98ffe88131ed4cf6bdd55a6c0276f9f2_9366/BARREDA_DECODE_SHOES_Green_IH1454_HM1.jpg","{'prices': [{'type': 'original', 'value': 90, 'valueNoVat': 90}], 'isSoldOut': False}",102,4.6569,,True
KJ0373,Y-3 NIZZASTAR HI Shoes,Y-3,https://www.adidas.com/us/y-3-nizzastar-hi-shoes/KJ0373.html,OPW76,[],"https://assets.adidas.com/images/w_383,h_383,f_auto,q_auto,fl_lossy,c_fill,g_auto/759eab01122447e685dad343053a3ca7_9366/Y-3_NIZZASTAR_HI_Shoes_Black_KJ0373_00_plp_standard.jpg","{'prices': [{'type': 'original', 'value': 400, 'valueNoVat': 400}], 'isSoldOut': False}",-99,,,True
KH9494,Adizero EVO SL Woven Running Shoes,Men Performance,https://www.adidas.com/us/adizero-evo-sl-woven-running-shoes/KH9494.html,OOS26,"['KH9494', 'JQ4440', 'JQ4441', 'JQ4442', 'JQ4443', 'JQ4527', 'JR1912', 'JR2022', 'JR2024', 'JR4728', 'KI1451', 'KI1492', 'KI2822', 'KI4256', 'KI4263', 'KI4828', 'KI4842', 'KI6926', 'KI8342', 'KJ1996', 'KJ2521', 'KK3673', 'KK3719']","https://assets.adidas.com/images/w_383,h_383,f_auto,q_auto,fl_lossy,c_fill,g_auto/6561905460f540bc9d27f38e64fd926e_9366/Adizero_EVO_SL_Woven_Running_Shoes_Silver_KH9494_00_plp_standard.jpg","{'prices': [{'type': 'original', 'value': 150, 'valueNoVat': 150}], 'isSoldOut': False}",462,4.7555,True,True
KJ4899,PARIS SHOES,Men Originals,https://www.adidas.com/us/paris-shoes/KJ4899.html,OQQ47,"['KJ4899', 'KJ4898', 'KJ4908', 'KJ4909', 'KJ4910']","https://assets.adidas.com/images/w_383,h_383,f_auto,q_auto,fl_lossy,c_fill,g_auto/02a4ee714e02422eb6cd025d8046bdb9_9366/PARIS_SHOES_Black_KJ4899_00_plp_standard.jpg","{'prices': [{'type': 'original', 'value': 100, 'valueNoVat': 100}], 'isSoldOut': False}",5,4.8,,True
KK2683,ADIZERO EVO SL ATR Shoes,Men Performance,https://www.adidas.com/us/adizero-evo-sl-atr-shoes/KK2683.html,OQS41,"['KK2683', 'KI5668', 'KI7833', 'KI7836', 'KK0311', 'KK2688']","https://assets.adidas.com/images/w_383,h_383,f_auto,q_auto,fl_lossy,c_fill,g_auto/70fed6c393474b9e89633041b94c1dfd_9366/ADIZERO_EVO_SL_ATR_Shoes_Black_KK2683_HM1.jpg","{'prices': [{'type': 'sale', 'value': 136, 'valueNoVat': 136}, {'type': 'original', 'value': 160, 'valueNoVat': 160, 'discountPercentage': -15}], 'isSoldOut': False}",547,4.5558,,True
KJ6018,BUSENITZ INDOOR SUPER Shoes,Originals,https://www.adidas.com/us/busenitz-indoor-super-shoes/KJ6018.html,ONL94,[],"https://assets.adidas.com/images/w_383,h_383,f_auto,q_auto,fl_lossy,c_fill,g_auto/db3d22ed4a5246ce924afb274ee81b39_9366/BUSENITZ_INDOOR_SUPER_Shoes_White_KJ6018_00_plp_standard.jpg","{'prices': [{'type': 'sale', 'value': 45, 'valueNoVat': 45}, {'type': 'original', 'value': 90, 'valueNoVat': 90, 'discountPercentage': -50}], 'isSoldOut': False}",166,4.6687,,True
JH6234,Terrex Anylander CLIMAWARM+ Hiking Shoes,Men TERREX,https://www.adidas.com/us/terrex-anylander-climawarm-plus-hiking-shoes/JH6234.html,NRX05,"['JH6234', 'KI8304']","https://assets.adidas.com/images/w_383,h_383,f_auto,q_auto,fl_lossy,c_fill,g_auto/5903d787bc87463890313890a0678f86_9366/Terrex_Anylander_CLIMAWARM_Hiking_Shoes_Black_JH6234_00_plp_standard.jpg","{'prices': [{'type': 'original', 'value': 120, 'valueNoVat': 120}], 'isSoldOut': False}",63,4.8889,,True
GZ8477,Samba ADV Shoes,Originals,https://www.adidas.com/us/samba-adv-shoes/GZ8477.html,LRW49,"['GZ8477', 'HQ5680', 'HQ7541', 'IE3100', 'KI5089', 'KJ0262', 'KJ0263', 'KJ0264', 'KJ0265']","https://assets.adidas.com/images/w_383,h_383,f_auto,q_auto,fl_lossy,c_fill,g_auto/78bfd81bbed84b92bc3cacc2011157dd_9366/Samba_ADV_Shoes_White_GZ8477_00_plp_standard.jpg","{'prices': [{'type': 'original', 'value': 100, 'valueNoVat': 100}], 'isSoldOut': False}",1128,4.7208,True,True
IH4093,Campus 00s Shoes,Originals,https://www.adidas.com/us/campus-00s-shoes/IH4093.html,CAMPUSU1223,"['IH4093', 'H03471', 'H03472', 'H03474', 'HQ8707', 'HQ8708', 'ID1435', 'IH6724', 'JQ8356', 'JQ8357', 'JR7287', 'JR8163', 'KI0930', 'KI0931', 'KI0932']","https://assets.adidas.com/images/w_383,h_383,f_auto,q_auto,fl_lossy,c_fill,g_auto/04d5a48c774d43259ce1807379dd34c1_9366/Campus_00s_Shoes_Burgundy_IH4093_00_plp_standard.jpg","{'prices': [{'type': 'sale', 'value': 66, 'valueNoVat': 66}, {'type': 'original', 'value': 110, 'valueNoVat': 110, 'discountPercentage': -40}], 'isSoldOut': False}",1205,4.7859,,True
IH9680,GAZELLE INDOOR SHOES,Originals,https://www.adidas.com/us/gazelle-indoor-shoes/IH9680.html,GAZU1223,"['IH9680', 'IH9640', 'IH9641', 'IH9650', 'IH9651', 'IH9654', 'IH9659', 'IH9660', 'IH9661', 'IH9665', 'IH9666', 'IH9675', 'IH9679', 'JI2060', 'JI2061', 'JI2062', 'JI2063']","https://assets.adidas.com/images/w_383,h_383,f_auto,q_auto,fl_lossy,c_fill,g_auto/c1148bffe1884e4f93a0596617860fef_9366/GAZELLE_INDOOR_SHOES_Brown_IH9680_00_plp_standard.jpg","{'prices': [{'type': 'sale', 'value': 65, 'valueNoVat': 65}, {'type': 'original', 'value': 130, 'valueNoVat': 130, 'discountPercentage': -50}], 'isSoldOut': False}",947,4.8058,True,True
JR3419,Adizero EVO SL Shoes,Men Performance,https://www.adidas.com/us/adizero-evo-sl-shoes/JR3419.html,NRW94,"['JR3419', 'JH6206', 'JP7149', 'JS4487', 'JS4494', 'JS4495', 'KH9575', 'KH9576', 'KH9578', 'KH9579', 'KH9604', 'KH9858', 'KI3381', 'KI3946', 'KI4803', 'KI6923', 'KI9542', 'KI9873', 'KI9874', 'KJ1959', 'KJ8336', 'KJ9664']","https://assets.adidas.com/images/w_383,h_383,f_auto,q_auto,fl_lossy,c_fill,g_auto/359155f2043943a89519c0bee06cd271_9366/Adizero_EVO_SL_Shoes_Silver_JR3419_00_plp_standard.jpg","{'prices': [{'type': 'sale', 'value': 75, 'valueNoVat': 75}, {'type': 'original', 'value': 150, 'valueNoVat': 150, 'discountPercentage': -50}], 'isSoldOut': False}",6528,4.7407,True,True
LA4181,Rod Laver Shoes,Men Originals,https://www.adidas.com/us/rod-laver-shoes/LA4181.html,JEI02,"['LA4181', 'G99863', 'G99864', 'LA6393']","https://assets.adidas.com/images/w_383,h_383,f_auto,q_auto,fl_lossy,c_fill,g_auto/6e8bf528ef994669a927c265cfc47e2d_9366/Rod_Laver_Shoes_White_LA4181_00_plp_standard.jpg","{'prices': [{'type': 'original', 'value': 90, 'valueNoVat': 90}], 'isSoldOut': False}",694,4.2796,True,True
KI7128,Y-3 ADIOS PRO 4 sneakers,Men Y-3,https://www.adidas.com/us/y-3-adios-pro-4-sneakers/KI7128.html,ORC01,"['KI7128', 'KI6874', 'KI7791', 'KZ9045']","https://assets.adidas.com/images/w_383,h_383,f_auto,q_auto,fl_lossy,c_fill,g_auto/c4b18cf7eb4a4150a34ee5aea04f5e8d_9366/Y-3_ADIOS_PRO_4_sneakers_Black_KI7128_00_plp_standard.jpg","{'prices': [{'type': 'original', 'value': 330, 'valueNoVat': 330}], 'isSoldOut': False}",42,4.5477,,True
IH6829,Samba OG Shoes,Originals,https://www.adidas.com/us/samba-og-shoes/IH6829.html,SAMBAU2312,"['IH6829', 'B75806', 'B75807', 'HP3551', 'HQ4950', 'HQ4951', 'ID1481', 'IE3438', 'IH4388', 'IH4389', 'IH6813', 'IH6815', 'IH6816', 'IH6827', 'IH6828', 'JR0882', 'JR0910', 'JR0911', 'JS3832', 'KJ2382', 'KJ2788', 'KJ9995', 'KJ9997', 'KK2266', 'KK2267', 'KK2268', 'KK2272', 'KK2273', 'KK2274', 'KK2277', 'KK2278', 'KK2279', 'KK2280', 'KK2329', 'KK2330', 'KK2331', 'KK2332', 'KK2333', 'KK3271', 'KK3273', 'KK3274', 'KK3275', 'KZ6720', 'LA3984']","https://assets.adidas.com/images/w_383,h_383,f_auto,q_auto,fl_lossy,c_fill,g_auto/0337473ad2544a53b4def3374906d5b2_9366/Samba_OG_Shoes_Green_IH6829_00_plp_standard.jpg","{'prices': [{'type': 'original', 'value': 110, 'valueNoVat': 110}], 'isSoldOut': False}",3269,4.8107,True,True
KJ4404,DAME X Shoes,Performance,https://www.adidas.com/us/dame-x-shoes/KJ4404.html,ORZ62,"['KJ4404', 'KI1621', 'KI1625']","https://assets.adidas.com/images/w_383,h_383,f_auto,q_auto,fl_lossy,c_fill,g_auto/34e2f14a124a42b5965ffaae4de1ba0d_9366/DAME_X_Shoes_Green_KJ4404_00_plp_standard.jpg","{'prices': [{'type': 'original', 'value': 90, 'valueNoVat': 90}], 'isSoldOut': False}",10,4.9,True,True
KI0075,Purechill,Sportswear,https://www.adidas.com/us/purechill/KI0075.html,OSF28,"['KI0075', 'KH6421', 'KH6422', 'KH6423', 'KH6424', 'KH6425', 'KH6427', 'KH6673', 'KH6696', 'KH6698', 'KI0065', 'KI0066', 'KI0067', 'KI0073', 'KI0074']","https://assets.adidas.com/images/w_383,h_383,f_auto,q_auto,fl_lossy,c_fill,g_auto/b074fd83de274d7f964bb95646b5e970_9366/Purechill_Red_KI0075_00_plp_standard.jpg","{'prices': [{'type': 'original', 'value': 75, 'valueNoVat': 75}], 'isSoldOut': False}",1245,4.6274,,True
IF4504,Daily 4.0 Shoes,Men Sportswear,https://www.adidas.com/us/daily-4.0-shoes/IF4504.html,NIZ90,"['IF4504', 'IF4492', 'IF4493', 'IF4494', 'IF4496', 'IF4503', 'IF4505', 'IH1591', 'JH6930', 'JI4352', 'JI4354', 'JI4355', 'KJ4670', 'KJ4671']","https://assets.adidas.com/images/w_383,h_383,f_auto,q_auto,fl_lossy,c_fill,g_auto/f84b0915758c42e5b13c4bb9b69d28f1_9366/Daily_4.0_Shoes_Grey_IF4504_00_plp_standard.jpg","{'prices': [{'type': 'original', 'value': 65, 'valueNoVat': 65}], 'isSoldOut': False}",1339,4.7043,True,True
IF0569,Swift Run 1.0 Shoes,Men Sportswear,https://www.adidas.com/us/swift-run-1.0-shoes/IF0569.html,MDM01,"['IF0569', 'IE7475', 'IE7476', 'JQ4127', 'JR6891']","https://assets.adidas.com/images/w_383,h_383,f_auto,q_auto,fl_lossy,c_fill,g_auto/6ad17223711f48ec94a3ab77a5061919_9366/Swift_Run_1.0_Shoes_Black_IF0569_00_plp_standard.jpg","{'prices': [{'type': 'original', 'value': 80, 'valueNoVat': 80}], 'isSoldOut': False}",1229,4.52,True,True
KI4613,Y-3 TOKYO WARPED Shoes,Y-3,https://www.adidas.com/us/y-3-tokyo-warped-shoes/KI4613.html,OQP81,"['KI4613', 'KH9337', 'KI7802']","https://assets.adidas.com/images/w_383,h_383,f_auto,q_auto,fl_lossy,c_fill,g_auto/b8e6ebd6eff04de692a0ee13c1f5941a_9366/Y-3_TOKYO_WARPED_Shoes_Grey_KI4613_00_plp_standard.jpg","{'prices': [{'type': 'original', 'value': 350, 'valueNoVat': 350}], 'isSoldOut': False}",3,5.0,,True
IH6506,HANDBALL SPEZIAL SHOES,Originals,https://www.adidas.com/us/handball-spezial-shoes/IH6506.html,BTP23,"['IH6506', 'BD7632', 'BD7633', 'DB3021', 'IF7086', 'IF7087', 'IG6191', 'IG6192', 'IH6507', 'IH6508', 'IH6568', 'IH6569', 'IH6586', 'IH6588', 'IH6592', 'IH6594', 'IH6597', 'IH6598', 'IH6617', 'IH6618', 'IH9668', 'IH9672', 'IH9760', 'KH9051', 'KI8580', 'KI8685', 'KI8686', 'KI8687', 'KJ2399', 'KJ2401', 'KJ7413', 'KJ7414', 'KJ7415', 'KJ9876', 'KJ9883', 'KJ9884', 'KJ9956', 'KJ9957', 'KJ9958', 'KJ9962', 'KJ9963', 'KJ9964', 'KJ9968', 'KJ9969', 'KJ9974', 'KJ9975', 'KK1153', 'KK2692', 'KK2693', 'KK2694', 'KK4232', 'KK4242', 'KK4860', 'KK4867', 'KZ6702', 'KZ6703', 'KZ6704', 'KZ6705', 'KZ6706', 'KZ6707', 'KZ6712']","https://assets.adidas.com/images/w_383,h_383,f_auto,q_auto,fl_lossy,c_fill,g_auto/8a73c5e3522a403ba40da9637e21b472_9366/HANDBALL_SPEZIAL_SHOES_Grey_IH6506_00_plp_standard.jpg","{'prices': [{'type': 'sale', 'value': 60, 'valueNoVat': 60}, {'type': 'original', 'value': 120, 'valueNoVat': 120, 'discountPercentage': -50}], 'isSoldOut': False}",9789,4.8179,True,True
KJ3146,BELIEVE THAT 1 Shoes,Performance,https://www.adidas.com/us/believe-that-1-shoes/KJ3146.html,OMY47,"['KJ3146', 'JQ9475', 'JQ9478', 'KJ0452', 'KJ3147']","https://assets.adidas.com/images/w_383,h_383,f_auto,q_auto,fl_lossy,c_fill,g_auto/2c2e1957dea04704a5795f4f1deab610_9366/BELIEVE_THAT_1_Shoes_Grey_KJ3146_00_plp_standard.jpg","{'prices': [{'type': 'original', 'value': 100, 'valueNoVat': 100}], 'isSoldOut': False}",134,4.7538,True,True
KI2670,Y-3 NISI HI,Y-3,https://www.adidas.com/us/y-3-nisi-hi/KI2670.html,OTN32,"['KI2670', 'KI2668', 'KI2669']","https://assets.adidas.com/images/w_383,h_383,f_auto,q_auto,fl_lossy,c_fill,g_auto/743c4cf1dbf143008d0796dd5426a5bf_9366/Y-3_NISI_HI_Brown_KI2670_00_plp_standard.jpg","{'prices': [{'type': 'original', 'value': 200, 'valueNoVat': 200}], 'isSoldOut': False}",-99,,,True
KJ5057,TEKKIRA CUP Shoes,Originals,https://www.adidas.com/us/tekkira-cup-shoes/KJ5057.html,OPO15,"['KJ5057', 'HQ4814', 'HQ5063', 'JQ8906', 'KJ5054', 'KJ5055', 'KJ5059']","https://assets.adidas.com/images/w_383,h_383,f_auto,q_auto,fl_lossy,c_fill,g_auto/35e5bfa1970a478f993b369d43811b96_9366/TEKKIRA_CUP_Shoes_White_KJ5057_00_plp_standard.jpg","{'prices': [{'type': 'sale', 'value': 75, 'valueNoVat': 75}, {'type': 'original', 'value': 100, 'valueNoVat': 100, 'discountPercentage': -25}], 'isSoldOut': False}",168,4.7203,,True
IH6000,Samba Indoor Soccer Shoes,Originals,https://www.adidas.com/us/samba-indoor-soccer-shoes/IH6000.html,LQD00,"['IH6000', 'IH6001']","https://assets.adidas.com/images/w_383,h_383,f_auto,q_auto,fl_lossy,c_fill,g_auto/0cd05e5f5d544956927342937650fc9d_9366/Samba_Indoor_Soccer_Shoes_Black_IH6000_22_model.jpg","{'prices': [{'type': 'original', 'value': 95, 'valueNoVat': 95}], 'isSoldOut': False}",1181,4.6741,True,True
KH6892,ADIDAS X COCA-COLA SUPERSTAR II SHOES,Originals,https://www.adidas.com/us/adidas-x-coca-cola-superstar-ii-shoes/KH6892.html,OQZ78,"['KH6892', 'KH6891']","https://assets.adidas.com/images/w_383,h_383,f_auto,q_auto,fl_lossy,c_fill,g_auto/4142125b569d40e78ff35fdae6bfb31e_9366/ADIDAS_X_COCA-COLA_SUPERSTAR_II_SHOES_White_KH6892_00_plp_standard.jpg","{'prices': [{'type': 'original', 'value': 130, 'valueNoVat': 130}], 'isSoldOut': False}",89,4.7753,True,True
KK2279,SAMBA OG SHOES,Men Originals,https://www.adidas.com/us/samba-og-shoes/KK2279.html,SAMBAU2312,"['KK2279', 'B75806', 'B75807', 'HP3551', 'HQ4950', 'HQ4951', 'ID1481', 'IE3438', 'IH4388', 'IH4389', 'IH6813', 'IH6815', 'IH6816', 'IH6827', 'IH6828', 'IH6829', 'JR0882', 'JR0910', 'JR0911', 'JS3832', 'KJ2382', 'KJ2788', 'KJ9995', 'KJ9997', 'KK2266', 'KK2267', 'KK2268', 'KK2272', 'KK2273', 'KK2274', 'KK2277', 'KK2278', 'KK2280', 'KK2329', 'KK2330', 'KK2331', 'KK2332', 'KK2333', 'KK3271', 'KK3273', 'KK3274', 'KK3275', 'KZ6720', 'LA3984']","https://assets.adidas.com/images/w_383,h_383,f_auto,q_auto,fl_lossy,c_fill,g_auto/ac74f515f7c24176878ede378358f0b2_9366/SAMBA_OG_SHOES_Beige_KK2279_00_plp_standard.jpg","{'prices': [{'type': 'original', 'value': 110, 'valueNoVat': 110}], 'isSoldOut': False}",3269,4.8107,,True
IH1476,GRAND COURT 3.0 SHOES,Men Sportswear,https://www.adidas.com/us/grand-court-3.0-shoes/IH1476.html,OOV70,"['IH1476', 'IH1472', 'IH1473', 'IH1474', 'IH1475', 'IH1484', 'KH9533', 'KH9534']","https://assets.adidas.com/images/w_383,h_383,f_auto,q_auto,fl_lossy,c_fill,g_auto/213f9f73d2ef47e1ba5ec8f42bd597d0_9366/GRAND_COURT_3.0_SHOES_Black_IH1476_HM1.jpg","{'prices': [{'type': 'original', 'value': 70, 'valueNoVat': 70}], 'isSoldOut': False}",162,4.7902,True,True
KZ9920,PENN STATE NITTANY LIONS ADIZERO EVO SL EXO Shoes,Performance,https://www.adidas.com/us/penn-state-nittany-lions-adizero-evo-sl-exo-shoes/KZ9920.html,ORQ42xx,"['KZ9920', 'LA1973', 'LA1974', 'LA1975', 'LA1976', 'LA1977', 'LA1978', 'LA1980', 'LA1981', 'LA1984', 'LA1985', 'LA2338', 'LA2339', 'LA2340']","https://assets.adidas.com/images/w_383,h_383,f_auto,q_auto,fl_lossy,c_fill,g_auto/f608af409eb94367a691f6d99aedb034_9366/PENN_STATE_NITTANY_LIONS_ADIZERO_EVO_SL_EXO_Shoes_White_KZ9920_00_plp_standard.jpg","{'prices': [{'type': 'original', 'value': 160, 'valueNoVat': 160}], 'isSoldOut': False}",31,4.871,,True
KJ0280,ALOHA SUPER Shoes,Men Originals,https://www.adidas.com/us/aloha-super-shoes/KJ0280.html,OQU40,"['KJ0280', 'KJ0281']","https://assets.adidas.com/images/w_383,h_383,f_auto,q_auto,fl_lossy,c_fill,g_auto/37e428b0f9d94ead9c7b85ed067a91af_9366/ALOHA_SUPER_Shoes_Blue_KJ0280_00_plp_standard.jpg","{'prices': [{'type': 'original', 'value': 90, 'valueNoVat': 90}], 'isSoldOut': False}",12,4.8333,,True
KJ0199,NORA Shoes,Originals,https://www.adidas.com/us/nora-shoes/KJ0199.html,OSQ16,"['KJ0199', 'HQ7535', 'HQ7537', 'HQ7540', 'JP8586', 'KI7699', 'KI7700', 'KI7701', 'KJ0198', 'KJ0200']","https://assets.adidas.com/images/w_383,h_383,f_auto,q_auto,fl_lossy,c_fill,g_auto/7b5f04bb9a044967822638beae087659_9366/NORA_Shoes_Blue_KJ0199_00_plp_standard.jpg","{'prices': [{'type': 'original', 'value': 80, 'valueNoVat': 80}], 'isSoldOut': False}",138,4.6812,,True
KJ3088,Terrex Hikster LT Hiking Shoes,Men TERREX,https://www.adidas.com/us/terrex-hikster-lt-hiking-shoes/KJ3088.html,OSS23,"['KJ3088', 'KH5975', 'KJ3087']","https://assets.adidas.com/images/w_383,h_383,f_auto,q_auto,fl_lossy,c_fill,g_auto/816a4979e27345e68fe0182517cf0374_9366/Terrex_Hikster_LT_Hiking_Shoes_Grey_KJ3088_00_plp_standard.jpg","{'prices': [{'type': 'original', 'value': 60, 'valueNoVat': 60}], 'isSoldOut': False}",1,4.0,,True
ID2890,Terrex Winter Slip-On Cold.Rdy Boots,Men TERREX,https://www.adidas.com/us/terrex-winter-slip-on-cold.rdy-boots/ID2890.html,MCW65,"['ID2890', 'JR5302', 'KI8309']","https://assets.adidas.com/images/w_383,h_383,f_auto,q_auto,fl_lossy,c_fill,g_auto/11b21a4fa3e749a3a531bd9465a93482_9366/Terrex_Winter_Slip-On_Cold.Rdy_Boots_Black_ID2890_00_plp_standard.jpg","{'prices': [{'type': 'original', 'value': 90, 'valueNoVat': 90}], 'isSoldOut': False}",204,4.549,,True
LA1976,TEXAS TECH RED RAIDERS ADIZERO EVO SL EXO Shoes,Performance,https://www.adidas.com/us/texas-tech-red-raiders-adizero-evo-sl-exo-shoes/LA1976.html,ORQ42xx,"['LA1976', 'KZ9920', 'LA1973', 'LA1974', 'LA1975', 'LA1977', 'LA1978', 'LA1980', 'LA1981', 'LA1984', 'LA1985', 'LA2338', 'LA2339', 'LA2340']","https://assets.adidas.com/images/w_383,h_383,f_auto,q_auto,fl_lossy,c_fill,g_auto/e0cd0b48b87847b283c22f2869008825_9366/TEXAS_TECH_RED_RAIDERS_ADIZERO_EVO_SL_EXO_Shoes_White_LA1976_00_plp_standard.jpg","{'prices': [{'type': 'original', 'value': 160, 'valueNoVat': 160}], 'isSoldOut': False}",31,4.871,,True
HQ9249,SAMBA LT SHOES,Originals,https://www.adidas.com/us/samba-lt-shoes/HQ9249.html,OOZ21,"['HQ9249', 'HQ9248']","https://assets.adidas.com/images/w_383,h_383,f_auto,q_auto,fl_lossy,c_fill,g_auto/62ccbadd98ab4d36ba0bad76fa8c2322_9366/SAMBA_LT_SHOES_White_HQ9249_00_plp_standard.jpg","{'prices': [{'type': 'sale', 'value': 65, 'valueNoVat': 65}, {'type': 'original', 'value': 130, 'valueNoVat': 130, 'discountPercentage': -50}], 'isSoldOut': False}",26,4.6924,True,True
HQ9264,BW ARMY SHOES,Originals,https://www.adidas.com/us/bw-army-shoes/HQ9264.html,ORU97,"['HQ9264', 'HQ9265', 'KH8484', 'KK2711', 'KK2713', 'KK2801', 'KK2802', 'KK5026', 'KK5028', 'LA3396', 'LB5654']","https://assets.adidas.com/images/w_383,h_383,f_auto,q_auto,fl_lossy,c_fill,g_auto/3c679d200b79485db3f44d105b101f17_9366/BW_ARMY_SHOES_White_HQ9264_00_plp_standard.jpg","{'prices': [{'type': 'sale', 'value': 102, 'valueNoVat': 102}, {'type': 'original', 'value': 120, 'valueNoVat': 120, 'discountPercentage': -15}], 'isSoldOut': False}",195,4.7282,True,True
JS2492,ULTRABOOST 5X,Men Performance,https://www.adidas.com/us/ultraboost-5x/JS2492.html,NKQ99,"['JS2492', 'IH4005', 'JH7245']","https://assets.adidas.com/images/w_383,h_383,f_auto,q_auto,fl_lossy,c_fill,g_auto/c35f55bbc2e1433b82a5dd76037e7268_9366/ULTRABOOST_5X_White_JS2492_00_plp_standard.jpg","{'prices': [{'type': 'original', 'value': 180, 'valueNoVat': 180}], 'isSoldOut': False}",1740,4.6328,,True
KH5975,Terrex Hikster LT Hiking Shoes,Men TERREX,https://www.adidas.com/us/terrex-hikster-lt-hiking-shoes/KH5975.html,OSS23,"['KH5975', 'KJ3087', 'KJ3088']","https://assets.adidas.com/images/w_383,h_383,f_auto,q_auto,fl_lossy,c_fill,g_auto/62ad5fbe18b345a89fe4906673cc12bb_9366/Terrex_Hikster_LT_Hiking_Shoes_Black_KH5975_00_plp_standard.jpg","{'prices': [{'type': 'original', 'value': 60, 'valueNoVat': 60}], 'isSoldOut': False}",1,4.0,,True
KI0073,Purechill,Sportswear,https://www.adidas.com/us/purechill/KI0073.html,OSF28,"['KI0073', 'KH6421', 'KH6422', 'KH6423', 'KH6424', 'KH6425', 'KH6427', 'KH6673', 'KH6696', 'KH6698', 'KI0065', 'KI0066', 'KI0067', 'KI0074', 'KI0075']","https://assets.adidas.com/images/w_383,h_383,f_auto,q_auto,fl_lossy,c_fill,g_auto/bee1672147224c8884f41ed9b454a91b_9366/Purechill_Beige_KI0073_00_plp_standard.jpg","{'prices': [{'type': 'original', 'value': 75, 'valueNoVat': 75}], 'isSoldOut': False}",1245,4.6274,True,True
KJ5112,SUPERSTAR ADV Shoes,Men Originals,https://www.adidas.com/us/superstar-adv-shoes/KJ5112.html,OSH19,"['KJ5112', 'GW6930', 'GW6931', 'KI5141', 'KI5142', 'KJ5113', 'KJ5118', 'KJ5120', 'KZ8893']","https://assets.adidas.com/images/w_383,h_383,f_auto,q_auto,fl_lossy,c_fill,g_auto/69310d2f3afb4b52a12eafdb94b4abec_9366/SUPERSTAR_ADV_Shoes_Brown_KJ5112_00_plp_standard.jpg","{'prices': [{'type': 'original', 'value': 100, 'valueNoVat': 100}], 'isSoldOut': False}",154,4.8247,,True
KJ5049,GLENBURN Shoes,Originals,https://www.adidas.com/us/glenburn-shoes/KJ5049.html,OSE79,"['KJ5049', 'HP3514', 'KJ5040', 'KJ5041', 'KJ5042', 'KJ5045', 'KJ5046', 'KJ5048', 'KJ5052']","https://assets.adidas.com/images/w_383,h_383,f_auto,q_auto,fl_lossy,c_fill,g_auto/1f7835e7e70e4125a27774851cee2ccc_9366/GLENBURN_Shoes_Green_KJ5049_00_plp_standard.jpg","{'prices': [{'type': 'original', 'value': 75, 'valueNoVat': 75}], 'isSoldOut': False}",311,4.8296,True,True
KJ5046,GLENBURN Shoes,Originals,https://www.adidas.com/us/glenburn-shoes/KJ5046.html,OSE79,"['KJ5046', 'HP3514', 'KJ5040', 'KJ5041', 'KJ5042', 'KJ5045', 'KJ5048', 'KJ5049', 'KJ5052']","https://assets.adidas.com/images/w_383,h_383,f_auto,q_auto,fl_lossy,c_fill,g_auto/f2b75e1ad0184c5e9d0a8ce3f79ed98a_9366/GLENBURN_Shoes_White_KJ5046_00_plp_standard.jpg","{'prices': [{'type': 'original', 'value': 75, 'valueNoVat': 75}], 'isSoldOut': False}",311,4.8296,True,True
KK4722,SUPERSTAR II shoes,Originals,https://www.adidas.com/us/superstar-ii-shoes/KK4722.html,OPW95,"['KK4722', 'IH8659', 'IH9317', 'IH9318', 'JI0079', 'JQ3175', 'JR3584', 'JR7313', 'JR7315', 'KH8972', 'KH8973', 'KH9038', 'KI0979', 'KI0981', 'KI2005', 'KJ3276', 'KJ8400', 'KJ9947', 'KK2356', 'KK4723', 'KK4750', 'KK4751', 'KZ6730', 'KZ6731']","https://assets.adidas.com/images/w_383,h_383,f_auto,q_auto,fl_lossy,c_fill,g_auto/b70bdba8e5f5473e877784607998247c_9366/SUPERSTAR_II_shoes_Black_KK4722_00_plp_standard.jpg","{'prices': [{'type': 'original', 'value': 100, 'valueNoVat': 100}], 'isSoldOut': False}",1087,4.8114,True,True
KJ0249,BUSENITZ VULC II Shoes,Men Originals,https://www.adidas.com/us/busenitz-vulc-ii-shoes/KJ0249.html,GMN51,"['KJ0249', 'EF8472', 'HQ4711', 'HQ7528', 'HQ7530', 'KJ0245', 'KJ0247', 'KJ0248', 'KJ0251', 'KJ0252', 'KJ3476']","https://assets.adidas.com/images/w_383,h_383,f_auto,q_auto,fl_lossy,c_fill,g_auto/7acadd71649443c99e23223405056e7a_9366/BUSENITZ_VULC_II_Shoes_Black_KJ0249_00_plp_standard.jpg","{'prices': [{'type': 'original', 'value': 75, 'valueNoVat': 75}], 'isSoldOut': False}",2130,4.6789,True,True
IH6588,HANDBALL SPEZIAL SHOES,Originals,https://www.adidas.com/us/handball-spezial-shoes/IH6588.html,BTP23,"['IH6588', 'BD7632', 'BD7633', 'DB3021', 'IF7086', 'IF7087', 'IG6191', 'IG6192', 'IH6506', 'IH6507', 'IH6508', 'IH6568', 'IH6569', 'IH6586', 'IH6592', 'IH6594', 'IH6597', 'IH6598', 'IH6617', 'IH6618', 'IH9668', 'IH9672', 'IH9760', 'KH9051', 'KI8580', 'KI8685', 'KI8686', 'KI8687', 'KJ2399', 'KJ2401', 'KJ7413', 'KJ7414', 'KJ7415', 'KJ9876', 'KJ9883', 'KJ9884', 'KJ9956', 'KJ9957', 'KJ9958', 'KJ9962', 'KJ9963', 'KJ9964', 'KJ9968', 'KJ9969', 'KJ9974', 'KJ9975', 'KK1153', 'KK2692', 'KK2693', 'KK2694', 'KK4232', 'KK4242', 'KK4860', 'KK4867', 'KZ6702', 'KZ6703', 'KZ6704', 'KZ6705', 'KZ6706', 'KZ6707', 'KZ6712']","https://assets.adidas.com/images/w_383,h_383,f_auto,q_auto,fl_lossy,c_fill,g_auto/6f911d5c26f54caeadaa8dea5a01ad1e_9366/HANDBALL_SPEZIAL_SHOES_Grey_IH6588_00_plp_standard.jpg","{'prices': [{'type': 'sale', 'value': 60, 'valueNoVat': 60}, {'type': 'original', 'value': 120, 'valueNoVat': 120, 'discountPercentage': -50}], 'isSoldOut': False}",9789,4.8179,,True
HP3514,GLENBURN Shoes,Originals,https://www.adidas.com/us/glenburn-shoes/HP3514.html,OSE79,"['HP3514', 'KJ5040', 'KJ5041', 'KJ5042', 'KJ5045', 'KJ5046', 'KJ5048', 'KJ5049', 'KJ5052']","https://assets.adidas.com/images/w_383,h_383,f_auto,q_auto,fl_lossy,c_fill,g_auto/6f28d83907054bd7b30c0e77d069e48e_9366/GLENBURN_Shoes_Black_HP3514_00_plp_standard.jpg","{'prices': [{'type': 'original', 'value': 75, 'valueNoVat': 75}], 'isSoldOut': False}",311,4.8296,True,True
LA6689,Y-3 GAZELLE Shoes,Y-3,https://www.adidas.com/us/y-3-gazelle-shoes/LA6689.html,OSY30,"['LA6689', 'KI4340', 'KI4341', 'KI7889', 'KJ9189', 'KJ9190', 'LA6690']","https://assets.adidas.com/images/w_383,h_383,f_auto,q_auto,fl_lossy,c_fill,g_auto/3387c361dfb0425c993e16ec0478ddce_9366/Y-3_GAZELLE_Shoes_Black_LA6689_00_plp_standard.jpg","{'prices': [{'type': 'original', 'value': 300, 'valueNoVat': 300}], 'isSoldOut': False}",40,5.0,,True
IH6568,HANDBALL SPEZIAL SHOES,Originals,https://www.adidas.com/us/handball-spezial-shoes/IH6568.html,BTP23,"['IH6568', 'BD7632', 'BD7633', 'DB3021', 'IF7086', 'IF7087', 'IG6191', 'IG6192', 'IH6506', 'IH6507', 'IH6508', 'IH6569', 'IH6586', 'IH6588', 'IH6592', 'IH6594', 'IH6597', 'IH6598', 'IH6617', 'IH6618', 'IH9668', 'IH9672', 'IH9760', 'KH9051', 'KI8580', 'KI8685', 'KI8686', 'KI8687', 'KJ2399', 'KJ2401', 'KJ7413', 'KJ7414', 'KJ7415', 'KJ9876', 'KJ9883', 'KJ9884', 'KJ9956', 'KJ9957', 'KJ9958', 'KJ9962', 'KJ9963', 'KJ9964', 'KJ9968', 'KJ9969', 'KJ9974', 'KJ9975', 'KK1153', 'KK2692', 'KK2693', 'KK2694', 'KK4232', 'KK4242', 'KK4860', 'KK4867', 'KZ6702', 'KZ6703', 'KZ6704', 'KZ6705', 'KZ6706', 'KZ6707', 'KZ6712']","https://assets.adidas.com/images/w_383,h_383,f_auto,q_auto,fl_lossy,c_fill,g_auto/6170d428445c48ba81d980ba9840d76e_9366/HANDBALL_SPEZIAL_SHOES_Black_IH6568_00_plp_standard.jpg","{'prices': [{'type': 'sale', 'value': 60, 'valueNoVat': 60}, {'type': 'original', 'value': 120, 'valueNoVat': 120, 'discountPercentage': -50}], 'isSoldOut': False}",9789,4.8179,True,True
KJ9995,SAMBA OG SHOES,Originals,https://www.adidas.com/us/samba-og-shoes/KJ9995.html,SAMBAU2312,"['KJ9995', 'B75806', 'B75807', 'HP3551', 'HQ4950', 'HQ4951', 'ID1481', 'IE3438', 'IH4388', 'IH4389', 'IH6813', 'IH6815', 'IH6816', 'IH6827', 'IH6828', 'IH6829', 'JR0882', 'JR0910', 'JR0911', 'JS3832', 'KJ2382', 'KJ2788', 'KJ9997', 'KK2266', 'KK2267', 'KK2268', 'KK2272', 'KK2273', 'KK2274', 'KK2277', 'KK2278', 'KK2279', 'KK2280', 'KK2329', 'KK2330', 'KK2331', 'KK2332', 'KK2333', 'KK3271', 'KK3273', 'KK3274', 'KK3275', 'KZ6720', 'LA3984']","https://assets.adidas.com/images/w_383,h_383,f_auto,q_auto,fl_lossy,c_fill,g_auto/0806a74f13ea4ad284d1b7ccc9ad6a9b_9366/SAMBA_OG_SHOES_Green_KJ9995_00_plp_standard.jpg","{'prices': [{'type': 'original', 'value': 110, 'valueNoVat': 110}], 'isSoldOut': False}",3269,4.8107,,True
KI7792,Y-3 ADIZERO RC6 Sneakers,Y-3,https://www.adidas.com/us/y-3-adizero-rc6-sneakers/KI7792.html,OPW13,"['KI7792', 'KI7793', 'KI7794', 'KJ3444', 'KK3654', 'KK3655']","https://assets.adidas.com/images/w_383,h_383,f_auto,q_auto,fl_lossy,c_fill,g_auto/0630e6b8137a4a61bc3cf442edd2b695_9366/Y-3_ADIZERO_RC6_Sneakers_Black_KI7792_00_plp_standard.jpg","{'prices': [{'type': 'original', 'value': 180, 'valueNoVat': 180}], 'isSoldOut': False}",30,4.4333,,True
HQ7552,ADISTAR XLG 2.0 SHOES,Originals,https://www.adidas.com/us/adistar-xlg-2.0-shoes/HQ7552.html,ORC52,"['HQ7552', 'HQ7468', 'HQ7551', 'HQ7553', 'HQ7554', 'HQ7555', 'KI4505', 'KI4506', 'KJ7895', 'KK2895', 'KK2896', 'KK2899', 'KK2900', 'KZ9011', 'KZ9155', 'KZ9160', 'LA1813']","https://assets.adidas.com/images/w_383,h_383,f_auto,q_auto,fl_lossy,c_fill,g_auto/4f3ff931f168452d96534ebbb2341ab7_9366/ADISTAR_XLG_2.0_SHOES_Blue_HQ7552_00_plp_standard.jpg","{'prices': [{'type': 'sale', 'value': 75, 'valueNoVat': 75}, {'type': 'original', 'value': 150, 'valueNoVat': 150, 'discountPercentage': -50}], 'isSoldOut': False}",273,4.7473,True,True
IH6597,HANDBALL SPEZIAL SHOES,Originals,https://www.adidas.com/us/handball-spezial-shoes/IH6597.html,BTP23,"['IH6597', 'BD7632', 'BD7633', 'DB3021', 'IF7086', 'IF7087', 'IG6191', 'IG6192', 'IH6506', 'IH6507', 'IH6508', 'IH6568', 'IH6569', 'IH6586', 'IH6588', 'IH6592', 'IH6594', 'IH6598', 'IH6617', 'IH6618', 'IH9668', 'IH9672', 'IH9760', 'KH9051', 'KI8580', 'KI8685', 'KI8686', 'KI8687', 'KJ2399', 'KJ2401', 'KJ7413', 'KJ7414', 'KJ7415', 'KJ9876', 'KJ9883', 'KJ9884', 'KJ9956', 'KJ9957', 'KJ9958', 'KJ9962', 'KJ9963', 'KJ9964', 'KJ9968', 'KJ9969', 'KJ9974', 'KJ9975', 'KK1153', 'KK2692', 'KK2693', 'KK2694', 'KK4232', 'KK4242', 'KK4860', 'KK4867', 'KZ6702', 'KZ6703', 'KZ6704', 'KZ6705', 'KZ6706', 'KZ6707', 'KZ6712']","https://assets.adidas.com/images/w_383,h_383,f_auto,q_auto,fl_lossy,c_fill,g_auto/b68e5c5ad9474c89bff684e68a88f525_9366/HANDBALL_SPEZIAL_SHOES_White_IH6597_00_plp_standard.jpg","{'prices': [{'type': 'sale', 'value': 60, 'valueNoVat': 60}, {'type': 'original', 'value': 120, 'valueNoVat': 120, 'discountPercentage': -50}], 'isSoldOut': False}",9789,4.8179,True,True
LA1813,ADISTAR XLG 2.0 SHOES,Originals,https://www.adidas.com/us/adistar-xlg-2.0-shoes/LA1813.html,ORC52,"['LA1813', 'HQ7468', 'HQ7551', 'HQ7552', 'HQ7553', 'HQ7554', 'HQ7555', 'KI4505', 'KI4506', 'KJ7895', 'KK2895', 'KK2896', 'KK2899', 'KK2900', 'KZ9011', 'KZ9155', 'KZ9160']","https://assets.adidas.com/images/w_383,h_383,f_auto,q_auto,fl_lossy,c_fill,g_auto/f8d3e694b0364679b690f75af99a18de_9366/ADISTAR_XLG_2.0_SHOES_Black_LA1813_00_plp_standard.jpg","{'prices': [{'type': 'original', 'value': 150, 'valueNoVat': 150}], 'isSoldOut': False}",273,4.7473,,True
LA1978,NEBRASKA CORNHUSKERS ADIZERO EVO SL EXO Shoes,Performance,https://www.adidas.com/us/nebraska-cornhuskers-adizero-evo-sl-exo-shoes/LA1978.html,ORQ42xx,"['LA1978', 'KZ9920', 'LA1973', 'LA1974', 'LA1975', 'LA1976', 'LA1977', 'LA1980', 'LA1981', 'LA1984', 'LA1985', 'LA2338', 'LA2339', 'LA2340']","https://assets.adidas.com/images/w_383,h_383,f_auto,q_auto,fl_lossy,c_fill,g_auto/56916126ef254300b1572539300fa4a2_9366/NEBRASKA_CORNHUSKERS_ADIZERO_EVO_SL_EXO_Shoes_White_LA1978_00_plp_standard.jpg","{'prices': [{'type': 'original', 'value': 160, 'valueNoVat': 160}], 'isSoldOut': False}",31,4.871,,True
KI6746,CRAZY ENERGY SHOES,Performance,https://www.adidas.com/us/crazy-energy-shoes/KI6746.html,ORZ70,"['KI6746', 'HP5216', 'HP5223', 'KI6743', 'KI6749', 'LA1432', 'LA1506']","https://assets.adidas.com/images/w_383,h_383,f_auto,q_auto,fl_lossy,c_fill,g_auto/f743e6440d3944ac926134335f741faf_9366/CRAZY_ENERGY_SHOES_Silver_KI6746_00_plp_standard.jpg","{'prices': [{'type': 'original', 'value': 110, 'valueNoVat': 110}], 'isSoldOut': False}",42,4.8095,True,False
IH9815,QUESTAR 4 RUNNING SHOES,Men Performance,https://www.adidas.com/us/questar-4-running-shoes/IH9815.html,ONL24,"['IH9815', 'IH9816', 'IH9820', 'IH9821', 'KI7992']","https://assets.adidas.com/images/w_383,h_383,f_auto,q_auto,fl_lossy,c_fill,g_auto/1183b4b32781440bbdc1b544eab15a18_9366/QUESTAR_4_RUNNING_SHOES_Grey_IH9815_HM1.jpg","{'prices': [{'type': 'sale', 'value': 45, 'valueNoVat': 45}, {'type': 'original', 'value': 75, 'valueNoVat': 75, 'discountPercentage': -40}], 'isSoldOut': False}",7,5.0,True,True
ID0901,Terrex Anylander Rain.Rdy Hiking Shoes,Men TERREX,https://www.adidas.com/us/terrex-anylander-rain.rdy-hiking-shoes/ID0901.html,NJM58,"['ID0901', 'ID5487', 'IH3547', 'JQ1595', 'JR9087', 'KJ0863']","https://assets.adidas.com/images/w_383,h_383,f_auto,q_auto,fl_lossy,c_fill,g_auto/c3fea31c4b524c7099c7261ec2ea3f51_9366/Terrex_Anylander_Rain.Rdy_Hiking_Shoes_Black_ID0901_HM1.jpg","{'prices': [{'type': 'original', 'value': 85, 'valueNoVat': 85}], 'isSoldOut': False}",449,4.5947,,True
KJ0194,TYSHAWN Shoes,Men Originals,https://www.adidas.com/us/tyshawn-shoes/KJ0194.html,LEA73A,"['KJ0194', 'JQ1134', 'JR9498', 'KJ0192', 'KJ5406']","https://assets.adidas.com/images/w_383,h_383,f_auto,q_auto,fl_lossy,c_fill,g_auto/ef14be5129964b398964adffd828c769_9366/TYSHAWN_Shoes_Grey_KJ0194_00_plp_standard.jpg","{'prices': [{'type': 'original', 'value': 85, 'valueNoVat': 85}], 'isSoldOut': False}",547,4.6563,,True
JR7313,Superstar II Shoes,Originals,https://www.adidas.com/us/superstar-ii-shoes/JR7313.html,OPW95,"['JR7313', 'IH8659', 'IH9317', 'IH9318', 'JI0079', 'JQ3175', 'JR3584', 'JR7315', 'KH8972', 'KH8973', 'KH9038', 'KI0979', 'KI0981', 'KI2005', 'KJ3276', 'KJ8400', 'KJ9947', 'KK2356', 'KK4722', 'KK4723', 'KK4750', 'KK4751', 'KZ6730', 'KZ6731']","https://assets.adidas.com/images/w_383,h_383,f_auto,q_auto,fl_lossy,c_fill,g_auto/2359475f47c5482394f8e16ff6ae115f_9366/Superstar_II_Shoes_Black_JR7313_00_plp_standard.jpg","{'prices': [{'type': 'sale', 'value': 50, 'valueNoVat': 50}, {'type': 'original', 'value': 100, 'valueNoVat': 100, 'discountPercentage': -50}], 'isSoldOut': False}",1087,4.8114,True,True
KZ8511,HYPERBOOST EPHR LT SHOES,Originals,https://www.adidas.com/us/hyperboost-ephr-lt-shoes/KZ8511.html,ORV74,"['KZ8511', 'KZ8507', 'KZ8509']","https://assets.adidas.com/images/w_383,h_383,f_auto,q_auto,fl_lossy,c_fill,g_auto/fea9d89052ea42fca7bfac2e795419d6_9366/HYPERBOOST_EPHR_LT_SHOES_Black_KZ8511_HM1.jpg","{'prices': [{'type': 'original', 'value': 150, 'valueNoVat': 150}], 'isSoldOut': False}",68,4.6324,,True
KI6680,ADISTAR CONTROL 5 SHOES,Originals,https://www.adidas.com/us/adistar-control-5-shoes/KI6680.html,ONN89,"['KI6680', 'KH6895', 'KI6120', 'KI6121', 'KI6150', 'KI6151', 'KI6152', 'KI6154', 'KI8590', 'KI8592', 'KI8601', 'KI9356', 'KJ3630', 'KJ3631', 'KJ5955', 'KJ7727', 'KJ8805', 'LA3965']","https://assets.adidas.com/images/w_383,h_383,f_auto,q_auto,fl_lossy,c_fill,g_auto/8c346e769a8a49fabef0b91839aa48c3_9366/ADISTAR_CONTROL_5_SHOES_White_KI6680_00_plp_standard.jpg","{'prices': [{'type': 'sale', 'value': 60, 'valueNoVat': 60}, {'type': 'original', 'value': 120, 'valueNoVat': 120, 'discountPercentage': -50}], 'isSoldOut': False}",664,4.8449,True,True
KJ7387,BARREDA MUNDIAL Shoes,Men Sportswear,https://www.adidas.com/us/barreda-mundial-shoes/KJ7387.html,OSM34,"['KJ7387', 'HQ2351', 'JR4614', 'KJ7386']","https://assets.adidas.com/images/w_383,h_383,f_auto,q_auto,fl_lossy,c_fill,g_auto/44007a7fa97c47478f93d02a8d1e201f_9366/BARREDA_MUNDIAL_Shoes_Burgundy_KJ7387_00_plp_standard.jpg","{'prices': [{'type': 'sale', 'value': 54, 'valueNoVat': 54}, {'type': 'original', 'value': 90, 'valueNoVat': 90, 'discountPercentage': -40}], 'isSoldOut': False}",97,4.8248,,True
KJ0259,Busenitz Shoes,Men Originals,https://www.adidas.com/us/busenitz-shoes/KJ0259.html,SO695,"['KJ0259', 'G48060', 'HQ4708', 'HQ7534', 'KI7713', 'KJ0260', 'KJ0261']","https://assets.adidas.com/images/w_383,h_383,f_auto,q_auto,fl_lossy,c_fill,g_auto/e45e70a95fdd471a9d7eed10fb812a2e_9366/Busenitz_Shoes_Brown_KJ0259_00_plp_standard.jpg","{'prices': [{'type': 'original', 'value': 85, 'valueNoVat': 85}], 'isSoldOut': False}",4072,4.6563,True,True
HQ9248,SAMBA LT SHOES,Originals,https://www.adidas.com/us/samba-lt-shoes/HQ9248.html,OOZ21,"['HQ9248', 'HQ9249']","https://assets.adidas.com/images/w_383,h_383,f_auto,q_auto,fl_lossy,c_fill,g_auto/0e802cba4ae24147b6e0743ea3165740_9366/SAMBA_LT_SHOES_Black_HQ9248_00_plp_standard.jpg","{'prices': [{'type': 'sale', 'value': 65, 'valueNoVat': 65}, {'type': 'original', 'value': 130, 'valueNoVat': 130, 'discountPercentage': -50}], 'isSoldOut': False}",26,4.6924,True,True
KI3208,GAZELLE ADV Shoes,Originals,https://www.adidas.com/us/gazelle-adv-shoes/KI3208.html,KZC10,"['KI3208', 'KI3205', 'KI3206', 'KJ0269', 'KJ0270', 'KJ0271', 'KK0262']","https://assets.adidas.com/images/w_383,h_383,f_auto,q_auto,fl_lossy,c_fill,g_auto/b27f23b8dca84f009f13521b143592d0_9366/GAZELLE_ADV_Shoes_Black_KI3208_00_plp_standard.jpg","{'prices': [{'type': 'original', 'value': 100, 'valueNoVat': 100}], 'isSoldOut': False}",773,4.6508,True,True
IE3100,Samba ADV Shoes,Originals,https://www.adidas.com/us/samba-adv-shoes/IE3100.html,LRW49,"['IE3100', 'GZ8477', 'HQ5680', 'HQ7541', 'KI5089', 'KJ0262', 'KJ0263', 'KJ0264', 'KJ0265']","https://assets.adidas.com/images/w_383,h_383,f_auto,q_auto,fl_lossy,c_fill,g_auto/5b6fd1575b4e407994575bda6c6effaa_9366/Samba_ADV_Shoes_Black_IE3100_00_plp_standard.jpg","{'prices': [{'type': 'original', 'value': 100, 'valueNoVat': 100}], 'isSoldOut': False}",1128,4.7208,True,True
KI8269,TERREX FREEHIKER 3 MID GORE-TEX Hiking Shoes,Men TERREX,https://www.adidas.com/us/terrex-freehiker-3-mid-gore-tex-hiking-shoes/KI8269.html,OOZ33,"['KI8269', 'HQ9306', 'KI8268']","https://assets.adidas.com/images/w_383,h_383,f_auto,q_auto,fl_lossy,c_fill,g_auto/c0466c9b2ac94018af877ff283659a63_9366/TERREX_FREEHIKER_3_MID_GORE-TEX_Hiking_Shoes_Brown_KI8269_HM1.jpg","{'prices': [{'type': 'original', 'value': 200, 'valueNoVat': 200}], 'isSoldOut': False}",18,4.2778,,True
LA6690,Y-3 GAZELLE Shoes,Y-3,https://www.adidas.com/us/y-3-gazelle-shoes/LA6690.html,OSY30,"['LA6690', 'KI4340', 'KI4341', 'KI7889', 'KJ9189', 'KJ9190', 'LA6689']","https://assets.adidas.com/images/w_383,h_383,f_auto,q_auto,fl_lossy,c_fill,g_auto/3e43f35a3bc74116833cc536b8e5d523_9366/Y-3_GAZELLE_Shoes_White_LA6690_00_plp_standard.jpg","{'prices': [{'type': 'original', 'value': 300, 'valueNoVat': 300}], 'isSoldOut': False}",40,5.0,,True
IH6586,HANDBALL SPEZIAL SHOES,Originals,https://www.adidas.com/us/handball-spezial-shoes/IH6586.html,BTP23,"['IH6586', 'BD7632', 'BD7633', 'DB3021', 'IF7086', 'IF7087', 'IG6191', 'IG6192', 'IH6506', 'IH6507', 'IH6508', 'IH6568', 'IH6569', 'IH6588', 'IH6592', 'IH6594', 'IH6597', 'IH6598', 'IH6617', 'IH6618', 'IH9668', 'IH9672', 'IH9760', 'KH9051', 'KI8580', 'KI8685', 'KI8686', 'KI8687', 'KJ2399', 'KJ2401', 'KJ7413', 'KJ7414', 'KJ7415', 'KJ9876', 'KJ9883', 'KJ9884', 'KJ9956', 'KJ9957', 'KJ9958', 'KJ9962', 'KJ9963', 'KJ9964', 'KJ9968', 'KJ9969', 'KJ9974', 'KJ9975', 'KK1153', 'KK2692', 'KK2693', 'KK2694', 'KK4232', 'KK4242', 'KK4860', 'KK4867', 'KZ6702', 'KZ6703', 'KZ6704', 'KZ6705', 'KZ6706', 'KZ6707', 'KZ6712']","https://assets.adidas.com/images/w_383,h_383,f_auto,q_auto,fl_lossy,c_fill,g_auto/17131a09c43b4568a6362ea31e66ead2_9366/HANDBALL_SPEZIAL_SHOES_White_IH6586_00_plp_standard.jpg","{'prices': [{'type': 'sale', 'value': 60, 'valueNoVat': 60}, {'type': 'original', 'value': 120, 'valueNoVat': 120, 'discountPercentage': -50}], 'isSoldOut': False}",9789,4.8179,,True
KI8685,HANDBALL SPEZIAL SHOES,Originals,https://www.adidas.com/us/handball-spezial-shoes/KI8685.html,BTP23,"['KI8685', 'BD7632', 'BD7633', 'DB3021', 'IF7086', 'IF7087', 'IG6191', 'IG6192', 'IH6506', 'IH6507', 'IH6508', 'IH6568', 'IH6569', 'IH6586', 'IH6588', 'IH6592', 'IH6594', 'IH6597', 'IH6598', 'IH6617', 'IH6618', 'IH9668', 'IH9672', 'IH9760', 'KH9051', 'KI8580', 'KI8686', 'KI8687', 'KJ2399', 'KJ2401', 'KJ7413', 'KJ7414', 'KJ7415', 'KJ9876', 'KJ9883', 'KJ9884', 'KJ9956', 'KJ9957', 'KJ9958', 'KJ9962', 'KJ9963', 'KJ9964', 'KJ9968', 'KJ9969', 'KJ9974', 'KJ9975', 'KK1153', 'KK2692', 'KK2693', 'KK2694', 'KK4232', 'KK4242', 'KK4860', 'KK4867', 'KZ6702', 'KZ6703', 'KZ6704', 'KZ6705', 'KZ6706', 'KZ6707', 'KZ6712']","https://assets.adidas.com/images/w_383,h_383,f_auto,q_auto,fl_lossy,c_fill,g_auto/357c3ffb2a9c44b59e19583c551cbec2_9366/HANDBALL_SPEZIAL_SHOES_Green_KI8685_00_plp_standard.jpg","{'prices': [{'type': 'sale', 'value': 60, 'valueNoVat': 60}, {'type': 'original', 'value': 120, 'valueNoVat': 120, 'discountPercentage': -50}], 'isSoldOut': False}",9789,4.8179,True,True
KJ4898,PARIS SHOES,Men Originals,https://www.adidas.com/us/paris-shoes/KJ4898.html,OQQ47,"['KJ4898', 'KJ4899', 'KJ4908', 'KJ4909', 'KJ4910']","https://assets.adidas.com/images/w_383,h_383,f_auto,q_auto,fl_lossy,c_fill,g_auto/a13ca35a6e7940bc8242d6ee531603ed_9366/PARIS_SHOES_Burgundy_KJ4898_00_plp_standard.jpg","{'prices': [{'type': 'original', 'value': 100, 'valueNoVat': 100}], 'isSoldOut': False}",5,4.8,,True
IH1093,Terrex Skychaser GORE-TEX Hiking Shoes,Men TERREX,https://www.adidas.com/us/terrex-skychaser-gore-tex-hiking-shoes/IH1093.html,EXCCONFTEAM26,"['IH1093', 'IH1095']","https://assets.adidas.com/images/w_383,h_383,f_auto,q_auto,fl_lossy,c_fill,g_auto/1a08902baf6c4060a8c78271bfc1c3e4_9366/Terrex_Skychaser_GORE-TEX_Hiking_Shoes_Black_IH1093_00_plp_standard.jpg","{'prices': [{'type': 'original', 'value': 160, 'valueNoVat': 160}], 'isSoldOut': False}",103,4.4855,,True
KZ9045,Y-3 ADIOS PRO 4 Shoes,Men Y-3,https://www.adidas.com/us/y-3-adios-pro-4-shoes/KZ9045.html,ORC01,"['KZ9045', 'KI6874', 'KI7128', 'KI7791']","https://assets.adidas.com/images/w_383,h_383,f_auto,q_auto,fl_lossy,c_fill,g_auto/b0ab9ce8ec8a40ac9ed2654a68e8a6c9_9366/Y-3_ADIOS_PRO_4_Shoes_White_KZ9045_00_plp_standard.jpg","{'prices': [{'type': 'original', 'value': 330, 'valueNoVat': 330}], 'isSoldOut': False}",42,4.5477,,True
KJ4144,Duramo SL 2 Running Shoes,Men Performance,https://www.adidas.com/us/duramo-sl-2-running-shoes/KJ4144.html,NKL69,"['KJ4144', 'IH8215', 'IH8217', 'IH8218', 'IH8221', 'JP9203', 'JS4395']","https://assets.adidas.com/images/w_383,h_383,f_auto,q_auto,fl_lossy,c_fill,g_auto/94e4778d0f3c4185ad37d6926d263124_9366/Duramo_SL_2_Running_Shoes_Blue_KJ4144_00_plp_standard.jpg","{'prices': [{'type': 'original', 'value': 70, 'valueNoVat': 70}], 'isSoldOut': False}",2009,4.5635,,True
IH4389,SAMBA OG SHOES,Originals,https://www.adidas.com/us/samba-og-shoes/IH4389.html,SAMBAU2312,"['IH4389', 'B75806', 'B75807', 'HP3551', 'HQ4950', 'HQ4951', 'ID1481', 'IE3438', 'IH4388', 'IH6813', 'IH6815', 'IH6816', 'IH6827', 'IH6828', 'IH6829', 'JR0882', 'JR0910', 'JR0911', 'JS3832', 'KJ2382', 'KJ2788', 'KJ9995', 'KJ9997', 'KK2266', 'KK2267', 'KK2268', 'KK2272', 'KK2273', 'KK2274', 'KK2277', 'KK2278', 'KK2279', 'KK2280', 'KK2329', 'KK2330', 'KK2331', 'KK2332', 'KK2333', 'KK3271', 'KK3273', 'KK3274', 'KK3275', 'KZ6720', 'LA3984']","https://assets.adidas.com/images/w_383,h_383,f_auto,q_auto,fl_lossy,c_fill,g_auto/de0b2cdaffde4b8ba701704bafae2e6b_9366/SAMBA_OG_SHOES_Brown_IH4389_00_plp_standard.jpg","{'prices': [{'type': 'original', 'value': 110, 'valueNoVat': 110}], 'isSoldOut': False}",3269,4.8107,True,True
IH4388,SAMBA OG SHOES,Originals,https://www.adidas.com/us/samba-og-shoes/IH4388.html,SAMBAU2312,"['IH4388', 'B75806', 'B75807', 'HP3551', 'HQ4950', 'HQ4951', 'ID1481', 'IE3438', 'IH4389', 'IH6813', 'IH6815', 'IH6816', 'IH6827', 'IH6828', 'IH6829', 'JR0882', 'JR0910', 'JR0911', 'JS3832', 'KJ2382', 'KJ2788', 'KJ9995', 'KJ9997', 'KK2266', 'KK2267', 'KK2268', 'KK2272', 'KK2273', 'KK2274', 'KK2277', 'KK2278', 'KK2279', 'KK2280', 'KK2329', 'KK2330', 'KK2331', 'KK2332', 'KK2333', 'KK3271', 'KK3273', 'KK3274', 'KK3275', 'KZ6720', 'LA3984']","https://assets.adidas.com/images/w_383,h_383,f_auto,q_auto,fl_lossy,c_fill,g_auto/0ea330ea436b46bb9dc9c3c6372e5ae9_9366/SAMBA_OG_SHOES_Beige_IH4388_00_plp_standard.jpg","{'prices': [{'type': 'original', 'value': 110, 'valueNoVat': 110}], 'isSoldOut': False}",3269,4.8107,True,True
JS1325,Italia 70s Shoes,Originals,https://www.adidas.com/us/italia-70s-shoes/JS1325.html,OPT41,"['JS1325', 'IH9106', 'JS1323', 'JS1324']","https://assets.adidas.com/images/w_383,h_383,f_auto,q_auto,fl_lossy,c_fill,g_auto/18aa7dd7a6d24ca29d71043b0262cfdd_9366/Italia_70s_Shoes_White_JS1325_00_plp_standard.jpg","{'prices': [{'type': 'original', 'value': 110, 'valueNoVat': 110}], 'isSoldOut': False}",219,4.6302,True,True
KJ5596,SUPERNOVA RISE 3 ADAPTIVE RUNNING SHOES,Men Performance,https://www.adidas.com/us/supernova-rise-3-adaptive-running-shoes/KJ5596.html,OMV75,"['KJ5596', 'JQ4346', 'JQ4347', 'JQ4348']","https://assets.adidas.com/images/w_383,h_383,f_auto,q_auto,fl_lossy,c_fill,g_auto/ce6cfb780df141fda0fe84d971ffd6f7_9366/SUPERNOVA_RISE_3_ADAPTIVE_RUNNING_SHOES_Grey_KJ5596_00_plp_standard.jpg","{'prices': [{'type': 'original', 'value': 140, 'valueNoVat': 140}], 'isSoldOut': False}",43,4.5117,,True
KI6979,Y-3 REGU 2002 Shoes,Y-3,https://www.adidas.com/us/y-3-regu-2002-shoes/KI6979.html,OSL16,"['KI6979', 'KI0873']","https://assets.adidas.com/images/w_383,h_383,f_auto,q_auto,fl_lossy,c_fill,g_auto/badc61134c7d4159818e5370821fba60_9366/Y-3_REGU_2002_Shoes_Beige_KI6979_00_plp_standard.jpg","{'prices': [{'type': 'sale', 'value': 210, 'valueNoVat': 210}, {'type': 'original', 'value': 350, 'valueNoVat': 350, 'discountPercentage': -40}], 'isSoldOut': False}",12,4.6667,,True
JR1227,Barreda Decode Shoes,Sportswear,https://www.adidas.com/us/barreda-decode-shoes/JR1227.html,OPS66,"['JR1227', 'IH1453', 'IH1454', 'IH1455', 'JR1229', 'JR1230', 'JR1231', 'JR1233', 'JS0936', 'KJ6845', 'KJ9087', 'KJ9195', 'KJ9197', 'KJ9200', 'KK4718']","https://assets.adidas.com/images/w_383,h_383,f_auto,q_auto,fl_lossy,c_fill,g_auto/4c0af24f7c36490d985b129e425b49c3_9366/Barreda_Decode_Shoes_White_JR1227_HM1.jpg","{'prices': [{'type': 'sale', 'value': 54, 'valueNoVat': 54}, {'type': 'original', 'value': 90, 'valueNoVat': 90, 'discountPercentage': -40}], 'isSoldOut': False}",102,4.6569,True,True
KJ0252,BUSENITZ VULC II Shoes,Men Originals,https://www.adidas.com/us/busenitz-vulc-ii-shoes/KJ0252.html,GMN51,"['KJ0252', 'EF8472', 'HQ4711', 'HQ7528', 'HQ7530', 'KJ0245', 'KJ0247', 'KJ0248', 'KJ0249', 'KJ0251', 'KJ3476']","https://assets.adidas.com/images/w_383,h_383,f_auto,q_auto,fl_lossy,c_fill,g_auto/254483cbbeaf4c998f1edde129de89dd_9366/BUSENITZ_VULC_II_Shoes_Beige_KJ0252_00_plp_standard.jpg","{'prices': [{'type': 'original', 'value': 75, 'valueNoVat': 75}], 'isSoldOut': False}",2130,4.6789,True,True
KI7727,CAMPUS ADV Shoes,Originals,https://www.adidas.com/us/campus-adv-shoes/KI7727.html,BAW75,"['KI7727', 'B22716', 'HQ9416', 'JP8542', 'KI7726', 'KJ5115']","https://assets.adidas.com/images/w_383,h_383,f_auto,q_auto,fl_lossy,c_fill,g_auto/85f713ff6e2c48d9bd0042dd80e53bb7_9366/CAMPUS_ADV_Shoes_Blue_KI7727_00_plp_standard.jpg","{'prices': [{'type': 'original', 'value': 100, 'valueNoVat': 100}], 'isSoldOut': False}",379,4.6175,,True
JI0080,Superstar II Shoes,Originals,https://www.adidas.com/us/superstar-ii-shoes/JI0080.html,OMU51,"['JI0080', 'JI0081']","https://assets.adidas.com/images/w_383,h_383,f_auto,q_auto,fl_lossy,c_fill,g_auto/fe968b7f7b6e418b8c5788a1b13e2f20_9366/Superstar_II_Shoes_White_JI0080_00_plp_standard.jpg","{'prices': [{'type': 'original', 'value': 100, 'valueNoVat': 100}], 'isSoldOut': False}",395,4.7848,True,True
KI0074,Purechill,Sportswear,https://www.adidas.com/us/purechill/KI0074.html,OSF28,"['KI0074', 'KH6421', 'KH6422', 'KH6423', 'KH6424', 'KH6425', 'KH6427', 'KH6673', 'KH6696', 'KH6698', 'KI0065', 'KI0066', 'KI0067', 'KI0073', 'KI0075']","https://assets.adidas.com/images/w_383,h_383,f_auto,q_auto,fl_lossy,c_fill,g_auto/b5ea8d3d0bf248a5a203a518485e93cf_9366/Purechill_Blue_KI0074_00_plp_standard.jpg","{'prices': [{'type': 'original', 'value': 75, 'valueNoVat': 75}], 'isSoldOut': False}",1245,4.6274,,True
KI7028,TECHNOCHAOS 2000 SHOES,Men Sportswear,https://www.adidas.com/us/technochaos-2000-shoes/KI7028.html,OSL28,"['KI7028', 'HQ7282', 'JR7229', 'KI6997', 'KI7029', 'KI7030', 'KI7031']","https://assets.adidas.com/images/w_383,h_383,f_auto,q_auto,fl_lossy,c_fill,g_auto/250d08ed98b94834b99653935ebad1e7_9366/TECHNOCHAOS_2000_SHOES_Black_KI7028_00_plp_standard.jpg","{'prices': [{'type': 'original', 'value': 80, 'valueNoVat': 80}], 'isSoldOut': False}",27,4.9259,True,True
IG0309,Duramo SL Wide Running Shoes,Men Performance,https://www.adidas.com/us/duramo-sl-wide-running-shoes/IG0309.html,LZQ36,"['IG0309', 'IF7254']","https://assets.adidas.com/images/w_383,h_383,f_auto,q_auto,fl_lossy,c_fill,g_auto/c4c63cf859f44bb4979a4c8f3320053c_9366/Duramo_SL_Wide_Running_Shoes_Black_IG0309_00_plp_standard.jpg","{'prices': [{'type': 'sale', 'value': 52, 'valueNoVat': 52}, {'type': 'original', 'value': 65, 'valueNoVat': 65, 'discountPercentage': -20}], 'isSoldOut': False}",458,4.4585,True,True
KI7903,Y-3 STAN SMITH LO PRO Shoes,Y-3,https://www.adidas.com/us/y-3-stan-smith-lo-pro-shoes/KI7903.html,OSY29,"['KI7903', 'HP9986', 'KI3473', 'KI7901', 'KJ2390', 'LA6688']","https://assets.adidas.com/images/w_383,h_383,f_auto,q_auto,fl_lossy,c_fill,g_auto/7996700c70b747088ea17b0249a12929_9366/Y-3_STAN_SMITH_LO_PRO_Shoes_Black_KI7903_00_plp_standard.jpg","{'prices': [{'type': 'original', 'value': 300, 'valueNoVat': 300}], 'isSoldOut': False}",3,5.0,,True
KI7031,TECHNOCHAOS 2000 SHOES,Men Sportswear,https://www.adidas.com/us/technochaos-2000-shoes/KI7031.html,OSL28,"['KI7031', 'HQ7282', 'JR7229', 'KI6997', 'KI7028', 'KI7029', 'KI7030']","https://assets.adidas.com/images/w_383,h_383,f_auto,q_auto,fl_lossy,c_fill,g_auto/3199192b656444b0a6816e458abc78d5_9366/TECHNOCHAOS_2000_SHOES_Brown_KI7031_00_plp_standard.jpg","{'prices': [{'type': 'original', 'value': 80, 'valueNoVat': 80}], 'isSoldOut': False}",27,4.9259,,True
KI1912,HYPERBOOST EDGE Running Shoes,Men Performance,https://www.adidas.com/us/hyperboost-edge-running-shoes/KI1912.html,OQQ28,"['KI1912', 'KH8128', 'KI0358', 'KI1911', 'KI1913', 'KI4392', 'KI4393', 'KI4398', 'KI4401', 'KI4402', 'KI4413', 'KK0288', 'KK0289', 'KZ9958']","https://assets.adidas.com/images/w_383,h_383,f_auto,q_auto,fl_lossy,c_fill,g_auto/28c680ca254140b8b5cc0d7a14517c67_9366/HYPERBOOST_EDGE_Running_Shoes_White_KI1912_HM51.jpg","{'prices': [{'type': 'original', 'value': 200, 'valueNoVat': 200}], 'isSoldOut': False}",661,4.6566,True,True
KI7802,Y-3 TOKYO WARPED Shoes,Y-3,https://www.adidas.com/us/y-3-tokyo-warped-shoes/KI7802.html,OQP81,"['KI7802', 'KH9337', 'KI4613']","https://assets.adidas.com/images/w_383,h_383,f_auto,q_auto,fl_lossy,c_fill,g_auto/a7af426da42046b9bfe9627b87b91f95_9366/Y-3_TOKYO_WARPED_Shoes_Black_KI7802_00_plp_standard.jpg","{'prices': [{'type': 'original', 'value': 350, 'valueNoVat': 350}], 'isSoldOut': False}",3,5.0,,True
KJ0414,Terrex Rockadia Hiking Shoe,Men TERREX,https://www.adidas.com/us/terrex-rockadia-hiking-shoe/KJ0414.html,OPW90,"['KJ0414', 'KJ0410', 'KJ0412', 'KZ5642', 'KZ9174']","https://assets.adidas.com/images/w_383,h_383,f_auto,q_auto,fl_lossy,c_fill,g_auto/c497ae0cc7ff43ea952d659d33a6909a_9366/Terrex_Rockadia_Hiking_Shoe_Grey_KJ0414_00_plp_standard.jpg","{'prices': [{'type': 'sale', 'value': 60, 'valueNoVat': 60}, {'type': 'original', 'value': 70, 'valueNoVat': 70, 'discountPercentage': -10}], 'isSoldOut': False}",48,4.8334,,True
ID6286,VL Court 3.0 Shoes,Sportswear,https://www.adidas.com/us/vl-court-3.0-shoes/ID6286.html,OMP39U,"['ID6286', 'HQ0175', 'ID6275', 'ID6276', 'ID6285', 'ID9184', 'IF4457', 'IF4464', 'IH4039', 'IH6562', 'JP7537', 'JR0983', 'JR2222', 'JR8635', 'JR8636', 'JR8638']","https://assets.adidas.com/images/w_383,h_383,f_auto,q_auto,fl_lossy,c_fill,g_auto/79d80df4df5f4fe380d359beefb68cf2_9366/VL_Court_3.0_Shoes_Black_ID6286_HM1.jpg","{'prices': [{'type': 'original', 'value': 80, 'valueNoVat': 80}], 'isSoldOut': False}",532,4.7407,True,True
IE3438,Samba OG Shoes,Originals,https://www.adidas.com/us/samba-og-shoes/IE3438.html,SAMBAU2312,"['IE3438', 'B75806', 'B75807', 'HP3551', 'HQ4950', 'HQ4951', 'ID1481', 'IH4388', 'IH4389', 'IH6813', 'IH6815', 'IH6816', 'IH6827', 'IH6828', 'IH6829', 'JR0882', 'JR0910', 'JR0911', 'JS3832', 'KJ2382', 'KJ2788', 'KJ9995', 'KJ9997', 'KK2266', 'KK2267', 'KK2268', 'KK2272', 'KK2273', 'KK2274', 'KK2277', 'KK2278', 'KK2279', 'KK2280', 'KK2329', 'KK2330', 'KK2331', 'KK2332', 'KK2333', 'KK3271', 'KK3273', 'KK3274', 'KK3275', 'KZ6720', 'LA3984']","https://assets.adidas.com/images/w_383,h_383,f_auto,q_auto,fl_lossy,c_fill,g_auto/fa7627db13da42ce8770fb26f5fabab9_9366/Samba_OG_Shoes_Black_IE3438_00_plp_standard.jpg","{'prices': [{'type': 'original', 'value': 100, 'valueNoVat': 100}], 'isSoldOut': False}",3269,4.8107,True,True
KZ8895,BUSENITZ INDOOR SUPER Shoes,Men Originals,https://www.adidas.com/us/busenitz-indoor-super-shoes/KZ8895.html,OQD41,"['KZ8895', 'KZ8894']","https://assets.adidas.com/images/w_383,h_383,f_auto,q_auto,fl_lossy,c_fill,g_auto/4e5d7159035e45669c8096da801e9c21_9366/BUSENITZ_INDOOR_SUPER_Shoes_Grey_KZ8895_00_plp_standard.jpg","{'prices': [{'type': 'original', 'value': 90, 'valueNoVat': 90}], 'isSoldOut': False}",5,3.4,,True
KI1608,HARDEN VOLUME 10 Shoes,Performance,https://www.adidas.com/us/harden-volume-10-shoes/KI1608.html,OMP59,"['KI1608', 'JQ9422', 'JQ9453', 'JR1598', 'JR1602', 'KH9153', 'KI1604', 'KI1605', 'KI1610', 'KJ1454']","https://assets.adidas.com/images/w_383,h_383,f_auto,q_auto,fl_lossy,c_fill,g_auto/5f6fc340491547b880e26e8819ef591b_9366/HARDEN_VOLUME_10_Shoes_Pink_KI1608_00_plp_standard.jpg","{'prices': [{'type': 'original', 'value': 160, 'valueNoVat': 160}], 'isSoldOut': False}",252,4.7104,True,True
KI8268,TERREX FREEHIKER 3 MID GORE-TEX Hiking Shoes,Men TERREX,https://www.adidas.com/us/terrex-freehiker-3-mid-gore-tex-hiking-shoes/KI8268.html,OOZ33,"['KI8268', 'HQ9306', 'KI8269']","https://assets.adidas.com/images/w_383,h_383,f_auto,q_auto,fl_lossy,c_fill,g_auto/052f80d9fb8c491996151e5582d484b9_9366/TERREX_FREEHIKER_3_MID_GORE-TEX_Hiking_Shoes_Green_KI8268_00_plp_standard.jpg","{'prices': [{'type': 'original', 'value': 200, 'valueNoVat': 200}], 'isSoldOut': False}",18,4.2778,,True
KI6154,ADISTAR CONTROL 5 SHOES,Originals,https://www.adidas.com/us/adistar-control-5-shoes/KI6154.html,ONN89,"['KI6154', 'KH6895', 'KI6120', 'KI6121', 'KI6150', 'KI6151', 'KI6152', 'KI6680', 'KI8590', 'KI8592', 'KI8601', 'KI9356', 'KJ3630', 'KJ3631', 'KJ5955', 'KJ7727', 'KJ8805', 'LA3965']","https://assets.adidas.com/images/w_383,h_383,f_auto,q_auto,fl_lossy,c_fill,g_auto/22d6c320c71847168e2f09112ee0f8b2_9366/ADISTAR_CONTROL_5_SHOES_Grey_KI6154_00_plp_standard.jpg","{'prices': [{'type': 'original', 'value': 120, 'valueNoVat': 120}], 'isSoldOut': False}",664,4.8449,True,True
KI8342,Adizero EVO SL Woven Running Shoes,Men Performance,https://www.adidas.com/us/adizero-evo-sl-woven-running-shoes/KI8342.html,OOS26,"['KI8342', 'JQ4440', 'JQ4441', 'JQ4442', 'JQ4443', 'JQ4527', 'JR1912', 'JR2022', 'JR2024', 'JR4728', 'KH9494', 'KI1451', 'KI1492', 'KI2822', 'KI4256', 'KI4263', 'KI4828', 'KI4842', 'KI6926', 'KJ1996', 'KJ2521', 'KK3673', 'KK3719']","https://assets.adidas.com/images/w_383,h_383,f_auto,q_auto,fl_lossy,c_fill,g_auto/4af1ed4fe85a482d8ce08850e10c71b8_9366/Adizero_EVO_SL_Woven_Running_Shoes_Turquoise_KI8342_00_plp_standard.jpg","{'prices': [{'type': 'sale', 'value': 128, 'valueNoVat': 128}, {'type': 'original', 'value': 150, 'valueNoVat': 150, 'discountPercentage': -10}], 'isSoldOut': False}",462,4.7555,,True
IH6507,HANDBALL SPEZIAL SHOES,Originals,https://www.adidas.com/us/handball-spezial-shoes/IH6507.html,BTP23,"['IH6507', 'BD7632', 'BD7633', 'DB3021', 'IF7086', 'IF7087', 'IG6191', 'IG6192', 'IH6506', 'IH6508', 'IH6568', 'IH6569', 'IH6586', 'IH6588', 'IH6592', 'IH6594', 'IH6597', 'IH6598', 'IH6617', 'IH6618', 'IH9668', 'IH9672', 'IH9760', 'KH9051', 'KI8580', 'KI8685', 'KI8686', 'KI8687', 'KJ2399', 'KJ2401', 'KJ7413', 'KJ7414', 'KJ7415', 'KJ9876', 'KJ9883', 'KJ9884', 'KJ9956', 'KJ9957', 'KJ9958', 'KJ9962', 'KJ9963', 'KJ9964', 'KJ9968', 'KJ9969', 'KJ9974', 'KJ9975', 'KK1153', 'KK2692', 'KK2693', 'KK2694', 'KK4232', 'KK4242', 'KK4860', 'KK4867', 'KZ6702', 'KZ6703', 'KZ6704', 'KZ6705', 'KZ6706', 'KZ6707', 'KZ6712']","https://assets.adidas.com/images/w_383,h_383,f_auto,q_auto,fl_lossy,c_fill,g_auto/93964d130c04407b99948b52cc96d029_9366/HANDBALL_SPEZIAL_SHOES_Green_IH6507_00_plp_standard.jpg","{'prices': [{'type': 'sale', 'value': 60, 'valueNoVat': 60}, {'type': 'original', 'value': 120, 'valueNoVat': 120, 'discountPercentage': -50}], 'isSoldOut': False}",9789,4.8179,True,True
KI8768,Box Hog 4 Shoes,Performance,https://www.adidas.com/us/box-hog-4-shoes/KI8768.html,LIQ22,"['KI8768', 'JR5382', 'JS4684', 'KI8769']","https://assets.adidas.com/images/w_383,h_383,f_auto,q_auto,fl_lossy,c_fill,g_auto/1923c898663e4f8bb47f9e9a2c331d7e_9366/Box_Hog_4_Shoes_Blue_KI8768_00_plp_standard.jpg","{'prices': [{'type': 'original', 'value': 130, 'valueNoVat': 130}], 'isSoldOut': False}",403,4.5732,,True
KJ5041,GLENBURN Shoes,Originals,https://www.adidas.com/us/glenburn-shoes/KJ5041.html,OSE79,"['KJ5041', 'HP3514', 'KJ5040', 'KJ5042', 'KJ5045', 'KJ5046', 'KJ5048', 'KJ5049', 'KJ5052']","https://assets.adidas.com/images/w_383,h_383,f_auto,q_auto,fl_lossy,c_fill,g_auto/142d6b42cb294508803669045cdf1e35_9366/GLENBURN_Shoes_Yellow_KJ5041_00_plp_standard.jpg","{'prices': [{'type': 'original', 'value': 75, 'valueNoVat': 75}], 'isSoldOut': False}",311,4.8296,True,True
ID8760,Galaxy 7 Running Shoes,Men Performance,https://www.adidas.com/us/galaxy-7-running-shoes/ID8760.html,NKX11,"['ID8760', 'ID8754', 'ID8757', 'JP6600', 'JQ2620', 'JQ2626', 'JQ3323', 'JR4944']","https://assets.adidas.com/images/w_383,h_383,f_auto,q_auto,fl_lossy,c_fill,g_auto/b4490acb60b54bd4a485e47bbeaec5f8_9366/Galaxy_7_Running_Shoes_Black_ID8760_HM1.jpg","{'prices': [{'type': 'sale', 'value': 54, 'valueNoVat': 54}, {'type': 'original', 'value': 60, 'valueNoVat': 60, 'discountPercentage': -10}], 'isSoldOut': False}",3513,4.6678,True,True
KI2669,Y-3 NISI HI,Y-3,https://www.adidas.com/us/y-3-nisi-hi/KI2669.html,OTN32,"['KI2669', 'KI2668', 'KI2670']","https://assets.adidas.com/images/w_383,h_383,f_auto,q_auto,fl_lossy,c_fill,g_auto/e50d15922ece42edb83931f4f5e64cac_9366/Y-3_NISI_HI_White_KI2669_00_plp_standard.jpg","{'prices': [{'type': 'original', 'value': 200, 'valueNoVat': 200}], 'isSoldOut': False}",-99,,,True
KJ2788,SAMBA OG SHOES,Originals,https://www.adidas.com/us/samba-og-shoes/KJ2788.html,SAMBAU2312,"['KJ2788', 'B75806', 'B75807', 'HP3551', 'HQ4950', 'HQ4951', 'ID1481', 'IE3438', 'IH4388', 'IH4389', 'IH6813', 'IH6815', 'IH6816', 'IH6827', 'IH6828', 'IH6829', 'JR0882', 'JR0910', 'JR0911', 'JS3832', 'KJ2382', 'KJ9995', 'KJ9997', 'KK2266', 'KK2267', 'KK2268', 'KK2272', 'KK2273', 'KK2274', 'KK2277', 'KK2278', 'KK2279', 'KK2280', 'KK2329', 'KK2330', 'KK2331', 'KK2332', 'KK2333', 'KK3271', 'KK3273', 'KK3274', 'KK3275', 'KZ6720', 'LA3984']","https://assets.adidas.com/images/w_383,h_383,f_auto,q_auto,fl_lossy,c_fill,g_auto/218e0e98812f43ce9351ecaade25b106_9366/SAMBA_OG_SHOES_Burgundy_KJ2788_00_plp_standard.jpg","{'prices': [{'type': 'original', 'value': 100, 'valueNoVat': 100}], 'isSoldOut': False}",3269,4.8107,,True
KI2667,Y-3 NISI LO,Y-3,https://www.adidas.com/us/y-3-nisi-lo/KI2667.html,OQP70,"['KI2667', 'KH9321', 'KI2666']","https://assets.adidas.com/images/w_383,h_383,f_auto,q_auto,fl_lossy,c_fill,g_auto/7850732569a940efae47d3650b7c6e1c_9366/Y-3_NISI_LO_Brown_KI2667_00_plp_standard.jpg","{'prices': [{'type': 'original', 'value': 180, 'valueNoVat': 180}], 'isSoldOut': False}",2,5.0,,True
KJ2595,CLIMACOOL LACED SHOES,Sportswear,https://www.adidas.com/us/climacool-laced-shoes/KJ2595.html,OSE56,"['KJ2595', 'JQ6647', 'KJ0659', 'KJ8969']","https://assets.adidas.com/images/w_383,h_383,f_auto,q_auto,fl_lossy,c_fill,g_auto/8d638c67bd9f42dc8ae70bf6bedad1b7_9366/CLIMACOOL_LACED_SHOES_Green_KJ2595_HM1.jpg","{'prices': [{'type': 'original', 'value': 170, 'valueNoVat': 170}], 'isSoldOut': False}",159,4.5535,True,True
KK3673,Adizero EVO SL Woven Running Shoes,Men Performance,https://www.adidas.com/us/adizero-evo-sl-woven-running-shoes/KK3673.html,OOS26,"['KK3673', 'JQ4440', 'JQ4441', 'JQ4442', 'JQ4443', 'JQ4527', 'JR1912', 'JR2022', 'JR2024', 'JR4728', 'KH9494', 'KI1451', 'KI1492', 'KI2822', 'KI4256', 'KI4263', 'KI4828', 'KI4842', 'KI6926', 'KI8342', 'KJ1996', 'KJ2521', 'KK3719']","https://assets.adidas.com/images/w_383,h_383,f_auto,q_auto,fl_lossy,c_fill,g_auto/22bec0eb31274e4d9827d36ab61baa4f_9366/Adizero_EVO_SL_Woven_Running_Shoes_Yellow_KK3673_00_plp_standard.jpg","{'prices': [{'type': 'sale', 'value': 75, 'valueNoVat': 75}, {'type': 'original', 'value': 150, 'valueNoVat': 150, 'discountPercentage': -50}], 'isSoldOut': False}",462,4.7555,True,False
KK2982,TYSHAWN II Shoes,Originals,https://www.adidas.com/us/tyshawn-ii-shoes/KK2982.html,OQU12,"['KK2982', 'HQ4730', 'HQ4733', 'HQ4735', 'JQ1132', 'KI7772', 'KK2980', 'KK2981']","https://assets.adidas.com/images/w_383,h_383,f_auto,q_auto,fl_lossy,c_fill,g_auto/8977bbed5d074721bc8aec0b8a9d08ee_9366/TYSHAWN_II_Shoes_Brown_KK2982_00_plp_standard.jpg","{'prices': [{'type': 'original', 'value': 100, 'valueNoVat': 100}], 'isSoldOut': False}",80,4.7375,,True
LA6692,Y-3 SUPERSTAR Sneakers,Y-3,https://www.adidas.com/us/y-3-superstar-sneakers/LA6692.html,ORC11,"['LA6692', 'KZ9064', 'LA6691']","https://assets.adidas.com/images/w_383,h_383,f_auto,q_auto,fl_lossy,c_fill,g_auto/c3d6bc96d0f747cc9e696f13f727722f_9366/Y-3_SUPERSTAR_Sneakers_White_LA6692_00_plp_standard.jpg","{'prices': [{'type': 'original', 'value': 280, 'valueNoVat': 280}], 'isSoldOut': False}",5,4.2,,True
KI1451,Adizero EVO SL Woven Running Shoes,Men Performance,https://www.adidas.com/us/adizero-evo-sl-woven-running-shoes/KI1451.html,OOS26,"['KI1451', 'JQ4440', 'JQ4441', 'JQ4442', 'JQ4443', 'JQ4527', 'JR1912', 'JR2022', 'JR2024', 'JR4728', 'KH9494', 'KI1492', 'KI2822', 'KI4256', 'KI4263', 'KI4828', 'KI4842', 'KI6926', 'KI8342', 'KJ1996', 'KJ2521', 'KK3673', 'KK3719']","https://assets.adidas.com/images/w_383,h_383,f_auto,q_auto,fl_lossy,c_fill,g_auto/966d419068b34d5791a55832800567b8_9366/Adizero_EVO_SL_Woven_Running_Shoes_Yellow_KI1451_HM1.jpg","{'prices': [{'type': 'sale', 'value': 75, 'valueNoVat': 75}, {'type': 'original', 'value': 150, 'valueNoVat': 150, 'discountPercentage': -50}], 'isSoldOut': False}",462,4.7555,True,False
JQ8356,Campus 00s Shoes,Originals,https://www.adidas.com/us/campus-00s-shoes/JQ8356.html,CAMPUSU1223,"['JQ8356', 'H03471', 'H03472', 'H03474', 'HQ8707', 'HQ8708', 'ID1435', 'IH4093', 'IH6724', 'JQ8357', 'JR7287', 'JR8163', 'KI0930', 'KI0931', 'KI0932']","https://assets.adidas.com/images/w_383,h_383,f_auto,q_auto,fl_lossy,c_fill,g_auto/332257a521a14bb48c67646815010773_9366/Campus_00s_Shoes_Beige_JQ8356_00_plp_standard.jpg","{'prices': [{'type': 'sale', 'value': 55, 'valueNoVat': 55}, {'type': 'original', 'value': 110, 'valueNoVat': 110, 'discountPercentage': -50}], 'isSoldOut': False}",1205,4.7859,,True
IH7758,Runfalcon 5 Running Shoes,Men Performance,https://www.adidas.com/us/runfalcon-5-running-shoes/IH7758.html,NKE45,"['IH7758', 'IE0525', 'IE8812', 'IE8819', 'IH7757', 'JI0872', 'JQ6974', 'JQ6976', 'JQ6978', 'JQ6979', 'JQ6980', 'JR5089', 'JR5518', 'JR5520', 'JR5521']","https://assets.adidas.com/images/w_383,h_383,f_auto,q_auto,fl_lossy,c_fill,g_auto/aa0bd45abac541d29ff40b492e15cfa4_9366/Runfalcon_5_Running_Shoes_Black_IH7758_HM1.jpg","{'prices': [{'type': 'original', 'value': 60, 'valueNoVat': 60}], 'isSoldOut': False}",5302,4.6415,True,True
IH6827,Samba OG Shoes,Originals,https://www.adidas.com/us/samba-og-shoes/IH6827.html,SAMBAU2312,"['IH6827', 'B75806', 'B75807', 'HP3551', 'HQ4950', 'HQ4951', 'ID1481', 'IE3438', 'IH4388', 'IH4389', 'IH6813', 'IH6815', 'IH6816', 'IH6828', 'IH6829', 'JR0882', 'JR0910', 'JR0911', 'JS3832', 'KJ2382', 'KJ2788', 'KJ9995', 'KJ9997', 'KK2266', 'KK2267', 'KK2268', 'KK2272', 'KK2273', 'KK2274', 'KK2277', 'KK2278', 'KK2279', 'KK2280', 'KK2329', 'KK2330', 'KK2331', 'KK2332', 'KK2333', 'KK3271', 'KK3273', 'KK3274', 'KK3275', 'KZ6720', 'LA3984']","https://assets.adidas.com/images/w_383,h_383,f_auto,q_auto,fl_lossy,c_fill,g_auto/4ffff57552db4ba694fa17e6fc490242_9366/Samba_OG_Shoes_Blue_IH6827_00_plp_standard.jpg","{'prices': [{'type': 'original', 'value': 110, 'valueNoVat': 110}], 'isSoldOut': False}",3269,4.8107,True,True
KJ2986,JUMP HOOK SHOES,Sportswear,https://www.adidas.com/us/jump-hook-shoes/KJ2986.html,ORL20,"['KJ2986', 'KI6357', 'KI6358']","https://assets.adidas.com/images/w_383,h_383,f_auto,q_auto,fl_lossy,c_fill,g_auto/64ee803926db4238a6795759125cb7ea_9366/JUMP_HOOK_SHOES_Black_KJ2986_00_plp_standard.jpg","{'prices': [{'type': 'original', 'value': 55, 'valueNoVat': 55}], 'isSoldOut': False}",11,4.9091,True,True
JQ9475,BELIEVE THAT 1 Shoes,Performance,https://www.adidas.com/us/believe-that-1-shoes/JQ9475.html,OMY47,"['JQ9475', 'JQ9478', 'KJ0452', 'KJ3146', 'KJ3147']","https://assets.adidas.com/images/w_383,h_383,f_auto,q_auto,fl_lossy,c_fill,g_auto/911fe00c5c3d440eb8a391b09773c5c6_9366/BELIEVE_THAT_1_Shoes_Blue_JQ9475_00_plp_standard.jpg","{'prices': [{'type': 'original', 'value': 100, 'valueNoVat': 100}], 'isSoldOut': False}",134,4.7538,True,True
KK0262,GAZELLE Shoes,Originals,https://www.adidas.com/us/gazelle-shoes/KK0262.html,KZC10,"['KK0262', 'KI3205', 'KI3206', 'KI3208', 'KJ0269', 'KJ0270', 'KJ0271']","https://assets.adidas.com/images/w_383,h_383,f_auto,q_auto,fl_lossy,c_fill,g_auto/83a6a13d2a164282a033a5b548087f3b_9366/GAZELLE_Shoes_Black_KK0262_00_plp_standard.jpg","{'prices': [{'type': 'original', 'value': 100, 'valueNoVat': 100}], 'isSoldOut': False}",773,4.6508,True,True
KI4413,HYPERBOOST EDGE Running Shoes,Men Performance,https://www.adidas.com/us/hyperboost-edge-running-shoes/KI4413.html,OQQ28,"['KI4413', 'KH8128', 'KI0358', 'KI1911', 'KI1912', 'KI1913', 'KI4392', 'KI4393', 'KI4398', 'KI4401', 'KI4402', 'KK0288', 'KK0289', 'KZ9958']","https://assets.adidas.com/images/w_383,h_383,f_auto,q_auto,fl_lossy,c_fill,g_auto/7ebf82e9479a48e0803905fddba1e9f3_9366/HYPERBOOST_EDGE_Running_Shoes_Yellow_KI4413_HM51.jpg","{'prices': [{'type': 'original', 'value': 200, 'valueNoVat': 200}], 'isSoldOut': False}",661,4.6566,True,True
KH6424,Purechill,Sportswear,https://www.adidas.com/us/purechill/KH6424.html,OSF28,"['KH6424', 'KH6421', 'KH6422', 'KH6423', 'KH6425', 'KH6427', 'KH6673', 'KH6696', 'KH6698', 'KI0065', 'KI0066', 'KI0067', 'KI0073', 'KI0074', 'KI0075']","https://assets.adidas.com/images/w_383,h_383,f_auto,q_auto,fl_lossy,c_fill,g_auto/a73258e8179541c785c49cc373e0bd0c_9366/Purechill_Orange_KH6424_00_plp_standard.jpg","{'prices': [{'type': 'original', 'value': 75, 'valueNoVat': 75}], 'isSoldOut': False}",1245,4.6274,True,True
KI1035,HOOPS MID CLASSIC SHOES,Men Sportswear,https://www.adidas.com/us/hoops-mid-classic-shoes/KI1035.html,ONQ40,"['KI1035', 'KI1032', 'KI1033']","https://assets.adidas.com/images/w_383,h_383,f_auto,q_auto,fl_lossy,c_fill,g_auto/3d46ce5fe1234832ad6f822e80cb5557_9366/HOOPS_MID_CLASSIC_SHOES_Black_KI1035_00_plp_standard.jpg","{'prices': [{'type': 'original', 'value': 70, 'valueNoVat': 70}], 'isSoldOut': False}",215,4.6884,True,True
JI1777,VL Court Base Shoes,Men Sportswear,https://www.adidas.com/us/vl-court-base-shoes/JI1777.html,NLF52,[],"https://assets.adidas.com/images/w_383,h_383,f_auto,q_auto,fl_lossy,c_fill,g_auto/94e0ca46f53247e9b8d9b4d8c53ca7b1_9366/VL_Court_Base_Shoes_Grey_JI1777_00_plp_standard.jpg","{'prices': [{'type': 'original', 'value': 60, 'valueNoVat': 60}], 'isSoldOut': False}",297,4.5219,,True
KH8878,Terrex Anylander Leather Mid Climaproof Hiking Shoes,Men TERREX,https://www.adidas.com/us/terrex-anylander-leather-mid-climaproof-hiking-shoes/KH8878.html,ORY89,"['KH8878', 'KH8875', 'KH8876', 'KH8877']","https://assets.adidas.com/images/w_383,h_383,f_auto,q_auto,fl_lossy,c_fill,g_auto/5009d662f4c947309fcb023589acb237_9366/Terrex_Anylander_Leather_Mid_Climaproof_Hiking_Shoes_Blue_KH8878_00_plp_standard.jpg","{'prices': [{'type': 'sale', 'value': 99, 'valueNoVat': 99}, {'type': 'original', 'value': 110, 'valueNoVat': 110, 'discountPercentage': -10}], 'isSoldOut': False}",41,4.7805,True,True
LA5974,HYPERBOOST EPHR SHOES,Originals,https://www.adidas.com/us/hyperboost-ephr-shoes/LA5974.html,ORV68,"['LA5974', 'LA5973', 'LA6206', 'LA6208', 'LA6211', 'LA6215']","https://assets.adidas.com/images/w_383,h_383,f_auto,q_auto,fl_lossy,c_fill,g_auto/30c8f23a13304ad5ae096a294a9c276d_9366/HYPERBOOST_EPHR_SHOES_White_LA5974_HM1.jpg","{'prices': [{'type': 'original', 'value': 170, 'valueNoVat': 170}], 'isSoldOut': False}",155,4.5807,,True
IH6592,HANDBALL SPEZIAL SHOES,Originals,https://www.adidas.com/us/handball-spezial-shoes/IH6592.html,BTP23,"['IH6592', 'BD7632', 'BD7633', 'DB3021', 'IF7086', 'IF7087', 'IG6191', 'IG6192', 'IH6506', 'IH6507', 'IH6508', 'IH6568', 'IH6569', 'IH6586', 'IH6588', 'IH6594', 'IH6597', 'IH6598', 'IH6617', 'IH6618', 'IH9668', 'IH9672', 'IH9760', 'KH9051', 'KI8580', 'KI8685', 'KI8686', 'KI8687', 'KJ2399', 'KJ2401', 'KJ7413', 'KJ7414', 'KJ7415', 'KJ9876', 'KJ9883', 'KJ9884', 'KJ9956', 'KJ9957', 'KJ9958', 'KJ9962', 'KJ9963', 'KJ9964', 'KJ9968', 'KJ9969', 'KJ9974', 'KJ9975', 'KK1153', 'KK2692', 'KK2693', 'KK2694', 'KK4232', 'KK4242', 'KK4860', 'KK4867', 'KZ6702', 'KZ6703', 'KZ6704', 'KZ6705', 'KZ6706', 'KZ6707', 'KZ6712']","https://assets.adidas.com/images/w_383,h_383,f_auto,q_auto,fl_lossy,c_fill,g_auto/1c73c91c1ca54439ba66b62c7ce6d43f_9366/HANDBALL_SPEZIAL_SHOES_White_IH6592_00_plp_standard.jpg","{'prices': [{'type': 'sale', 'value': 60, 'valueNoVat': 60}, {'type': 'original', 'value': 120, 'valueNoVat': 120, 'discountPercentage': -50}], 'isSoldOut': False}",9789,4.8179,True,True
KI8304,Terrex Anylander CLIMAWARM+ Hiking Shoes,Men TERREX,https://www.adidas.com/us/terrex-anylander-climawarm-plus-hiking-shoes/KI8304.html,NRX05,"['KI8304', 'JH6234']","https://assets.adidas.com/images/w_383,h_383,f_auto,q_auto,fl_lossy,c_fill,g_auto/854544ec54c241c78c77906dd5302fff_9366/Terrex_Anylander_CLIMAWARM_Hiking_Shoes_Brown_KI8304_HM1.jpg","{'prices': [{'type': 'original', 'value': 120, 'valueNoVat': 120}], 'isSoldOut': False}",63,4.8889,,True
JQ9501,ANTHONY EDWARDS 2 Shoes,Performance,https://www.adidas.com/us/anthony-edwards-2-shoes/JQ9501.html,OQN77,"['JQ9501', 'JQ9493', 'JQ9495', 'JQ9497', 'JQ9503', 'JR1572', 'JR4359', 'JS3508', 'JS3514', 'KJ1887', 'KJ2363', 'KJ4228', 'KK0645', 'KK1390']","https://assets.adidas.com/images/w_383,h_383,f_auto,q_auto,fl_lossy,c_fill,g_auto/1639fbcdbf584ea495c829c89404b92f_9366/ANTHONY_EDWARDS_2_Shoes_Blue_JQ9501_00_plp_standard.jpg","{'prices': [{'type': 'original', 'value': 130, 'valueNoVat': 130}], 'isSoldOut': False}",556,4.7482,True,False
KH6891,ADIDAS X COCA-COLA SUPERSTAR II SHOES,Originals,https://www.adidas.com/us/adidas-x-coca-cola-superstar-ii-shoes/KH6891.html,OQZ78,"['KH6891', 'KH6892']","https://assets.adidas.com/images/w_383,h_383,f_auto,q_auto,fl_lossy,c_fill,g_auto/a760ea2706b5486ba9fe861a2afd6f0a_9366/ADIDAS_X_COCA-COLA_SUPERSTAR_II_SHOES_Black_KH6891_00_plp_standard.jpg","{'prices': [{'type': 'original', 'value': 120, 'valueNoVat': 120}], 'isSoldOut': False}",89,4.7753,True,True
KJ5054,TEKKIRA CUP Shoes,Originals,https://www.adidas.com/us/tekkira-cup-shoes/KJ5054.html,OPO15,"['KJ5054', 'HQ4814', 'HQ5063', 'JQ8906', 'KJ5055', 'KJ5057', 'KJ5059']","https://assets.adidas.com/images/w_383,h_383,f_auto,q_auto,fl_lossy,c_fill,g_auto/809bd24b5a7c4f94b2270dc838f2df7a_9366/TEKKIRA_CUP_Shoes_Black_KJ5054_00_plp_standard.jpg","{'prices': [{'type': 'original', 'value': 100, 'valueNoVat': 100}], 'isSoldOut': False}",168,4.7203,,True
IH9679,GAZELLE INDOOR SHOES,Originals,https://www.adidas.com/us/gazelle-indoor-shoes/IH9679.html,GAZU1223,"['IH9679', 'IH9640', 'IH9641', 'IH9650', 'IH9651', 'IH9654', 'IH9659', 'IH9660', 'IH9661', 'IH9665', 'IH9666', 'IH9675', 'IH9680', 'JI2060', 'JI2061', 'JI2062', 'JI2063']","https://assets.adidas.com/images/w_383,h_383,f_auto,q_auto,fl_lossy,c_fill,g_auto/4b6496aacfa54e75a09292ad4103515c_9366/GAZELLE_INDOOR_SHOES_Black_IH9679_00_plp_standard.jpg","{'prices': [{'type': 'sale', 'value': 65, 'valueNoVat': 65}, {'type': 'original', 'value': 130, 'valueNoVat': 130, 'discountPercentage': -50}], 'isSoldOut': False}",947,4.8058,True,True
JQ3255,Superstar Vintage Shoes,Originals,https://www.adidas.com/us/superstar-vintage-shoes/JQ3255.html,OMU62,"['JQ3255', 'JQ3254']","https://assets.adidas.com/images/w_383,h_383,f_auto,q_auto,fl_lossy,c_fill,g_auto/78e28aa5a3d544e48d8ac92e125d824f_9366/Superstar_Vintage_Shoes_Black_JQ3255_00_plp_standard.jpg","{'prices': [{'type': 'original', 'value': 120, 'valueNoVat': 120}], 'isSoldOut': False}",143,4.8672,,True
ID8754,Galaxy 7 Running Shoes,Men Performance,https://www.adidas.com/us/galaxy-7-running-shoes/ID8754.html,NKX11,"['ID8754', 'ID8757', 'ID8760', 'JP6600', 'JQ2620', 'JQ2626', 'JQ3323', 'JR4944']","https://assets.adidas.com/images/w_383,h_383,f_auto,q_auto,fl_lossy,c_fill,g_auto/4d2c244ce4534216b99b3006f3a24fb5_9366/Galaxy_7_Running_Shoes_Grey_ID8754_HM1.jpg","{'prices': [{'type': 'sale', 'value': 54, 'valueNoVat': 54}, {'type': 'original', 'value': 60, 'valueNoVat': 60, 'discountPercentage': -10}], 'isSoldOut': False}",3513,4.6678,True,True
KI6363,JUMP HOOK SHOES,Sportswear,https://www.adidas.com/us/jump-hook-shoes/KI6363.html,ORL21,[],"https://assets.adidas.com/images/w_383,h_383,f_auto,q_auto,fl_lossy,c_fill,g_auto/a458958dc0724e5ab6049042ae987504_9366/JUMP_HOOK_SHOES_Black_KI6363_00_plp_standard.jpg","{'prices': [{'type': 'original', 'value': 65, 'valueNoVat': 65}], 'isSoldOut': False}",10,5.0,True,True
KI9286,DON ISSUE 8 Shoes,Performance,https://www.adidas.com/us/don-issue-8-shoes/KI9286.html,ORZ64,"['KI9286', 'KI9287', 'KI9288']","https://assets.adidas.com/images/w_383,h_383,f_auto,q_auto,fl_lossy,c_fill,g_auto/9cc0ff80928f4722b7b4d2435611f299_9366/DON_ISSUE_8_Shoes_Silver_KI9286_00_plp_standard.jpg","{'prices': [{'type': 'original', 'value': 120, 'valueNoVat': 120}], 'isSoldOut': False}",38,4.8158,True,True
JR8547,Lite Racer 4.0 Shoes,Men Sportswear,https://www.adidas.com/us/lite-racer-4.0-shoes/JR8547.html,NLD67,"['JR8547', 'JI4949', 'JR8543']","https://assets.adidas.com/images/w_383,h_383,f_auto,q_auto,fl_lossy,c_fill,g_auto/5f25cd27c86345878341ad6f27fc1cd7_9366/Lite_Racer_4.0_Shoes_Black_JR8547_00_plp_standard.jpg","{'prices': [{'type': 'sale', 'value': 39, 'valueNoVat': 39}, {'type': 'original', 'value': 55, 'valueNoVat': 55, 'discountPercentage': -25}], 'isSoldOut': False}",1145,4.7337,,True
HQ7282,TECHNOCHAOS 2000 Shoes,Men Sportswear,https://www.adidas.com/us/technochaos-2000-shoes/HQ7282.html,OSL28,"['HQ7282', 'JR7229', 'KI6997', 'KI7028', 'KI7029', 'KI7030', 'KI7031']","https://assets.adidas.com/images/w_383,h_383,f_auto,q_auto,fl_lossy,c_fill,g_auto/390b16d235bd4abd9bf8898d983d3a18_9366/TECHNOCHAOS_2000_Shoes_White_HQ7282_HM1.jpg","{'prices': [{'type': 'original', 'value': 80, 'valueNoVat': 80}], 'isSoldOut': False}",27,4.9259,,True
KK2369,Grand Court Alpha Shoes,Men Sportswear,https://www.adidas.com/us/grand-court-alpha-shoes/KK2369.html,NMM59,"['KK2369', 'JS3808']","https://assets.adidas.com/images/w_383,h_383,f_auto,q_auto,fl_lossy,c_fill,g_auto/5983f5b274b54b5996caad1ab7676da8_9366/Grand_Court_Alpha_Shoes_Black_KK2369_00_plp_standard.jpg","{'prices': [{'type': 'original', 'value': 80, 'valueNoVat': 80}], 'isSoldOut': False}",803,4.7921,,True
KI1913,HYPERBOOST EDGE Running Shoes,Men Performance,https://www.adidas.com/us/hyperboost-edge-running-shoes/KI1913.html,OQQ28,"['KI1913', 'KH8128', 'KI0358', 'KI1911', 'KI1912', 'KI4392', 'KI4393', 'KI4398', 'KI4401', 'KI4402', 'KI4413', 'KK0288', 'KK0289', 'KZ9958']","https://assets.adidas.com/images/w_383,h_383,f_auto,q_auto,fl_lossy,c_fill,g_auto/f2da5af5294b40e48be0c20833a8d188_9366/HYPERBOOST_EDGE_Running_Shoes_White_KI1913_HM51.jpg","{'prices': [{'type': 'original', 'value': 200, 'valueNoVat': 200}], 'isSoldOut': False}",661,4.6566,True,True
KI6358,JUMP HOOK SHOES,Sportswear,https://www.adidas.com/us/jump-hook-shoes/KI6358.html,ORL20,"['KI6358', 'KI6357', 'KJ2986']","https://assets.adidas.com/images/w_383,h_383,f_auto,q_auto,fl_lossy,c_fill,g_auto/d24f816f936141c68a1f6879c9f4923e_9366/JUMP_HOOK_SHOES_White_KI6358_00_plp_standard.jpg","{'prices': [{'type': 'original', 'value': 55, 'valueNoVat': 55}], 'isSoldOut': False}",11,4.9091,True,True
JQ9453,Harden Volume 10 Shoes,Performance,https://www.adidas.com/us/harden-volume-10-shoes/JQ9453.html,OMP59,"['JQ9453', 'JQ9422', 'JR1598', 'JR1602', 'KH9153', 'KI1604', 'KI1605', 'KI1608', 'KI1610', 'KJ1454']","https://assets.adidas.com/images/w_383,h_383,f_auto,q_auto,fl_lossy,c_fill,g_auto/ad2ce648bf0c4e1dbc7d91e47d4c0047_9366/Harden_Volume_10_Shoes_Beige_JQ9453_00_plp_standard.jpg","{'prices': [{'type': 'sale', 'value': 128, 'valueNoVat': 128}, {'type': 'original', 'value': 160, 'valueNoVat': 160, 'discountPercentage': -20}], 'isSoldOut': False}",252,4.7104,True,True
KI2678,CLIMACOOL LACED SHOES,Sportswear,https://www.adidas.com/us/climacool-laced-shoes/KI2678.html,OTN35,"['KI2678', 'KH8440', 'KI2680']","https://assets.adidas.com/images/w_383,h_383,f_auto,q_auto,fl_lossy,c_fill,g_auto/feb99587643a42a8a90ad5cc9e1e65df_9366/CLIMACOOL_LACED_SHOES_Pink_KI2678_HM1.jpg","{'prices': [{'type': 'original', 'value': 170, 'valueNoVat': 170}], 'isSoldOut': False}",24,4.1667,True,True
ID6285,VL Court 3.0 Shoes,Sportswear,https://www.adidas.com/us/vl-court-3.0-shoes/ID6285.html,OMP39U,"['ID6285', 'HQ0175', 'ID6275', 'ID6276', 'ID6286', 'ID9184', 'IF4457', 'IF4464', 'IH4039', 'IH6562', 'JP7537', 'JR0983', 'JR2222', 'JR8635', 'JR8636', 'JR8638']","https://assets.adidas.com/images/w_383,h_383,f_auto,q_auto,fl_lossy,c_fill,g_auto/ce1fd956d52a436883a9643f6994db0f_9366/VL_Court_3.0_Shoes_White_ID6285_HM1.jpg","{'prices': [{'type': 'original', 'value': 80, 'valueNoVat': 80}], 'isSoldOut': False}",532,4.7407,True,True
JI4919,RUN 70s 2.0 Shoes,Men Sportswear,https://www.adidas.com/us/run-70s-2.0-shoes/JI4919.html,NJG80,"['JI4919', 'IH8584', 'JI4922', 'JR2382', 'JR2384', 'JR2385']","https://assets.adidas.com/images/w_383,h_383,f_auto,q_auto,fl_lossy,c_fill,g_auto/be73fbe6b7f043eda8d669e4465567ff_9366/RUN_70s_2.0_Shoes_Green_JI4919_HM1.jpg","{'prices': [{'type': 'original', 'value': 70, 'valueNoVat': 70}], 'isSoldOut': False}",619,4.5154,,True
KI3020,SPIRITAIN 2000 SHOES,Sportswear,https://www.adidas.com/us/spiritain-2000-shoes/KI3020.html,OPY74,"['KI3020', 'KI3019', 'KI4378', 'KI4382', 'KI4440', 'KI4441', 'KI4445', 'KI6821', 'KI6822', 'KI6823', 'KI8103', 'KI8104', 'KI8141', 'LA1812']","https://assets.adidas.com/images/w_383,h_383,f_auto,q_auto,fl_lossy,c_fill,g_auto/fe2cb8ce1cc049e7932670099f9554b8_9366/SPIRITAIN_2000_SHOES_Beige_KI3020_00_plp_standard.jpg","{'prices': [{'type': 'original', 'value': 90, 'valueNoVat': 90}], 'isSoldOut': False}",188,4.766,True,True
LA1981,MIAMI HURRICANES ADIZERO EVO SL EXO Shoes,Performance,https://www.adidas.com/us/miami-hurricanes-adizero-evo-sl-exo-shoes/LA1981.html,ORQ42xx,"['LA1981', 'KZ9920', 'LA1973', 'LA1974', 'LA1975', 'LA1976', 'LA1977', 'LA1978', 'LA1980', 'LA1984', 'LA1985', 'LA2338', 'LA2339', 'LA2340']","https://assets.adidas.com/images/w_383,h_383,f_auto,q_auto,fl_lossy,c_fill,g_auto/00dddf96ddaf47b8ab2c3aa64a47a964_9366/MIAMI_HURRICANES_ADIZERO_EVO_SL_EXO_Shoes_White_LA1981_00_plp_standard.jpg","{'prices': [{'type': 'original', 'value': 160, 'valueNoVat': 160}], 'isSoldOut': False}",31,4.871,,True
KI6749,CRAZY ENERGY SHOES,Performance,https://www.adidas.com/us/crazy-energy-shoes/KI6749.html,ORZ70,"['KI6749', 'HP5216', 'HP5223', 'KI6743', 'KI6746', 'LA1432', 'LA1506']","https://assets.adidas.com/images/w_383,h_383,f_auto,q_auto,fl_lossy,c_fill,g_auto/22850761753146f2bb5b6f728d87a8c8_9366/CRAZY_ENERGY_SHOES_White_KI6749_00_plp_standard.jpg","{'prices': [{'type': 'original', 'value': 110, 'valueNoVat': 110}], 'isSoldOut': False}",42,4.8095,True,True
JH7801,Terrex Skychaser AX5 GORE-TEX Hiking Shoes,Men TERREX,https://www.adidas.com/us/terrex-skychaser-ax5-gore-tex-hiking-shoes/JH7801.html,NMQ33,"['JH7801', 'JQ2209', 'JQ2210', 'JQ2213']","https://assets.adidas.com/images/w_383,h_383,f_auto,q_auto,fl_lossy,c_fill,g_auto/443734c1f8d54964a3217d9ea1ce149a_9366/Terrex_Skychaser_AX5_GORE-TEX_Hiking_Shoes_Brown_JH7801_00_plp_standard.jpg","{'prices': [{'type': 'original', 'value': 120, 'valueNoVat': 120}], 'isSoldOut': False}",470,4.4363,,True
HQ7555,ADISTAR XLG 2.0 SHOES,Originals,https://www.adidas.com/us/adistar-xlg-2.0-shoes/HQ7555.html,ORC52,"['HQ7555', 'HQ7468', 'HQ7551', 'HQ7552', 'HQ7553', 'HQ7554', 'KI4505', 'KI4506', 'KJ7895', 'KK2895', 'KK2896', 'KK2899', 'KK2900', 'KZ9011', 'KZ9155', 'KZ9160', 'LA1813']","https://assets.adidas.com/images/w_383,h_383,f_auto,q_auto,fl_lossy,c_fill,g_auto/48ac00f5cf01465fb88ad511c2cc01a6_9366/ADISTAR_XLG_2.0_SHOES_Black_HQ7555_00_plp_standard.jpg","{'prices': [{'type': 'sale', 'value': 75, 'valueNoVat': 75}, {'type': 'original', 'value': 150, 'valueNoVat': 150, 'discountPercentage': -50}], 'isSoldOut': False}",273,4.7473,True,True
JQ7141,Galaxy 7 Running Shoes,Men Performance,https://www.adidas.com/us/galaxy-7-running-shoes/JQ7141.html,OPL41,"['JQ7141', 'JR9585']","https://assets.adidas.com/images/w_383,h_383,f_auto,q_auto,fl_lossy,c_fill,g_auto/c8e63a1d9cbc4195a8ef4edbc81eb13a_9366/Galaxy_7_Running_Shoes_Green_JQ7141_HM1.jpg","{'prices': [{'type': 'sale', 'value': 45, 'valueNoVat': 45}, {'type': 'original', 'value': 60, 'valueNoVat': 60, 'discountPercentage': -25}], 'isSoldOut': False}",119,4.7479,True,True
JR7229,TECHNOCHAOS 2000 Shoes,Men Sportswear,https://www.adidas.com/us/technochaos-2000-shoes/JR7229.html,OSL28,"['JR7229', 'HQ7282', 'KI6997', 'KI7028', 'KI7029', 'KI7030', 'KI7031']","https://assets.adidas.com/images/w_383,h_383,f_auto,q_auto,fl_lossy,c_fill,g_auto/bddbf8768c7a4a7eaf512356ea9073ee_9366/TECHNOCHAOS_2000_Shoes_Black_JR7229_HM1.jpg","{'prices': [{'type': 'original', 'value': 80, 'valueNoVat': 80}], 'isSoldOut': False}",27,4.9259,True,True
LA1977,TEXAS A&M AGGIES ADIZERO EVO SL EXO Shoes,Performance,https://www.adidas.com/us/texas-a-m-aggies-adizero-evo-sl-exo-shoes/LA1977.html,ORQ42xx,"['LA1977', 'KZ9920', 'LA1973', 'LA1974', 'LA1975', 'LA1976', 'LA1978', 'LA1980', 'LA1981', 'LA1984', 'LA1985', 'LA2338', 'LA2339', 'LA2340']","https://assets.adidas.com/images/w_383,h_383,f_auto,q_auto,fl_lossy,c_fill,g_auto/4189e9de735649f08115180610133296_9366/TEXAS_AandM_AGGIES_ADIZERO_EVO_SL_EXO_Shoes_White_LA1977_00_plp_standard.jpg","{'prices': [{'type': 'original', 'value': 160, 'valueNoVat': 160}], 'isSoldOut': False}",31,4.871,,True
JH7834,BW Army Shoes,Men Originals,https://www.adidas.com/us/bw-army-shoes/JH7834.html,OOZ27,"['JH7834', 'JH7835', 'JR3724', 'JR3726', 'JR7345']","https://assets.adidas.com/images/w_383,h_383,f_auto,q_auto,fl_lossy,c_fill,g_auto/0e7a2fac83c04b74a5f76ab3af534031_9366/BW_Army_Shoes_White_JH7834_00_plp_standard.jpg","{'prices': [{'type': 'original', 'value': 120, 'valueNoVat': 120}], 'isSoldOut': False}",160,4.8063,,True
LA6416,SUPERSTAR ADV X GONZ Shoes,Men Originals,https://www.adidas.com/us/superstar-adv-x-gonz-shoes/LA6416.html,ORB31,[],"https://assets.adidas.com/images/w_383,h_383,f_auto,q_auto,fl_lossy,c_fill,g_auto/38417d9270104ced8dde73ceaee43e37_9366/SUPERSTAR_ADV_X_GONZ_Shoes_Black_LA6416_00_plp_standard.jpg","{'prices': [{'type': 'original', 'value': 100, 'valueNoVat': 100}], 'isSoldOut': False}",2,5.0,,True
LA2338,KANSAS JAYHAWKS ADIZERO EVO SL EXO Shoes,Performance,https://www.adidas.com/us/kansas-jayhawks-adizero-evo-sl-exo-shoes/LA2338.html,ORQ42xx,"['LA2338', 'KZ9920', 'LA1973', 'LA1974', 'LA1975', 'LA1976', 'LA1977', 'LA1978', 'LA1980', 'LA1981', 'LA1984', 'LA1985', 'LA2339', 'LA2340']","https://assets.adidas.com/images/w_383,h_383,f_auto,q_auto,fl_lossy,c_fill,g_auto/88a0e8a29858472c8a32c535b94dc63c_9366/KANSAS_JAYHAWKS_ADIZERO_EVO_SL_EXO_Shoes_White_LA2338_00_plp_standard.jpg","{'prices': [{'type': 'original', 'value': 160, 'valueNoVat': 160}], 'isSoldOut': False}",31,4.871,,True
KI2093,ADISTAR CONTROL 5 SHOES,Originals,https://www.adidas.com/us/adistar-control-5-shoes/KI2093.html,ORU51,"['KI2093', 'KH9562', 'KI2092', 'KI2096', 'KI2097', 'KI4472', 'KI7047', 'KI7049', 'KJ2724', 'KJ2725', 'KJ2726', 'KK3260', 'KZ7537', 'KZ9152']","https://assets.adidas.com/images/w_383,h_383,f_auto,q_auto,fl_lossy,c_fill,g_auto/0c1970ef26194e54a47038f772e86113_9366/ADISTAR_CONTROL_5_SHOES_Black_KI2093_00_plp_standard.jpg","{'prices': [{'type': 'original', 'value': 120, 'valueNoVat': 120}], 'isSoldOut': False}",17,5.0,,True
JR1229,Barreda Decode Shoes,Sportswear,https://www.adidas.com/us/barreda-decode-shoes/JR1229.html,OPS66,"['JR1229', 'IH1453', 'IH1454', 'IH1455', 'JR1227', 'JR1230', 'JR1231', 'JR1233', 'JS0936', 'KJ6845', 'KJ9087', 'KJ9195', 'KJ9197', 'KJ9200', 'KK4718']","https://assets.adidas.com/images/w_383,h_383,f_auto,q_auto,fl_lossy,c_fill,g_auto/b096dfd604364d4a83fbe06d7b7b11b5_9366/Barreda_Decode_Shoes_Black_JR1229_HM1.jpg","{'prices': [{'type': 'original', 'value': 90, 'valueNoVat': 90}], 'isSoldOut': False}",102,4.6569,True,True
KH5603,Adizero Boston 13 Shoes,Men Performance,https://www.adidas.com/us/adizero-boston-13-shoes/KH5603.html,OSN09,"['KH5603', 'JP9251', 'KI3150', 'KK4992']","https://assets.adidas.com/images/w_383,h_383,f_auto,q_auto,fl_lossy,c_fill,g_auto/dcf03d6728cc47548c76b3f8ef6eb366_9366/Adizero_Boston_13_Shoes_Black_KH5603_HM1.jpg","{'prices': [{'type': 'original', 'value': 160, 'valueNoVat': 160}], 'isSoldOut': False}",9,4.6667,,True
JI1282,SL 72 RS Shoes,Originals,https://www.adidas.com/us/sl-72-rs-shoes/JI1282.html,OOK73,"['JI1282', 'IG2132', 'JI1281']","https://assets.adidas.com/images/w_383,h_383,f_auto,q_auto,fl_lossy,c_fill,g_auto/f22bf89b7a584af59063317889150e51_9366/SL_72_RS_Shoes_Black_JI1282_00_plp_standard.jpg","{'prices': [{'type': 'sale', 'value': 60, 'valueNoVat': 60}, {'type': 'original', 'value': 100, 'valueNoVat': 100, 'discountPercentage': -40}], 'isSoldOut': False}",2107,4.6963,True,True
KI7726,CAMPUS ADV Shoes,Originals,https://www.adidas.com/us/campus-adv-shoes/KI7726.html,BAW75,"['KI7726', 'B22716', 'HQ9416', 'JP8542', 'KI7727', 'KJ5115']","https://assets.adidas.com/images/w_383,h_383,f_auto,q_auto,fl_lossy,c_fill,g_auto/90482dffb3ef4658a6b16615a1a0bd58_9366/CAMPUS_ADV_Shoes_Burgundy_KI7726_00_plp_standard.jpg","{'prices': [{'type': 'original', 'value': 100, 'valueNoVat': 100}], 'isSoldOut': False}",379,4.6175,,True
KI6821,SPIRITAIN 2000 Shoes,Sportswear,https://www.adidas.com/us/spiritain-2000-shoes/KI6821.html,OPY74,"['KI6821', 'KI3019', 'KI3020', 'KI4378', 'KI4382', 'KI4440', 'KI4441', 'KI4445', 'KI6822', 'KI6823', 'KI8103', 'KI8104', 'KI8141', 'LA1812']","https://assets.adidas.com/images/w_383,h_383,f_auto,q_auto,fl_lossy,c_fill,g_auto/0aabbefc162c477894582dbf6dc1eb1f_9366/SPIRITAIN_2000_Shoes_White_KI6821_00_plp_standard.jpg","{'prices': [{'type': 'original', 'value': 90, 'valueNoVat': 90}], 'isSoldOut': False}",188,4.766,True,True
KI7049,ADISTAR CONTROL 5 SHOES,Originals,https://www.adidas.com/us/adistar-control-5-shoes/KI7049.html,ORU51,"['KI7049', 'KH9562', 'KI2092', 'KI2093', 'KI2096', 'KI2097', 'KI4472', 'KI7047', 'KJ2724', 'KJ2725', 'KJ2726', 'KK3260', 'KZ7537', 'KZ9152']","https://assets.adidas.com/images/w_383,h_383,f_auto,q_auto,fl_lossy,c_fill,g_auto/afc9e0d3d44c49778cfd851ff49ee77d_9366/ADISTAR_CONTROL_5_SHOES_White_KI7049_00_plp_standard.jpg","{'prices': [{'type': 'original', 'value': 120, 'valueNoVat': 120}], 'isSoldOut': False}",17,5.0,,True
JR9576,Court Flight Indoor Shoes,Men Performance,https://www.adidas.com/us/court-flight-indoor-shoes/JR9576.html,ONA70,[],"https://assets.adidas.com/images/w_383,h_383,f_auto,q_auto,fl_lossy,c_fill,g_auto/3ce49a9014644ffbadf1c6aec6abfc17_9366/Court_Flight_Indoor_Shoes_White_JR9576_00_plp_standard.jpg","{'prices': [{'type': 'original', 'value': 75, 'valueNoVat': 75}], 'isSoldOut': False}",-99,,,True
KH6673,Purechill,Sportswear,https://www.adidas.com/us/purechill/KH6673.html,OSF28,"['KH6673', 'KH6421', 'KH6422', 'KH6423', 'KH6424', 'KH6425', 'KH6427', 'KH6696', 'KH6698', 'KI0065', 'KI0066', 'KI0067', 'KI0073', 'KI0074', 'KI0075']","https://assets.adidas.com/images/w_383,h_383,f_auto,q_auto,fl_lossy,c_fill,g_auto/0081addf096f423c92c9420fba6e2304_9366/Purechill_Yellow_KH6673_00_plp_standard.jpg","{'prices': [{'type': 'sale', 'value': 38, 'valueNoVat': 38}, {'type': 'original', 'value': 75, 'valueNoVat': 75, 'discountPercentage': -45}], 'isSoldOut': False}",1245,4.6274,,True
IH9661,GAZELLE INDOOR SHOES,Originals,https://www.adidas.com/us/gazelle-indoor-shoes/IH9661.html,GAZU1223,"['IH9661', 'IH9640', 'IH9641', 'IH9650', 'IH9651', 'IH9654', 'IH9659', 'IH9660', 'IH9665', 'IH9666', 'IH9675', 'IH9679', 'IH9680', 'JI2060', 'JI2061', 'JI2062', 'JI2063']","https://assets.adidas.com/images/w_383,h_383,f_auto,q_auto,fl_lossy,c_fill,g_auto/80a4b81d780644db99264a943f7e0c91_9366/GAZELLE_INDOOR_SHOES_Brown_IH9661_00_plp_standard.jpg","{'prices': [{'type': 'sale', 'value': 65, 'valueNoVat': 65}, {'type': 'original', 'value': 130, 'valueNoVat': 130, 'discountPercentage': -50}], 'isSoldOut': False}",947,4.8058,True,True
KK3438,JAPAN SHOES,Originals,https://www.adidas.com/us/japan-shoes/KK3438.html,JAPANU1223,"['KK3438', 'KK3439']","https://assets.adidas.com/images/w_383,h_383,f_auto,q_auto,fl_lossy,c_fill,g_auto/c54386cc7b884ffb86976d6822379070_9366/JAPAN_SHOES_Black_KK3438_00_plp_standard.jpg","{'prices': [{'type': 'sale', 'value': 91, 'valueNoVat': 91}, {'type': 'original', 'value': 130, 'valueNoVat': 130, 'discountPercentage': -30}], 'isSoldOut': False}",158,4.7912,True,True
KI9544,Y-3 ADIOS 9 sneakers,Men Y-3,https://www.adidas.com/us/y-3-adios-9-sneakers/KI9544.html,OSL56,"['KI9544', 'KI6877', 'KI6878', 'KI7789', 'KZ9050']","https://assets.adidas.com/images/w_383,h_383,f_auto,q_auto,fl_lossy,c_fill,g_auto/f8e8cea8c6c94b81bf487a63211bc9fa_9366/Y-3_ADIOS_9_sneakers_Black_KI9544_00_plp_standard.jpg","{'prices': [{'type': 'original', 'value': 280, 'valueNoVat': 280}], 'isSoldOut': False}",23,4.4348,,True
KJ9997,SAMBA OG SHOES,Originals,https://www.adidas.com/us/samba-og-shoes/KJ9997.html,SAMBAU2312,"['KJ9997', 'B75806', 'B75807', 'HP3551', 'HQ4950', 'HQ4951', 'ID1481', 'IE3438', 'IH4388', 'IH4389', 'IH6813', 'IH6815', 'IH6816', 'IH6827', 'IH6828', 'IH6829', 'JR0882', 'JR0910', 'JR0911', 'JS3832', 'KJ2382', 'KJ2788', 'KJ9995', 'KK2266', 'KK2267', 'KK2268', 'KK2272', 'KK2273', 'KK2274', 'KK2277', 'KK2278', 'KK2279', 'KK2280', 'KK2329', 'KK2330', 'KK2331', 'KK2332', 'KK2333', 'KK3271', 'KK3273', 'KK3274', 'KK3275', 'KZ6720', 'LA3984']","https://assets.adidas.com/images/w_383,h_383,f_auto,q_auto,fl_lossy,c_fill,g_auto/e63165f3c4e4499a99726016cc8293ea_9366/SAMBA_OG_SHOES_Black_KJ9997_00_plp_standard.jpg","{'prices': [{'type': 'original', 'value': 110, 'valueNoVat': 110}], 'isSoldOut': False}",3269,4.8107,,True
JS0313,Ultradream DNA Shoes,Men Sportswear,https://www.adidas.com/us/ultradream-dna-shoes/JS0313.html,NNP96,[],"https://assets.adidas.com/images/w_383,h_383,f_auto,q_auto,fl_lossy,c_fill,g_auto/402f48054f994377bdb02ed2b3e6bf78_9366/Ultradream_DNA_Shoes_Black_JS0313_00_plp_standard.jpg","{'prices': [{'type': 'sale', 'value': 45, 'valueNoVat': 45}, {'type': 'original', 'value': 90, 'valueNoVat': 90, 'discountPercentage': -50}], 'isSoldOut': False}",471,4.6731,,True
IE6329,Lite Racer Adapt 7.0 Shoes,Men Sportswear,https://www.adidas.com/us/lite-racer-adapt-7.0-shoes/IE6329.html,NLD99,"['IE6329', 'IE6327', 'IE6330', 'JS0022']","https://assets.adidas.com/images/w_383,h_383,f_auto,q_auto,fl_lossy,c_fill,g_auto/60b6b07b7c274a5b84498732425509fd_9366/Lite_Racer_Adapt_7.0_Shoes_Black_IE6329_00_plp_standard.jpg","{'prices': [{'type': 'original', 'value': 70, 'valueNoVat': 70}], 'isSoldOut': False}",3344,4.5805,,True
KI7772,TYSHAWN II Shoes,Originals,https://www.adidas.com/us/tyshawn-ii-shoes/KI7772.html,OQU12,"['KI7772', 'HQ4730', 'HQ4733', 'HQ4735', 'JQ1132', 'KK2980', 'KK2981', 'KK2982']","https://assets.adidas.com/images/w_383,h_383,f_auto,q_auto,fl_lossy,c_fill,g_auto/cc3a70cd335444baac48778e66dcb5f8_9366/TYSHAWN_II_Shoes_Green_KI7772_00_plp_standard.jpg","{'prices': [{'type': 'original', 'value': 100, 'valueNoVat': 100}], 'isSoldOut': False}",80,4.7375,,True
KI7862,ADIZERO EVO SL MERCEDES AMG PETRONAS F1 TEAM SHOES,Men Performance,https://www.adidas.com/us/adizero-evo-sl-mercedes-amg-petronas-f1-team-shoes/KI7862.html,OPW43,[],"https://assets.adidas.com/images/w_383,h_383,f_auto,q_auto,fl_lossy,c_fill,g_auto/e10de47dfbe94e749e7c30836628d4a6_9366/ADIZERO_EVO_SL_MERCEDES_AMG_PETRONAS_F1_TEAM_SHOES_Blue_KI7862_HM1.jpg","{'prices': [{'type': 'original', 'value': 160, 'valueNoVat': 160}], 'isSoldOut': False}",-99,,,True
JI4949,Lite Racer 4.0 Shoes,Men Sportswear,https://www.adidas.com/us/lite-racer-4.0-shoes/JI4949.html,NLD67,"['JI4949', 'JR8543', 'JR8547']","https://assets.adidas.com/images/w_383,h_383,f_auto,q_auto,fl_lossy,c_fill,g_auto/e9b80a93a1c74432b82371ee471e1f63_9366/Lite_Racer_4.0_Shoes_White_JI4949_00_plp_standard.jpg","{'prices': [{'type': 'sale', 'value': 39, 'valueNoVat': 39}, {'type': 'original', 'value': 55, 'valueNoVat': 55, 'discountPercentage': -25}], 'isSoldOut': False}",1145,4.7337,,True
KJ7386,BARREDA MUNDIAL Shoes,Men Sportswear,https://www.adidas.com/us/barreda-mundial-shoes/KJ7386.html,OSM34,"['KJ7386', 'HQ2351', 'JR4614', 'KJ7387']","https://assets.adidas.com/images/w_383,h_383,f_auto,q_auto,fl_lossy,c_fill,g_auto/d066ca66f4e147909219ce25b189b776_9366/BARREDA_MUNDIAL_Shoes_Green_KJ7386_00_plp_standard.jpg","{'prices': [{'type': 'sale', 'value': 54, 'valueNoVat': 54}, {'type': 'original', 'value': 90, 'valueNoVat': 90, 'discountPercentage': -40}], 'isSoldOut': False}",97,4.8248,True,True
S75104,Stan Smith Shoes,Originals,https://www.adidas.com/us/stan-smith-shoes/S75104.html,ION05,"['S75104', 'M20324', 'M20325', 'M20327']","https://assets.adidas.com/images/w_383,h_383,f_auto,q_auto,fl_lossy,c_fill,g_auto/91df490af76c45a0a345a55d013fa287_9366/Stan_Smith_Shoes_White_S75104_00_plp_standard.jpg","{'prices': [{'type': 'original', 'value': 100, 'valueNoVat': 100}], 'isSoldOut': False}",17202,4.7016,,True
IH9651,GAZELLE INDOOR SHOES,Originals,https://www.adidas.com/us/gazelle-indoor-shoes/IH9651.html,GAZU1223,"['IH9651', 'IH9640', 'IH9641', 'IH9650', 'IH9654', 'IH9659', 'IH9660', 'IH9661', 'IH9665', 'IH9666', 'IH9675', 'IH9679', 'IH9680', 'JI2060', 'JI2061', 'JI2062', 'JI2063']","https://assets.adidas.com/images/w_383,h_383,f_auto,q_auto,fl_lossy,c_fill,g_auto/25dcea63f90541c494627f821e27a5e5_9366/GAZELLE_INDOOR_SHOES_Green_IH9651_00_plp_standard.jpg","{'prices': [{'type': 'sale', 'value': 65, 'valueNoVat': 65}, {'type': 'original', 'value': 130, 'valueNoVat': 130, 'discountPercentage': -50}], 'isSoldOut': False}",947,4.8058,True,True
KI7894,Y-3 TOKYO Sneakers,Y-3,https://www.adidas.com/us/y-3-tokyo-sneakers/KI7894.html,OPW53,"['KI7894', 'KI4349', 'KI4350', 'KI7890', 'KI7892']","https://assets.adidas.com/images/w_383,h_383,f_auto,q_auto,fl_lossy,c_fill,g_auto/3b8a0a8d300f4bda9088a92e1a041f11_9366/Y-3_TOKYO_Sneakers_Beige_KI7894_00_plp_standard.jpg","{'prices': [{'type': 'original', 'value': 300, 'valueNoVat': 300}], 'isSoldOut': False}",26,4.9231,,True
JQ4346,SUPERNOVA RISE 3 ADAPTIVE RUNNING SHOES,Men Performance,https://www.adidas.com/us/supernova-rise-3-adaptive-running-shoes/JQ4346.html,OMV75,"['JQ4346', 'JQ4347', 'JQ4348', 'KJ5596']","https://assets.adidas.com/images/w_383,h_383,f_auto,q_auto,fl_lossy,c_fill,g_auto/d68b67acd0484858909d0f8c6391c255_9366/SUPERNOVA_RISE_3_ADAPTIVE_RUNNING_SHOES_Black_JQ4346_00_plp_standard.jpg","{'prices': [{'type': 'original', 'value': 140, 'valueNoVat': 140}], 'isSoldOut': False}",43,4.5117,True,True
KK2087,HB Spezial Pro Handball Shoes,Men Performance,https://www.adidas.com/us/hb-spezial-pro-handball-shoes/KK2087.html,LGN87,[],"https://assets.adidas.com/images/w_383,h_383,f_auto,q_auto,fl_lossy,c_fill,g_auto/3e2468c4e17f43d388eda886fc6506fe_9366/HB_Spezial_Pro_Handball_Shoes_White_KK2087_00_plp_standard.jpg","{'prices': [{'type': 'original', 'value': 120, 'valueNoVat': 120}], 'isSoldOut': False}",8,4.875,,True
KI8687,HANDBALL SPEZIAL SHOES,Originals,https://www.adidas.com/us/handball-spezial-shoes/KI8687.html,BTP23,"['KI8687', 'BD7632', 'BD7633', 'DB3021', 'IF7086', 'IF7087', 'IG6191', 'IG6192', 'IH6506', 'IH6507', 'IH6508', 'IH6568', 'IH6569', 'IH6586', 'IH6588', 'IH6592', 'IH6594', 'IH6597', 'IH6598', 'IH6617', 'IH6618', 'IH9668', 'IH9672', 'IH9760', 'KH9051', 'KI8580', 'KI8685', 'KI8686', 'KJ2399', 'KJ2401', 'KJ7413', 'KJ7414', 'KJ7415', 'KJ9876', 'KJ9883', 'KJ9884', 'KJ9956', 'KJ9957', 'KJ9958', 'KJ9962', 'KJ9963', 'KJ9964', 'KJ9968', 'KJ9969', 'KJ9974', 'KJ9975', 'KK1153', 'KK2692', 'KK2693', 'KK2694', 'KK4232', 'KK4242', 'KK4860', 'KK4867', 'KZ6702', 'KZ6703', 'KZ6704', 'KZ6705', 'KZ6706', 'KZ6707', 'KZ6712']","https://assets.adidas.com/images/w_383,h_383,f_auto,q_auto,fl_lossy,c_fill,g_auto/a74e9b22e71941ea8f10dc0265be965b_9366/HANDBALL_SPEZIAL_SHOES_Grey_KI8687_00_plp_standard.jpg","{'prices': [{'type': 'sale', 'value': 78, 'valueNoVat': 78}, {'type': 'original', 'value': 130, 'valueNoVat': 130, 'discountPercentage': -40}], 'isSoldOut': False}",9789,4.8179,True,True
JR3980,Terrex Skychaser AX5 Mid GORE-TEX Hiking Shoes,Men TERREX,https://www.adidas.com/us/terrex-skychaser-ax5-mid-gore-tex-hiking-shoes/JR3980.html,NMQ36,"['JR3980', 'JH7804', 'JQ2207']","https://assets.adidas.com/images/w_383,h_383,f_auto,q_auto,fl_lossy,c_fill,g_auto/47fb965669d14a9382cc1b7c482902e1_9366/Terrex_Skychaser_AX5_Mid_GORE-TEX_Hiking_Shoes_Green_JR3980_HM1.jpg","{'prices': [{'type': 'original', 'value': 140, 'valueNoVat': 140}], 'isSoldOut': False}",207,4.6426,,True
IG1817,Samoa Shoes,Men Originals,https://www.adidas.com/us/samoa-shoes/IG1817.html,019351L,"['IG1817', 'JQ0045', 'JQ0048']","https://assets.adidas.com/images/w_383,h_383,f_auto,q_auto,fl_lossy,c_fill,g_auto/e68dc8e271194059bccffb2cbbae9269_9366/Samoa_Shoes_Black_IG1817_00_plp_standard.jpg","{'prices': [{'type': 'original', 'value': 80, 'valueNoVat': 80}], 'isSoldOut': False}",514,4.751,,True
KK1503,JABBAR LO SHOES,Originals,https://www.adidas.com/us/jabbar-lo-shoes/KK1503.html,OOA16,"['KK1503', 'KK1502']","https://assets.adidas.com/images/w_383,h_383,f_auto,q_auto,fl_lossy,c_fill,g_auto/beffccf97e4046bd93c3b3efdcd55b71_9366/JABBAR_LO_SHOES_White_KK1503_00_plp_standard.jpg","{'prices': [{'type': 'original', 'value': 110, 'valueNoVat': 110}], 'isSoldOut': False}",-99,,,True
KJ0248,BUSENITZ VULC II Shoes,Men Originals,https://www.adidas.com/us/busenitz-vulc-ii-shoes/KJ0248.html,GMN51,"['KJ0248', 'EF8472', 'HQ4711', 'HQ7528', 'HQ7530', 'KJ0245', 'KJ0247', 'KJ0249', 'KJ0251', 'KJ0252', 'KJ3476']","https://assets.adidas.com/images/w_383,h_383,f_auto,q_auto,fl_lossy,c_fill,g_auto/1bc5b1e13823419fb9e753a37f787f89_9366/BUSENITZ_VULC_II_Shoes_Green_KJ0248_00_plp_standard.jpg","{'prices': [{'type': 'original', 'value': 75, 'valueNoVat': 75}], 'isSoldOut': False}",2130,4.6789,True,True
IF9211,Adizero Boston 12 Shoes,Men Performance,https://www.adidas.com/us/adizero-boston-12-shoes/IF9211.html,OOH93,[],"https://assets.adidas.com/images/w_383,h_383,f_auto,q_auto,fl_lossy,c_fill,g_auto/fcb3638c2dc54675b45244447918db99_9366/Adizero_Boston_12_Shoes_Blue_IF9211_HM1.jpg","{'prices': [{'type': 'sale', 'value': 112, 'valueNoVat': 112}, {'type': 'original', 'value': 160, 'valueNoVat': 160, 'discountPercentage': -30}], 'isSoldOut': False}",198,4.6566,,True
KI9227,SUPERNOVA RISE 3 RUNNING SHOES,Men Performance,https://www.adidas.com/us/supernova-rise-3-running-shoes/KI9227.html,ONQ65,"['KI9227', 'JQ8502', 'JQ9668', 'KJ7083', 'KK1921']","https://assets.adidas.com/images/w_383,h_383,f_auto,q_auto,fl_lossy,c_fill,g_auto/90b4e672a5f54991a43a2a3cf32645a4_9366/SUPERNOVA_RISE_3_RUNNING_SHOES_Green_KI9227_HM1.jpg","{'prices': [{'type': 'original', 'value': 140, 'valueNoVat': 140}], 'isSoldOut': False}",170,4.6413,,True
KJ5077,LITE RACER ADAPT 8.0 WIDE SHOES,Men Sportswear,https://www.adidas.com/us/lite-racer-adapt-8.0-wide-shoes/KJ5077.html,OSK82,"['KJ5077', 'KJ5076', 'KJ5078', 'KJ5079']","https://assets.adidas.com/images/w_383,h_383,f_auto,q_auto,fl_lossy,c_fill,g_auto/93a9c2a4b8834b7a92a7cc2080f2a1b7_9366/LITE_RACER_ADAPT_8.0_WIDE_SHOES_White_KJ5077_HM1.jpg","{'prices': [{'type': 'original', 'value': 70, 'valueNoVat': 70}], 'isSoldOut': False}",35,4.8858,True,True
IG7328,Racer TR23 Shoes,Men Sportswear,https://www.adidas.com/us/racer-tr23-shoes/IG7328.html,LYS50,[],"https://assets.adidas.com/images/w_383,h_383,f_auto,q_auto,fl_lossy,c_fill,g_auto/f3af1af69a5542aa9b2b76d620505895_9366/Racer_TR23_Shoes_Grey_IG7328_00_plp_standard.jpg","{'prices': [{'type': 'sale', 'value': 48, 'valueNoVat': 48}, {'type': 'original', 'value': 80, 'valueNoVat': 80, 'discountPercentage': -40}], 'isSoldOut': False}",1239,4.6635,,True
KI4472,ADISTAR CONTROL 5 SHOES,Originals,https://www.adidas.com/us/adistar-control-5-shoes/KI4472.html,ORU51,"['KI4472', 'KH9562', 'KI2092', 'KI2093', 'KI2096', 'KI2097', 'KI7047', 'KI7049', 'KJ2724', 'KJ2725', 'KJ2726', 'KK3260', 'KZ7537', 'KZ9152']","https://assets.adidas.com/images/w_383,h_383,f_auto,q_auto,fl_lossy,c_fill,g_auto/b846f56109db4750960e21866b94744c_9366/ADISTAR_CONTROL_5_SHOES_Grey_KI4472_00_plp_standard.jpg","{'prices': [{'type': 'original', 'value': 120, 'valueNoVat': 120}], 'isSoldOut': False}",17,5.0,,True
HQ9343,Megaride F50 Shoes,Originals,https://www.adidas.com/us/megaride-f50-shoes/HQ9343.html,ONV26,"['HQ9343', 'JR4632', 'KI4740', 'KI4741', 'KJ4419']","https://assets.adidas.com/images/w_383,h_383,f_auto,q_auto,fl_lossy,c_fill,g_auto/9ba7aacc759b46c69a189779644ae2e6_9366/Megaride_F50_Shoes_Black_HQ9343_00_plp_standard.jpg","{'prices': [{'type': 'original', 'value': 180, 'valueNoVat': 180}], 'isSoldOut': False}",63,4.5556,,True
KJ5045,GLENBURN Shoes,Originals,https://www.adidas.com/us/glenburn-shoes/KJ5045.html,OSE79,"['KJ5045', 'HP3514', 'KJ5040', 'KJ5041', 'KJ5042', 'KJ5046', 'KJ5048', 'KJ5049', 'KJ5052']","https://assets.adidas.com/images/w_383,h_383,f_auto,q_auto,fl_lossy,c_fill,g_auto/549405572fc0483497d96eff707ba6c1_9366/GLENBURN_Shoes_Black_KJ5045_00_plp_standard.jpg","{'prices': [{'type': 'original', 'value': 75, 'valueNoVat': 75}], 'isSoldOut': False}",311,4.8296,True,True
JQ4427,JABBAR LO Shoe,Originals,https://www.adidas.com/us/jabbar-lo-shoe/JQ4427.html,NLL54,"['JQ4427', 'JP6499', 'JP6501', 'JQ9595', 'JR4354', 'JS2160', 'JS5021', 'JS5023', 'KI8523']","https://assets.adidas.com/images/w_383,h_383,f_auto,q_auto,fl_lossy,c_fill,g_auto/de457ff3146e4e6e86cb6558954f2892_9366/JABBAR_LO_Shoe_Black_JQ4427_00_plp_standard.jpg","{'prices': [{'type': 'original', 'value': 90, 'valueNoVat': 90}], 'isSoldOut': False}",428,4.8085,True,True
IH2804,Terrex Skychaser Mid GORE-TEX Hiking Shoes,Men TERREX,https://www.adidas.com/us/terrex-skychaser-mid-gore-tex-hiking-shoes/IH2804.html,NJZ28,"['IH2804', 'IH1091']","https://assets.adidas.com/images/w_383,h_383,f_auto,q_auto,fl_lossy,c_fill,g_auto/3f21be04ddad4589b0f1253b24a85746_9366/Terrex_Skychaser_Mid_GORE-TEX_Hiking_Shoes_Green_IH2804_HM1.jpg","{'prices': [{'type': 'original', 'value': 180, 'valueNoVat': 180}], 'isSoldOut': False}",158,4.5254,,True
IE6327,Lite Racer Adapt 7.0 Shoes,Men Sportswear,https://www.adidas.com/us/lite-racer-adapt-7.0-shoes/IE6327.html,NLD99,"['IE6327', 'IE6329', 'IE6330', 'JS0022']","https://assets.adidas.com/images/w_383,h_383,f_auto,q_auto,fl_lossy,c_fill,g_auto/6b80abcd6a1f4c50a0dfdbf6178931db_9366/Lite_Racer_Adapt_7.0_Shoes_Black_IE6327_00_plp_standard.jpg","{'prices': [{'type': 'original', 'value': 70, 'valueNoVat': 70}], 'isSoldOut': False}",3344,4.5805,True,True
LA1984,INDIANA HOOSIERS ADIZERO EVO SL EXO,Performance,https://www.adidas.com/us/indiana-hoosiers-adizero-evo-sl-exo/LA1984.html,ORQ42xx,"['LA1984', 'KZ9920', 'LA1973', 'LA1974', 'LA1975', 'LA1976', 'LA1977', 'LA1978', 'LA1980', 'LA1981', 'LA1985', 'LA2338', 'LA2339', 'LA2340']","https://assets.adidas.com/images/w_383,h_383,f_auto,q_auto,fl_lossy,c_fill,g_auto/91f0942da34844d19bc04c216c63eeb2_9366/INDIANA_HOOSIERS_ADIZERO_EVO_SL_EXO_White_LA1984_00_plp_standard.jpg","{'prices': [{'type': 'original', 'value': 160, 'valueNoVat': 160}], 'isSoldOut': False}",31,4.871,,True
KI2096,ADISTAR CONTROL 5 SHOES,Originals,https://www.adidas.com/us/adistar-control-5-shoes/KI2096.html,ORU51,"['KI2096', 'KH9562', 'KI2092', 'KI2093', 'KI2097', 'KI4472', 'KI7047', 'KI7049', 'KJ2724', 'KJ2725', 'KJ2726', 'KK3260', 'KZ7537', 'KZ9152']","https://assets.adidas.com/images/w_383,h_383,f_auto,q_auto,fl_lossy,c_fill,g_auto/acdd1040d4b64325b7806f4ccd5f7235_9366/ADISTAR_CONTROL_5_SHOES_White_KI2096_00_plp_standard.jpg","{'prices': [{'type': 'original', 'value': 120, 'valueNoVat': 120}], 'isSoldOut': False}",17,5.0,True,True
KJ0200,NORA Shoes,Originals,https://www.adidas.com/us/nora-shoes/KJ0200.html,OSQ16,"['KJ0200', 'HQ7535', 'HQ7537', 'HQ7540', 'JP8586', 'KI7699', 'KI7700', 'KI7701', 'KJ0198', 'KJ0199']","https://assets.adidas.com/images/w_383,h_383,f_auto,q_auto,fl_lossy,c_fill,g_auto/e1316d26cd074e73b4a3a64ce4b575ad_9366/NORA_Shoes_Grey_KJ0200_00_plp_standard.jpg","{'prices': [{'type': 'original', 'value': 80, 'valueNoVat': 80}], 'isSoldOut': False}",138,4.6812,True,True
KH9321,Y-3 NISI LO,Y-3,https://www.adidas.com/us/y-3-nisi-lo/KH9321.html,OQP70,"['KH9321', 'KI2666', 'KI2667']","https://assets.adidas.com/images/w_383,h_383,f_auto,q_auto,fl_lossy,c_fill,g_auto/da9e23fef31b48d7a6a9ea37a423887b_9366/Y-3_NISI_LO_Black_KH9321_00_plp_standard.jpg","{'prices': [{'type': 'original', 'value': 180, 'valueNoVat': 180}], 'isSoldOut': False}",2,5.0,,True
JQ9497,ANTHONY EDWARDS 2 Shoes,Performance,https://www.adidas.com/us/anthony-edwards-2-shoes/JQ9497.html,OQN77,"['JQ9497', 'JQ9493', 'JQ9495', 'JQ9501', 'JQ9503', 'JR1572', 'JR4359', 'JS3508', 'JS3514', 'KJ1887', 'KJ2363', 'KJ4228', 'KK0645', 'KK1390']","https://assets.adidas.com/images/w_383,h_383,f_auto,q_auto,fl_lossy,c_fill,g_auto/d1db4b6d0be14439b17baa31a7a5f51a_9366/ANTHONY_EDWARDS_2_Shoes_Silver_JQ9497_00_plp_standard.jpg","{'prices': [{'type': 'original', 'value': 130, 'valueNoVat': 130}], 'isSoldOut': False}",556,4.7482,True,False
KI9288,DON ISSUE 8 Shoes,Performance,https://www.adidas.com/us/don-issue-8-shoes/KI9288.html,ORZ64,"['KI9288', 'KI9286', 'KI9287']","https://assets.adidas.com/images/w_383,h_383,f_auto,q_auto,fl_lossy,c_fill,g_auto/eb5c2b2ceef44215a608b55294353964_9366/DON_ISSUE_8_Shoes_Black_KI9288_00_plp_standard.jpg","{'prices': [{'type': 'original', 'value': 120, 'valueNoVat': 120}], 'isSoldOut': False}",38,4.8158,True,True
KJ5042,GLENBURN Shoes,Originals,https://www.adidas.com/us/glenburn-shoes/KJ5042.html,OSE79,"['KJ5042', 'HP3514', 'KJ5040', 'KJ5041', 'KJ5045', 'KJ5046', 'KJ5048', 'KJ5049', 'KJ5052']","https://assets.adidas.com/images/w_383,h_383,f_auto,q_auto,fl_lossy,c_fill,g_auto/f8b1d29efb924d7e93eafe2c48146f18_9366/GLENBURN_Shoes_Grey_KJ5042_00_plp_standard.jpg","{'prices': [{'type': 'original', 'value': 75, 'valueNoVat': 75}], 'isSoldOut': False}",311,4.8296,True,True
KI2668,Y-3 NISI HI,Y-3,https://www.adidas.com/us/y-3-nisi-hi/KI2668.html,OTN32,"['KI2668', 'KI2669', 'KI2670']","https://assets.adidas.com/images/w_383,h_383,f_auto,q_auto,fl_lossy,c_fill,g_auto/0178c423f6de49aa8bed3536e1e1d6dc_9366/Y-3_NISI_HI_Black_KI2668_00_plp_standard.jpg","{'prices': [{'type': 'original', 'value': 200, 'valueNoVat': 200}], 'isSoldOut': False}",-99,,,True
KJ0452,BELIEVE THAT 1 Shoes,Performance,https://www.adidas.com/us/believe-that-1-shoes/KJ0452.html,OMY47,"['KJ0452', 'JQ9475', 'JQ9478', 'KJ3146', 'KJ3147']","https://assets.adidas.com/images/w_383,h_383,f_auto,q_auto,fl_lossy,c_fill,g_auto/06861cb852ac40cbbd85d00973ffd456_9366/BELIEVE_THAT_1_Shoes_Pink_KJ0452_00_plp_standard.jpg","{'prices': [{'type': 'original', 'value': 100, 'valueNoVat': 100}], 'isSoldOut': False}",134,4.7538,True,True
KK2802,BW ARMY SHOES,Originals,https://www.adidas.com/us/bw-army-shoes/KK2802.html,ORU97,"['KK2802', 'HQ9264', 'HQ9265', 'KH8484', 'KK2711', 'KK2713', 'KK2801', 'KK5026', 'KK5028', 'LA3396', 'LB5654']","https://assets.adidas.com/images/w_383,h_383,f_auto,q_auto,fl_lossy,c_fill,g_auto/d7757a86d05e4bc5977df940e60919c6_9366/BW_ARMY_SHOES_Black_KK2802_00_plp_standard.jpg","{'prices': [{'type': 'original', 'value': 120, 'valueNoVat': 120}], 'isSoldOut': False}",195,4.7282,,True
KI8769,Box Hog 4 Shoes,Performance,https://www.adidas.com/us/box-hog-4-shoes/KI8769.html,LIQ22,"['KI8769', 'JR5382', 'JS4684', 'KI8768']","https://assets.adidas.com/images/w_383,h_383,f_auto,q_auto,fl_lossy,c_fill,g_auto/820acb97df294345b896536457e75260_9366/Box_Hog_4_Shoes_Pink_KI8769_00_plp_standard.jpg","{'prices': [{'type': 'sale', 'value': 91, 'valueNoVat': 91}, {'type': 'original', 'value': 130, 'valueNoVat': 130, 'discountPercentage': -30}], 'isSoldOut': False}",403,4.5732,,True
JQ5953,SUPERNOVA RISE 3 WIDE RUNNING SHOES,Men Performance,https://www.adidas.com/us/supernova-rise-3-wide-running-shoes/JQ5953.html,OMV76,[],"https://assets.adidas.com/images/w_383,h_383,f_auto,q_auto,fl_lossy,c_fill,g_auto/0f8bd8376c1247dcb739677e01ef92d5_9366/SUPERNOVA_RISE_3_WIDE_RUNNING_SHOES_Black_JQ5953_00_plp_standard.jpg","{'prices': [{'type': 'original', 'value': 140, 'valueNoVat': 140}], 'isSoldOut': False}",18,4.7778,True,True
KJ9964,HANDBALL SPEZIAL SHOES,Men Originals,https://www.adidas.com/us/handball-spezial-shoes/KJ9964.html,BTP23,"['KJ9964', 'BD7632', 'BD7633', 'DB3021', 'IF7086', 'IF7087', 'IG6191', 'IG6192', 'IH6506', 'IH6507', 'IH6508', 'IH6568', 'IH6569', 'IH6586', 'IH6588', 'IH6592', 'IH6594', 'IH6597', 'IH6598', 'IH6617', 'IH6618', 'IH9668', 'IH9672', 'IH9760', 'KH9051', 'KI8580', 'KI8685', 'KI8686', 'KI8687', 'KJ2399', 'KJ2401', 'KJ7413', 'KJ7414', 'KJ7415', 'KJ9876', 'KJ9883', 'KJ9884', 'KJ9956', 'KJ9957', 'KJ9958', 'KJ9962', 'KJ9963', 'KJ9968', 'KJ9969', 'KJ9974', 'KJ9975', 'KK1153', 'KK2692', 'KK2693', 'KK2694', 'KK4232', 'KK4242', 'KK4860', 'KK4867', 'KZ6702', 'KZ6703', 'KZ6704', 'KZ6705', 'KZ6706', 'KZ6707', 'KZ6712']","https://assets.adidas.com/images/w_383,h_383,f_auto,q_auto,fl_lossy,c_fill,g_auto/3d09654aa0684c489c48ff062e24705d_9366/HANDBALL_SPEZIAL_SHOES_Green_KJ9964_00_plp_standard.jpg","{'prices': [{'type': 'original', 'value': 120, 'valueNoVat': 120}], 'isSoldOut': False}",9789,4.8179,,True
KI5767,X_PLRPATH WIDE SHOES,Men Sportswear,https://www.adidas.com/us/x_plrpath-wide-shoes/KI5767.html,ONN38,"['KI5767', 'KI5768']","https://assets.adidas.com/images/w_383,h_383,f_auto,q_auto,fl_lossy,c_fill,g_auto/a692b091937a487fa52271f574a63c7d_9366/X_PLRPATH_WIDE_SHOES_Black_KI5767_00_plp_standard.jpg","{'prices': [{'type': 'original', 'value': 65, 'valueNoVat': 65}], 'isSoldOut': False}",4,5.0,True,True
KJ5055,TEKKIRA CUP Shoes,Originals,https://www.adidas.com/us/tekkira-cup-shoes/KJ5055.html,OPO15,"['KJ5055', 'HQ4814', 'HQ5063', 'JQ8906', 'KJ5054', 'KJ5057', 'KJ5059']","https://assets.adidas.com/images/w_383,h_383,f_auto,q_auto,fl_lossy,c_fill,g_auto/d431050c6a78490a80c2abddf69e2e9b_9366/TEKKIRA_CUP_Shoes_Brown_KJ5055_00_plp_standard.jpg","{'prices': [{'type': 'original', 'value': 100, 'valueNoVat': 100}], 'isSoldOut': False}",168,4.7203,,True
KH9337,Y-3 TOKYO WARPED Shoes,Y-3,https://www.adidas.com/us/y-3-tokyo-warped-shoes/KH9337.html,OQP81,"['KH9337', 'KI4613', 'KI7802']","https://assets.adidas.com/images/w_383,h_383,f_auto,q_auto,fl_lossy,c_fill,g_auto/bde80fd684034c208b77751b7f04397e_9366/Y-3_TOKYO_WARPED_Shoes_Black_KH9337_00_plp_standard.jpg","{'prices': [{'type': 'original', 'value': 350, 'valueNoVat': 350}], 'isSoldOut': False}",3,5.0,,True
KI0931,Campus 00s Shoes,Originals,https://www.adidas.com/us/campus-00s-shoes/KI0931.html,CAMPUSU1223,"['KI0931', 'H03471', 'H03472', 'H03474', 'HQ8707', 'HQ8708', 'ID1435', 'IH4093', 'IH6724', 'JQ8356', 'JQ8357', 'JR7287', 'JR8163', 'KI0930', 'KI0932']","https://assets.adidas.com/images/w_383,h_383,f_auto,q_auto,fl_lossy,c_fill,g_auto/dd19a36b818a4efc8cd93baa1772b503_9366/Campus_00s_Shoes_Red_KI0931_00_plp_standard.jpg","{'prices': [{'type': 'sale', 'value': 55, 'valueNoVat': 55}, {'type': 'original', 'value': 110, 'valueNoVat': 110, 'discountPercentage': -50}], 'isSoldOut': False}",1205,4.7859,True,True
KH8048,TERRA MONO LIGHTSTRIKE SHOES,Originals,https://www.adidas.com/us/terra-mono-lightstrike-shoes/KH8048.html,ORM44,[],"https://assets.adidas.com/images/w_383,h_383,f_auto,q_auto,fl_lossy,c_fill,g_auto/c4b59f4fcad447989572cf9552866aba_9366/TERRA_MONO_LIGHTSTRIKE_SHOES_White_KH8048_00_plp_standard.jpg","{'prices': [{'type': 'original', 'value': 160, 'valueNoVat': 160}], 'isSoldOut': False}",4,4.25,,True
KJ0262,SAMBA ADV Shoes,Men Originals,https://www.adidas.com/us/samba-adv-shoes/KJ0262.html,LRW49,"['KJ0262', 'GZ8477', 'HQ5680', 'HQ7541', 'IE3100', 'KI5089', 'KJ0263', 'KJ0264', 'KJ0265']","https://assets.adidas.com/images/w_383,h_383,f_auto,q_auto,fl_lossy,c_fill,g_auto/2fc2d194b128464cb8dc97d9d0a1aac3_9366/SAMBA_ADV_Shoes_Beige_KJ0262_00_plp_standard.jpg","{'prices': [{'type': 'original', 'value': 100, 'valueNoVat': 100}], 'isSoldOut': False}",1128,4.7208,True,True
KZ7327,LIGHTBLAZE EVO SL SHOES,Men Sportswear,https://www.adidas.com/us/lightblaze-evo-sl-shoes/KZ7327.html,ORW07,"['KZ7327', 'KZ7328']","https://assets.adidas.com/images/w_383,h_383,f_auto,q_auto,fl_lossy,c_fill,g_auto/87f8ac3f52184eb8a671ef5d9b700234_9366/LIGHTBLAZE_EVO_SL_SHOES_Brown_KZ7327_00_plp_standard.jpg","{'prices': [{'type': 'original', 'value': 130, 'valueNoVat': 130}], 'isSoldOut': False}",41,4.7561,True,True
KI6716,MEGARIDE AG Shoes,Originals,https://www.adidas.com/us/megaride-ag-shoes/KI6716.html,OSA34,"['KI6716', 'HQ7656', 'HQ7657', 'KI6720', 'KJ3001', 'KK0634']","https://assets.adidas.com/images/w_383,h_383,f_auto,q_auto,fl_lossy,c_fill,g_auto/a66d7e2c8e114331ac89d60b581c81b3_9366/MEGARIDE_AG_Shoes_White_KI6716_00_plp_standard.jpg","{'prices': [{'type': 'original', 'value': 190, 'valueNoVat': 190}], 'isSoldOut': False}",122,4.6804,,True
KI1605,HARDEN VOLUME 10 Shoes,Performance,https://www.adidas.com/us/harden-volume-10-shoes/KI1605.html,OMP59,"['KI1605', 'JQ9422', 'JQ9453', 'JR1598', 'JR1602', 'KH9153', 'KI1604', 'KI1608', 'KI1610', 'KJ1454']","https://assets.adidas.com/images/w_383,h_383,f_auto,q_auto,fl_lossy,c_fill,g_auto/19bb31d248d540a18961bed910e2b909_9366/HARDEN_VOLUME_10_Shoes_Turquoise_KI1605_00_plp_standard.jpg","{'prices': [{'type': 'original', 'value': 160, 'valueNoVat': 160}], 'isSoldOut': False}",252,4.7104,True,True
LA6686,Y-3 STAN SMITH Trainers,Y-3,https://www.adidas.com/us/y-3-stan-smith-trainers/LA6686.html,OSY28,"['LA6686', 'JQ4976', 'LA6687']","https://assets.adidas.com/images/w_383,h_383,f_auto,q_auto,fl_lossy,c_fill,g_auto/7c0dcbd19217466cb6916f1f86f9c11d_9366/Y-3_STAN_SMITH_Trainers_Black_LA6686_00_plp_standard.jpg","{'prices': [{'type': 'original', 'value': 280, 'valueNoVat': 280}], 'isSoldOut': False}",4,4.5,,True
KJ2725,ADISTAR CONTROL 5 SHOES,Originals,https://www.adidas.com/us/adistar-control-5-shoes/KJ2725.html,ORU51,"['KJ2725', 'KH9562', 'KI2092', 'KI2093', 'KI2096', 'KI2097', 'KI4472', 'KI7047', 'KI7049', 'KJ2724', 'KJ2726', 'KK3260', 'KZ7537', 'KZ9152']","https://assets.adidas.com/images/w_383,h_383,f_auto,q_auto,fl_lossy,c_fill,g_auto/6df6336dd122488397c533db7890fa39_9366/ADISTAR_CONTROL_5_SHOES_White_KJ2725_00_plp_standard.jpg","{'prices': [{'type': 'original', 'value': 120, 'valueNoVat': 120}], 'isSoldOut': False}",17,5.0,True,True
HQ0175,VL Court 3.0 Shoes,Men Sportswear,https://www.adidas.com/us/vl-court-3.0-shoes/HQ0175.html,OMP39U,"['HQ0175', 'ID6275', 'ID6276', 'ID6285', 'ID6286', 'ID9184', 'IF4457', 'IF4464', 'IH4039', 'IH6562', 'JP7537', 'JR0983', 'JR2222', 'JR8635', 'JR8636', 'JR8638']","https://assets.adidas.com/images/w_383,h_383,f_auto,q_auto,fl_lossy,c_fill,g_auto/8fc91b98731547d2a4b8b38c71929b16_9366/VL_Court_3.0_Shoes_Green_HQ0175_00_plp_standard.jpg","{'prices': [{'type': 'original', 'value': 80, 'valueNoVat': 80}], 'isSoldOut': False}",532,4.7407,,True
KI3019,SPIRITAIN 2000 SHOES,Sportswear,https://www.adidas.com/us/spiritain-2000-shoes/KI3019.html,OPY74,"['KI3019', 'KI3020', 'KI4378', 'KI4382', 'KI4440', 'KI4441', 'KI4445', 'KI6821', 'KI6822', 'KI6823', 'KI8103', 'KI8104', 'KI8141', 'LA1812']","https://assets.adidas.com/images/w_383,h_383,f_auto,q_auto,fl_lossy,c_fill,g_auto/3efad7e182ac41d68b657a4847d0e6f6_9366/SPIRITAIN_2000_SHOES_Brown_KI3019_HM1.jpg","{'prices': [{'type': 'original', 'value': 90, 'valueNoVat': 90}], 'isSoldOut': False}",188,4.766,,True
HQ7537,NORA Shoes,Originals,https://www.adidas.com/us/nora-shoes/HQ7537.html,OSQ16,"['HQ7537', 'HQ7535', 'HQ7540', 'JP8586', 'KI7699', 'KI7700', 'KI7701', 'KJ0198', 'KJ0199', 'KJ0200']","https://assets.adidas.com/images/w_383,h_383,f_auto,q_auto,fl_lossy,c_fill,g_auto/297680725c67472d99eb0af8b2e0771b_9366/NORA_Shoes_Black_HQ7537_00_plp_standard.jpg","{'prices': [{'type': 'original', 'value': 80, 'valueNoVat': 80}], 'isSoldOut': False}",138,4.6812,True,True
BB5478,Gazelle Shoes,Originals,https://www.adidas.com/us/gazelle-shoes/BB5478.html,IAZ12,"['BB5478', 'B41645', 'BB5476', 'BB5480', 'CQ2809', 'HQ9441']","https://assets.adidas.com/images/w_383,h_383,f_auto,q_auto,fl_lossy,c_fill,g_auto/3b6da90d6e7c41fa821ca60600991dd9_9366/Gazelle_Shoes_Blue_BB5478_00_plp_standard.jpg","{'prices': [{'type': 'original', 'value': 110, 'valueNoVat': 110}], 'isSoldOut': False}",27333,4.7405,True,True
KI1625,DAME X Shoes,Performance,https://www.adidas.com/us/dame-x-shoes/KI1625.html,ORZ62,"['KI1625', 'KI1621', 'KJ4404']","https://assets.adidas.com/images/w_383,h_383,f_auto,q_auto,fl_lossy,c_fill,g_auto/73fa1891889b43269fd2a02faa98623a_9366/DAME_X_Shoes_Black_KI1625_00_plp_standard.jpg","{'prices': [{'type': 'original', 'value': 90, 'valueNoVat': 90}], 'isSoldOut': False}",10,4.9,True,False
JQ0048,Samoa Shoes,Men Originals,https://www.adidas.com/us/samoa-shoes/JQ0048.html,019351L,"['JQ0048', 'IG1817', 'JQ0045']","https://assets.adidas.com/images/w_383,h_383,f_auto,q_auto,fl_lossy,c_fill,g_auto/1773c66cefd34ce4a2f454b4d6090266_9366/Samoa_Shoes_Green_JQ0048_00_plp_standard.jpg","{'prices': [{'type': 'original', 'value': 80, 'valueNoVat': 80}], 'isSoldOut': False}",514,4.751,,True
JH6944,Lightblaze Shoes,Men Sportswear,https://www.adidas.com/us/lightblaze-shoes/JH6944.html,NJG58,"['JH6944', 'JH6941']","https://assets.adidas.com/images/w_383,h_383,f_auto,q_auto,fl_lossy,c_fill,g_auto/0babcf0fb5bb459690a5eb38ea21b2f6_9366/Lightblaze_Shoes_Beige_JH6944_HM1.jpg","{'prices': [{'type': 'original', 'value': 100, 'valueNoVat': 100}], 'isSoldOut': False}",465,4.6968,True,True
JI1281,SL 72 RS Shoes,Originals,https://www.adidas.com/us/sl-72-rs-shoes/JI1281.html,OOK73,"['JI1281', 'IG2132', 'JI1282']","https://assets.adidas.com/images/w_383,h_383,f_auto,q_auto,fl_lossy,c_fill,g_auto/560714ad528a41f49b91692884591b99_9366/SL_72_RS_Shoes_Grey_JI1281_00_plp_standard.jpg","{'prices': [{'type': 'sale', 'value': 50, 'valueNoVat': 50}, {'type': 'original', 'value': 100, 'valueNoVat': 100, 'discountPercentage': -50}], 'isSoldOut': False}",2107,4.6963,True,True
JP8276,Streettalk,Men Sportswear,https://www.adidas.com/us/streettalk/JP8276.html,OOC27,"['JP8276', 'JP8278', 'KJ4834']","https://assets.adidas.com/images/w_383,h_383,f_auto,q_auto,fl_lossy,c_fill,g_auto/b4fe12bd9ca544349fa122b05841a6a6_9366/Streettalk_Black_JP8276_HM1.jpg","{'prices': [{'type': 'original', 'value': 75, 'valueNoVat': 75}], 'isSoldOut': False}",109,4.7707,True,True
HQ4989,CLIMACOOL SPW SHOES,Sportswear,https://www.adidas.com/us/climacool-spw-shoes/HQ4989.html,OOR81,"['HQ4989', 'HQ4991', 'KI9546']","https://assets.adidas.com/images/w_383,h_383,f_auto,q_auto,fl_lossy,c_fill,g_auto/1a33b556b66744c7ab38d7d33976b66c_9366/CLIMACOOL_SPW_SHOES_Grey_HQ4989_HM1.jpg","{'prices': [{'type': 'original', 'value': 100, 'valueNoVat': 100}], 'isSoldOut': False}",37,4.8108,True,True
KI9356,Adistar Control 5 Shoes,Originals,https://www.adidas.com/us/adistar-control-5-shoes/KI9356.html,ONN89,"['KI9356', 'KH6895', 'KI6120', 'KI6121', 'KI6150', 'KI6151', 'KI6152', 'KI6154', 'KI6680', 'KI8590', 'KI8592', 'KI8601', 'KJ3630', 'KJ3631', 'KJ5955', 'KJ7727', 'KJ8805', 'LA3965']","https://assets.adidas.com/images/w_383,h_383,f_auto,q_auto,fl_lossy,c_fill,g_auto/47662d32ec8848dc97036aa27db45075_9366/Adistar_Control_5_Shoes_Green_KI9356_00_plp_standard.jpg","{'prices': [{'type': 'sale', 'value': 60, 'valueNoVat': 60}, {'type': 'original', 'value': 120, 'valueNoVat': 120, 'discountPercentage': -50}], 'isSoldOut': False}",664,4.8449,,True
IE6330,Lite Racer Adapt 7.0 Shoes,Men Sportswear,https://www.adidas.com/us/lite-racer-adapt-7.0-shoes/IE6330.html,NLD99,"['IE6330', 'IE6327', 'IE6329', 'JS0022']","https://assets.adidas.com/images/w_383,h_383,f_auto,q_auto,fl_lossy,c_fill,g_auto/38f8e23c49b448b7b2fdbd20b58761a0_9366/Lite_Racer_Adapt_7.0_Shoes_White_IE6330_00_plp_standard.jpg","{'prices': [{'type': 'original', 'value': 70, 'valueNoVat': 70}], 'isSoldOut': False}",3344,4.5805,True,True
JQ4348,SUPERNOVA RISE 3 ADAPTIVE RUNNING SHOES,Men Performance,https://www.adidas.com/us/supernova-rise-3-adaptive-running-shoes/JQ4348.html,OMV75,"['JQ4348', 'JQ4346', 'JQ4347', 'KJ5596']","https://assets.adidas.com/images/w_383,h_383,f_auto,q_auto,fl_lossy,c_fill,g_auto/ccd326cc753b43069b52ce95c9c88f18_9366/SUPERNOVA_RISE_3_ADAPTIVE_RUNNING_SHOES_White_JQ4348_00_plp_standard.jpg","{'prices': [{'type': 'original', 'value': 140, 'valueNoVat': 140}], 'isSoldOut': False}",43,4.5117,,True
KJ3051,LIGHTBLAZE EVO SL SHOES,Men Sportswear,https://www.adidas.com/us/lightblaze-evo-sl-shoes/KJ3051.html,ORA10,"['KJ3051', 'KJ3052', 'KJ8108']","https://assets.adidas.com/images/w_383,h_383,f_auto,q_auto,fl_lossy,c_fill,g_auto/8c2edbd2b35f44ae84eb3bf447e04725_9366/LIGHTBLAZE_EVO_SL_SHOES_Black_KJ3051_00_plp_standard.jpg","{'prices': [{'type': 'original', 'value': 130, 'valueNoVat': 130}], 'isSoldOut': False}",3,5.0,True,True
KJ5120,SUPERSTAR ADV Shoes,Men Originals,https://www.adidas.com/us/superstar-adv-shoes/KJ5120.html,OSH19,"['KJ5120', 'GW6930', 'GW6931', 'KI5141', 'KI5142', 'KJ5112', 'KJ5113', 'KJ5118', 'KZ8893']","https://assets.adidas.com/images/w_383,h_383,f_auto,q_auto,fl_lossy,c_fill,g_auto/9664772ef54142cebf41e39005320978_9366/SUPERSTAR_ADV_Shoes_Beige_KJ5120_00_plp_standard.jpg","{'prices': [{'type': 'original', 'value': 100, 'valueNoVat': 100}], 'isSoldOut': False}",154,4.8247,True,True
JQ2213,Terrex Skychaser AX5 GORE-TEX Hiking Shoes,Men TERREX,https://www.adidas.com/us/terrex-skychaser-ax5-gore-tex-hiking-shoes/JQ2213.html,NMQ33,"['JQ2213', 'JH7801', 'JQ2209', 'JQ2210']","https://assets.adidas.com/images/w_383,h_383,f_auto,q_auto,fl_lossy,c_fill,g_auto/592b4afa85744038acdf79869012c7c8_9366/Terrex_Skychaser_AX5_GORE-TEX_Hiking_Shoes_Green_JQ2213_HM1.jpg","{'prices': [{'type': 'original', 'value': 120, 'valueNoVat': 120}], 'isSoldOut': False}",470,4.4363,,True
KJ2555,SUPERSTAR II Ripple shoes,Originals,https://www.adidas.com/us/superstar-ii-ripple-shoes/KJ2555.html,OSE45,"['KJ2555', 'KJ5804']","https://assets.adidas.com/images/w_383,h_383,f_auto,q_auto,fl_lossy,c_fill,g_auto/35342f3c730346c487a2c46b67aab89f_9366/SUPERSTAR_II_Ripple_shoes_Black_KJ2555_00_plp_standard.jpg","{'prices': [{'type': 'original', 'value': 120, 'valueNoVat': 120}], 'isSoldOut': False}",1,5.0,,True
KJ8108,LIGHTBLAZE EVO SL SHOES,Men Sportswear,https://www.adidas.com/us/lightblaze-evo-sl-shoes/KJ8108.html,ORA10,"['KJ8108', 'KJ3051', 'KJ3052']","https://assets.adidas.com/images/w_383,h_383,f_auto,q_auto,fl_lossy,c_fill,g_auto/4c2c0f0214674d759d67c7d2c8c1c9ff_9366/LIGHTBLAZE_EVO_SL_SHOES_Brown_KJ8108_00_plp_standard.jpg","{'prices': [{'type': 'original', 'value': 130, 'valueNoVat': 130}], 'isSoldOut': False}",3,5.0,True,True
KJ5040,GLENBURN Shoes,Originals,https://www.adidas.com/us/glenburn-shoes/KJ5040.html,OSE79,"['KJ5040', 'HP3514', 'KJ5041', 'KJ5042', 'KJ5045', 'KJ5046', 'KJ5048', 'KJ5049', 'KJ5052']","https://assets.adidas.com/images/w_383,h_383,f_auto,q_auto,fl_lossy,c_fill,g_auto/aa135c52545b4ea99baa29ccbe3b06c4_9366/GLENBURN_Shoes_Brown_KJ5040_00_plp_standard.jpg","{'prices': [{'type': 'original', 'value': 75, 'valueNoVat': 75}], 'isSoldOut': False}",311,4.8296,,True
KJ3087,Terrex Hikster LT Hiking Shoes,Men TERREX,https://www.adidas.com/us/terrex-hikster-lt-hiking-shoes/KJ3087.html,OSS23,"['KJ3087', 'KH5975', 'KJ3088']","https://assets.adidas.com/images/w_383,h_383,f_auto,q_auto,fl_lossy,c_fill,g_auto/2836e26fbfdc4cd98f3e90a5e4466429_9366/Terrex_Hikster_LT_Hiking_Shoes_Blue_KJ3087_00_plp_standard.jpg","{'prices': [{'type': 'original', 'value': 60, 'valueNoVat': 60}], 'isSoldOut': False}",1,4.0,,True
JQ2207,Terrex Skychaser AX5 Mid GORE-TEX Hiking Shoes,Men TERREX,https://www.adidas.com/us/terrex-skychaser-ax5-mid-gore-tex-hiking-shoes/JQ2207.html,NMQ36,"['JQ2207', 'JH7804', 'JR3980']","https://assets.adidas.com/images/w_383,h_383,f_auto,q_auto,fl_lossy,c_fill,g_auto/59c9f0cc3c0e4a69a48736e37a23fc6a_9366/Terrex_Skychaser_AX5_Mid_GORE-TEX_Hiking_Shoes_Black_JQ2207_HM1.jpg","{'prices': [{'type': 'original', 'value': 140, 'valueNoVat': 140}], 'isSoldOut': False}",207,4.6426,,True
KI7781,Y-3 SUPERSTAR 3G Shoes,Y-3,https://www.adidas.com/us/y-3-superstar-3g-shoes/KI7781.html,OSL02,"['KI7781', 'KI4456']","https://assets.adidas.com/images/w_383,h_383,f_auto,q_auto,fl_lossy,c_fill,g_auto/29276c079859468fb43ed36dd74acc62_9366/Y-3_SUPERSTAR_3G_Shoes_White_KI7781_00_plp_standard.jpg","{'prices': [{'type': 'original', 'value': 380, 'valueNoVat': 380}], 'isSoldOut': False}",-99,,,True
KK2717,BW ARMY DECON SHOES,Originals,https://www.adidas.com/us/bw-army-decon-shoes/KK2717.html,OQS77,"['KK2717', 'KH8485', 'KK2718']","https://assets.adidas.com/images/w_383,h_383,f_auto,q_auto,fl_lossy,c_fill,g_auto/8c9d838de90844dbb31a3e250cd3c3d7_9366/BW_ARMY_DECON_SHOES_Blue_KK2717_00_plp_standard.jpg","{'prices': [{'type': 'original', 'value': 120, 'valueNoVat': 120}], 'isSoldOut': False}",6,5.0,,True
IH6816,SAMBA OG SHOES,Originals,https://www.adidas.com/us/samba-og-shoes/IH6816.html,SAMBAU2312,"['IH6816', 'B75806', 'B75807', 'HP3551', 'HQ4950', 'HQ4951', 'ID1481', 'IE3438', 'IH4388', 'IH4389', 'IH6813', 'IH6815', 'IH6827', 'IH6828', 'IH6829', 'JR0882', 'JR0910', 'JR0911', 'JS3832', 'KJ2382', 'KJ2788', 'KJ9995', 'KJ9997', 'KK2266', 'KK2267', 'KK2268', 'KK2272', 'KK2273', 'KK2274', 'KK2277', 'KK2278', 'KK2279', 'KK2280', 'KK2329', 'KK2330', 'KK2331', 'KK2332', 'KK2333', 'KK3271', 'KK3273', 'KK3274', 'KK3275', 'KZ6720', 'LA3984']","https://assets.adidas.com/images/w_383,h_383,f_auto,q_auto,fl_lossy,c_fill,g_auto/db50085a58af4eb8a85c202e2e2bec81_9366/SAMBA_OG_SHOES_Multicolor_IH6816_00_plp_standard.jpg","{'prices': [{'type': 'original', 'value': 110, 'valueNoVat': 110}], 'isSoldOut': False}",3269,4.8107,,True
LB5654,BW ARMY LUX SHOES,Originals,https://www.adidas.com/us/bw-army-lux-shoes/LB5654.html,ORU97,"['LB5654', 'HQ9264', 'HQ9265', 'KH8484', 'KK2711', 'KK2713', 'KK2801', 'KK2802', 'KK5026', 'KK5028', 'LA3396']","https://assets.adidas.com/images/w_383,h_383,f_auto,q_auto,fl_lossy,c_fill,g_auto/3c7ecf31f27445ba922f352c7a4d3eea_9366/BW_ARMY_LUX_SHOES_Brown_LB5654_00_plp_standard.jpg","{'prices': [{'type': 'original', 'value': 120, 'valueNoVat': 120}], 'isSoldOut': False}",195,4.7282,True,True
IH9672,HANDBALL SPEZIAL SHOES,Originals,https://www.adidas.com/us/handball-spezial-shoes/IH9672.html,BTP23,"['IH9672', 'BD7632', 'BD7633', 'DB3021', 'IF7086', 'IF7087', 'IG6191', 'IG6192', 'IH6506', 'IH6507', 'IH6508', 'IH6568', 'IH6569', 'IH6586', 'IH6588', 'IH6592', 'IH6594', 'IH6597', 'IH6598', 'IH6617', 'IH6618', 'IH9668', 'IH9760', 'KH9051', 'KI8580', 'KI8685', 'KI8686', 'KI8687', 'KJ2399', 'KJ2401', 'KJ7413', 'KJ7414', 'KJ7415', 'KJ9876', 'KJ9883', 'KJ9884', 'KJ9956', 'KJ9957', 'KJ9958', 'KJ9962', 'KJ9963', 'KJ9964', 'KJ9968', 'KJ9969', 'KJ9974', 'KJ9975', 'KK1153', 'KK2692', 'KK2693', 'KK2694', 'KK4232', 'KK4242', 'KK4860', 'KK4867', 'KZ6702', 'KZ6703', 'KZ6704', 'KZ6705', 'KZ6706', 'KZ6707', 'KZ6712']","https://assets.adidas.com/images/w_383,h_383,f_auto,q_auto,fl_lossy,c_fill,g_auto/1cef62cf67f0478eb410f023430a7d86_9366/HANDBALL_SPEZIAL_SHOES_Black_IH9672_00_plp_standard.jpg","{'prices': [{'type': 'sale', 'value': 60, 'valueNoVat': 60}, {'type': 'original', 'value': 120, 'valueNoVat': 120, 'discountPercentage': -50}], 'isSoldOut': False}",9789,4.8179,True,True
KJ5079,LITE RACER ADAPT 8.0 WIDE SHOES,Men Sportswear,https://www.adidas.com/us/lite-racer-adapt-8.0-wide-shoes/KJ5079.html,OSK82,"['KJ5079', 'KJ5076', 'KJ5077', 'KJ5078']","https://assets.adidas.com/images/w_383,h_383,f_auto,q_auto,fl_lossy,c_fill,g_auto/a933f39dff8b435eb4f2de6db9a10933_9366/LITE_RACER_ADAPT_8.0_WIDE_SHOES_Black_KJ5079_HM1.jpg","{'prices': [{'type': 'original', 'value': 70, 'valueNoVat': 70}], 'isSoldOut': False}",35,4.8858,True,True
IH6828,Samba OG Shoes,Originals,https://www.adidas.com/us/samba-og-shoes/IH6828.html,SAMBAU2312,"['IH6828', 'B75806', 'B75807', 'HP3551', 'HQ4950', 'HQ4951', 'ID1481', 'IE3438', 'IH4388', 'IH4389', 'IH6813', 'IH6815', 'IH6816', 'IH6827', 'IH6829', 'JR0882', 'JR0910', 'JR0911', 'JS3832', 'KJ2382', 'KJ2788', 'KJ9995', 'KJ9997', 'KK2266', 'KK2267', 'KK2268', 'KK2272', 'KK2273', 'KK2274', 'KK2277', 'KK2278', 'KK2279', 'KK2280', 'KK2329', 'KK2330', 'KK2331', 'KK2332', 'KK2333', 'KK3271', 'KK3273', 'KK3274', 'KK3275', 'KZ6720', 'LA3984']","https://assets.adidas.com/images/w_383,h_383,f_auto,q_auto,fl_lossy,c_fill,g_auto/0c80b5c596324eae90d1fa0e301242ef_9366/Samba_OG_Shoes_Blue_IH6828_00_plp_standard.jpg","{'prices': [{'type': 'original', 'value': 110, 'valueNoVat': 110}], 'isSoldOut': False}",3269,4.8107,True,True
JR4008,Terrex Eastrail 3 Climaproof Hiking Shoes,Men TERREX,https://www.adidas.com/us/terrex-eastrail-3-climaproof-hiking-shoes/JR4008.html,OPD96,"['JR4008', 'JR4009', 'JR8392', 'KJ8954']","https://assets.adidas.com/images/w_383,h_383,f_auto,q_auto,fl_lossy,c_fill,g_auto/32b9c6845ae8427696b34134a29a7873_9366/Terrex_Eastrail_3_Climaproof_Hiking_Shoes_Black_JR4008_00_plp_standard.jpg","{'prices': [{'type': 'original', 'value': 90, 'valueNoVat': 90}], 'isSoldOut': False}",48,4.5,,True
JP6501,JABBAR LO Shoe,Originals,https://www.adidas.com/us/jabbar-lo-shoe/JP6501.html,NLL54,"['JP6501', 'JP6499', 'JQ4427', 'JQ9595', 'JR4354', 'JS2160', 'JS5021', 'JS5023', 'KI8523']","https://assets.adidas.com/images/w_383,h_383,f_auto,q_auto,fl_lossy,c_fill,g_auto/671786cc740a419fa302f35f8247da19_9366/JABBAR_LO_Shoe_White_JP6501_00_plp_standard.jpg","{'prices': [{'type': 'original', 'value': 90, 'valueNoVat': 90}], 'isSoldOut': False}",428,4.8085,True,True
JQ4566,Adizero EVO SL Shoes,Men Performance,https://www.adidas.com/us/adizero-evo-sl-shoes/JQ4566.html,ONI53,"['JQ4566', 'JQ2147', 'JQ2148', 'JQ2150', 'JQ4569', 'JQ4573', 'JQ4575', 'JQ4576', 'JQ4578']","https://assets.adidas.com/images/w_383,h_383,f_auto,q_auto,fl_lossy,c_fill,g_auto/680a73c49d6b4a26b524e5d77c10e903_9366/Adizero_EVO_SL_Shoes_White_JQ4566_00_plp_standard.jpg","{'prices': [{'type': 'sale', 'value': 80, 'valueNoVat': 80}, {'type': 'original', 'value': 160, 'valueNoVat': 160, 'discountPercentage': -50}], 'isSoldOut': False}",191,4.822,,False
KI4392,HYPERBOOST EDGE Running Shoes,Men Performance,https://www.adidas.com/us/hyperboost-edge-running-shoes/KI4392.html,OQQ28,"['KI4392', 'KH8128', 'KI0358', 'KI1911', 'KI1912', 'KI1913', 'KI4393', 'KI4398', 'KI4401', 'KI4402', 'KI4413', 'KK0288', 'KK0289', 'KZ9958']","https://assets.adidas.com/images/w_383,h_383,f_auto,q_auto,fl_lossy,c_fill,g_auto/147e9057744c477591bdbb7cdd403f9b_9366/HYPERBOOST_EDGE_Running_Shoes_White_KI4392_HM51.jpg","{'prices': [{'type': 'original', 'value': 200, 'valueNoVat': 200}], 'isSoldOut': False}",661,4.6566,,True
B22716,Campus ADV Shoes,Originals,https://www.adidas.com/us/campus-adv-shoes/B22716.html,BAW75,"['B22716', 'HQ9416', 'JP8542', 'KI7726', 'KI7727', 'KJ5115']","https://assets.adidas.com/images/w_383,h_383,f_auto,q_auto,fl_lossy,c_fill,g_auto/db120b40d8a14553910ba919015d206e_9366/Campus_ADV_Shoes_Black_B22716_00_plp_standard.jpg","{'prices': [{'type': 'original', 'value': 100, 'valueNoVat': 100}], 'isSoldOut': False}",379,4.6175,True,True
JR1572,ANTHONY EDWARDS 2 Shoes,Performance,https://www.adidas.com/us/anthony-edwards-2-shoes/JR1572.html,OQN77,"['JR1572', 'JQ9493', 'JQ9495', 'JQ9497', 'JQ9501', 'JQ9503', 'JR4359', 'JS3508', 'JS3514', 'KJ1887', 'KJ2363', 'KJ4228', 'KK0645', 'KK1390']","https://assets.adidas.com/images/w_383,h_383,f_auto,q_auto,fl_lossy,c_fill,g_auto/a1616308e7c74e448b48635c078b994d_9366/ANTHONY_EDWARDS_2_Shoes_Black_JR1572_00_plp_standard.jpg","{'prices': [{'type': 'original', 'value': 130, 'valueNoVat': 130}], 'isSoldOut': False}",556,4.7482,True,True
IG2132,SL 72 RS Shoes,Originals,https://www.adidas.com/us/sl-72-rs-shoes/IG2132.html,OOK73,"['IG2132', 'JI1281', 'JI1282']","https://assets.adidas.com/images/w_383,h_383,f_auto,q_auto,fl_lossy,c_fill,g_auto/d195e17461d5480d81c1c6cf8e5ca92d_9366/SL_72_RS_Shoes_Blue_IG2132_00_plp_standard.jpg","{'prices': [{'type': 'sale', 'value': 60, 'valueNoVat': 60}, {'type': 'original', 'value': 100, 'valueNoVat': 100, 'discountPercentage': -40}], 'isSoldOut': False}",2107,4.6963,True,True
JS2155,JABBAR HI Shoes,Originals,https://www.adidas.com/us/jabbar-hi-shoes/JS2155.html,NLL59,"['JS2155', 'JI3445', 'JP6510', 'JR4891', 'JS2156']","https://assets.adidas.com/images/w_383,h_383,f_auto,q_auto,fl_lossy,c_fill,g_auto/059f0263313c489494f347a6977a3e22_9366/JABBAR_HI_Shoes_White_JS2155_00_plp_standard.jpg","{'prices': [{'type': 'sale', 'value': 50, 'valueNoVat': 50}, {'type': 'original', 'value': 100, 'valueNoVat': 100, 'discountPercentage': -50}], 'isSoldOut': False}",149,4.6444,True,True
KJ4431,TERREX Freehiker SL GORE-TEX Hiking Shoes,Men TERREX,https://www.adidas.com/us/terrex-freehiker-sl-gore-tex-hiking-shoes/KJ4431.html,OQN91,"['KJ4431', 'KJ4429', 'KJ4430']","https://assets.adidas.com/images/w_383,h_383,f_auto,q_auto,fl_lossy,c_fill,g_auto/16b6fa33b0cc43dba3a37013dd1969d9_9366/TERREX_Freehiker_SL_GORE-TEX_Hiking_Shoes_Beige_KJ4431_00_plp_standard.jpg","{'prices': [{'type': 'original', 'value': 150, 'valueNoVat': 150}], 'isSoldOut': False}",89,4.6967,,True
KK1390,ANTHONY EDWARDS 2 Shoes,Performance,https://www.adidas.com/us/anthony-edwards-2-shoes/KK1390.html,OQN77,"['KK1390', 'JQ9493', 'JQ9495', 'JQ9497', 'JQ9501', 'JQ9503', 'JR1572', 'JR4359', 'JS3508', 'JS3514', 'KJ1887', 'KJ2363', 'KJ4228', 'KK0645']","https://assets.adidas.com/images/w_383,h_383,f_auto,q_auto,fl_lossy,c_fill,g_auto/9c2522a01ec44ec8809247b4e875169d_9366/ANTHONY_EDWARDS_2_Shoes_Orange_KK1390_00_plp_standard.jpg","{'prices': [{'type': 'original', 'value': 130, 'valueNoVat': 130}], 'isSoldOut': False}",556,4.7482,True,True
KH8440,CLIMACOOL LACED SHOES,Sportswear,https://www.adidas.com/us/climacool-laced-shoes/KH8440.html,OTN35,"['KH8440', 'KI2678', 'KI2680']","https://assets.adidas.com/images/w_383,h_383,f_auto,q_auto,fl_lossy,c_fill,g_auto/761e8fa6e5854aa1aa160824924332eb_9366/CLIMACOOL_LACED_SHOES_White_KH8440_HM1.jpg","{'prices': [{'type': 'original', 'value': 170, 'valueNoVat': 170}], 'isSoldOut': False}",24,4.1667,,True
KI6823,SPIRITAIN 2000 Shoes,Men Sportswear,https://www.adidas.com/us/spiritain-2000-shoes/KI6823.html,OPY74,"['KI6823', 'KI3019', 'KI3020', 'KI4378', 'KI4382', 'KI4440', 'KI4441', 'KI4445', 'KI6821', 'KI6822', 'KI8103', 'KI8104', 'KI8141', 'LA1812']","https://assets.adidas.com/images/w_383,h_383,f_auto,q_auto,fl_lossy,c_fill,g_auto/26fb43fe6a4943d9b67a5715b3da7551_9366/SPIRITAIN_2000_Shoes_White_KI6823_00_plp_standard.jpg","{'prices': [{'type': 'original', 'value': 90, 'valueNoVat': 90}], 'isSoldOut': False}",188,4.766,True,True
KI7700,NORA Shoes,Originals,https://www.adidas.com/us/nora-shoes/KI7700.html,OSQ16,"['KI7700', 'HQ7535', 'HQ7537', 'HQ7540', 'JP8586', 'KI7699', 'KI7701', 'KJ0198', 'KJ0199', 'KJ0200']","https://assets.adidas.com/images/w_383,h_383,f_auto,q_auto,fl_lossy,c_fill,g_auto/6a3a7840732c48a6b501d2bf5f69944d_9366/NORA_Shoes_White_KI7700_00_plp_standard.jpg","{'prices': [{'type': 'original', 'value': 80, 'valueNoVat': 80}], 'isSoldOut': False}",138,4.6812,True,True
KZ8894,BUSENITZ INDOOR SUPER Shoes,Men Originals,https://www.adidas.com/us/busenitz-indoor-super-shoes/KZ8894.html,OQD41,"['KZ8894', 'KZ8895']","https://assets.adidas.com/images/w_383,h_383,f_auto,q_auto,fl_lossy,c_fill,g_auto/69c7d1d632434c1db4fd92f38ab63a8d_9366/BUSENITZ_INDOOR_SUPER_Shoes_Black_KZ8894_00_plp_standard.jpg","{'prices': [{'type': 'original', 'value': 90, 'valueNoVat': 90}], 'isSoldOut': False}",5,3.4,,True
KH9708,PREDATOR SALA SHOES,Originals,https://www.adidas.com/us/predator-sala-shoes/KH9708.html,OTN87,"['KH9708', 'KK3258']","https://assets.adidas.com/images/w_383,h_383,f_auto,q_auto,fl_lossy,c_fill,g_auto/5d047fd62a1c4fa3b8c049ed727561be_9366/PREDATOR_SALA_SHOES_White_KH9708_00_plp_standard.jpg","{'prices': [{'type': 'sale', 'value': 91, 'valueNoVat': 91}, {'type': 'original', 'value': 130, 'valueNoVat': 130, 'discountPercentage': -30}], 'isSoldOut': False}",4,4.0,,True
KK4242,HANDBALL SPEZIAL SHOES,Originals,https://www.adidas.com/us/handball-spezial-shoes/KK4242.html,BTP23,"['KK4242', 'BD7632', 'BD7633', 'DB3021', 'IF7086', 'IF7087', 'IG6191', 'IG6192', 'IH6506', 'IH6507', 'IH6508', 'IH6568', 'IH6569', 'IH6586', 'IH6588', 'IH6592', 'IH6594', 'IH6597', 'IH6598', 'IH6617', 'IH6618', 'IH9668', 'IH9672', 'IH9760', 'KH9051', 'KI8580', 'KI8685', 'KI8686', 'KI8687', 'KJ2399', 'KJ2401', 'KJ7413', 'KJ7414', 'KJ7415', 'KJ9876', 'KJ9883', 'KJ9884', 'KJ9956', 'KJ9957', 'KJ9958', 'KJ9962', 'KJ9963', 'KJ9964', 'KJ9968', 'KJ9969', 'KJ9974', 'KJ9975', 'KK1153', 'KK2692', 'KK2693', 'KK2694', 'KK4232', 'KK4860', 'KK4867', 'KZ6702', 'KZ6703', 'KZ6704', 'KZ6705', 'KZ6706', 'KZ6707', 'KZ6712']","https://assets.adidas.com/images/w_383,h_383,f_auto,q_auto,fl_lossy,c_fill,g_auto/c7a47446721f43d286edfd1dd410b994_9366/HANDBALL_SPEZIAL_SHOES_Black_KK4242_00_plp_standard.jpg","{'prices': [{'type': 'sale', 'value': 60, 'valueNoVat': 60}, {'type': 'original', 'value': 120, 'valueNoVat': 120, 'discountPercentage': -50}], 'isSoldOut': False}",9789,4.8179,True,True
IH9755,22YDS NETS Shoes,Performance,https://www.adidas.com/us/22yds-nets-shoes/IH9755.html,ONL13,"['IH9755', 'IH9754']","https://assets.adidas.com/images/w_383,h_383,f_auto,q_auto,fl_lossy,c_fill,g_auto/05d1c22605b44ecc99c4231c46cfacc5_9366/22YDS_NETS_Shoes_Yellow_IH9755_00_plp_standard.jpg","{'prices': [{'type': 'original', 'value': 130, 'valueNoVat': 130}], 'isSoldOut': False}",-99,,,True
KH5298,Adizero Impact Turf Trainer Perfect Game,Men Performance,https://www.adidas.com/us/adizero-impact-turf-trainer-perfect-game/KH5298.html,OSV71,[],"https://assets.adidas.com/images/w_383,h_383,f_auto,q_auto,fl_lossy,c_fill,g_auto/7b73d2549d0045ffb47d68ea236d5cb4_9366/Adizero_Impact_Turf_Trainer_Perfect_Game_White_KH5298_00_plp_standard.jpg","{'prices': [{'type': 'original', 'value': 95, 'valueNoVat': 95}], 'isSoldOut': False}",2,5.0,,True
JQ1409,Adizero Chaos II Football Lineman Cleats,Performance,https://www.adidas.com/us/adizero-chaos-ii-football-lineman-cleats/JQ1409.html,ONA94,"['JQ1409', 'JQ1406', 'JQ1408', 'JQ1410']","https://assets.adidas.com/images/w_383,h_383,f_auto,q_auto,fl_lossy,c_fill,g_auto/d56fc678f4e94cf893d45b843aa7e7f5_9366/Adizero_Chaos_II_Football_Lineman_Cleats_Black_JQ1409_00_plp_standard.jpg","{'prices': [{'type': 'original', 'value': 150, 'valueNoVat': 150}], 'isSoldOut': False}",13,4.7692,,True
HQ9292,TERREX FREE HIKER 3 Low GORE-TEX Hiking Shoes,Men TERREX,https://www.adidas.com/us/terrex-free-hiker-3-low-gore-tex-hiking-shoes/HQ9292.html,OOZ34,"['HQ9292', 'KI8275', 'KI8276', 'KI8278', 'LA3855']","https://assets.adidas.com/images/w_383,h_383,f_auto,q_auto,fl_lossy,c_fill,g_auto/db89c6923aa34c8d8fcdf46e22faaf6a_9366/TERREX_FREE_HIKER_3_Low_GORE-TEX_Hiking_Shoes_Black_HQ9292_HM1.jpg","{'prices': [{'type': 'original', 'value': 180, 'valueNoVat': 180}], 'isSoldOut': False}",55,4.6546,,True
KI7029,TECHNOCHAOS 2000 SHOES,Men Sportswear,https://www.adidas.com/us/technochaos-2000-shoes/KI7029.html,OSL28,"['KI7029', 'HQ7282', 'JR7229', 'KI6997', 'KI7028', 'KI7030', 'KI7031']","https://assets.adidas.com/images/w_383,h_383,f_auto,q_auto,fl_lossy,c_fill,g_auto/62b9ec8a34324c039663eba560c31304_9366/TECHNOCHAOS_2000_SHOES_Grey_KI7029_00_plp_standard.jpg","{'prices': [{'type': 'original', 'value': 80, 'valueNoVat': 80}], 'isSoldOut': False}",27,4.9259,True,True
KI7713,Busenitz Shoes,Men Originals,https://www.adidas.com/us/busenitz-shoes/KI7713.html,SO695,"['KI7713', 'G48060', 'HQ4708', 'HQ7534', 'KJ0259', 'KJ0260', 'KJ0261']","https://assets.adidas.com/images/w_383,h_383,f_auto,q_auto,fl_lossy,c_fill,g_auto/25e6ae5080f14a11b88eb24c6df58311_9366/Busenitz_Shoes_Grey_KI7713_00_plp_standard.jpg","{'prices': [{'type': 'original', 'value': 85, 'valueNoVat': 85}], 'isSoldOut': False}",4072,4.6563,True,True
IH9641,GAZELLE INDOOR SHOES,Originals,https://www.adidas.com/us/gazelle-indoor-shoes/IH9641.html,GAZU1223,"['IH9641', 'IH9640', 'IH9650', 'IH9651', 'IH9654', 'IH9659', 'IH9660', 'IH9661', 'IH9665', 'IH9666', 'IH9675', 'IH9679', 'IH9680', 'JI2060', 'JI2061', 'JI2062', 'JI2063']","https://assets.adidas.com/images/w_383,h_383,f_auto,q_auto,fl_lossy,c_fill,g_auto/66e40f43035549e6b591990767b933c6_9366/GAZELLE_INDOOR_SHOES_Green_IH9641_00_plp_standard.jpg","{'prices': [{'type': 'sale', 'value': 65, 'valueNoVat': 65}, {'type': 'original', 'value': 130, 'valueNoVat': 130, 'discountPercentage': -50}], 'isSoldOut': False}",947,4.8058,True,True
KJ8936,Terrex Skychaser Ax5 Hiking Shoes,Men TERREX,https://www.adidas.com/us/terrex-skychaser-ax5-hiking-shoes/KJ8936.html,NMQ31,"['KJ8936', 'JQ2215', 'JQ2216', 'JR3975']","https://assets.adidas.com/images/w_383,h_383,f_auto,q_auto,fl_lossy,c_fill,g_auto/0a52584a63614bb883bad4d719ccc884_9366/Terrex_Skychaser_Ax5_Hiking_Shoes_Green_KJ8936_00_plp_standard.jpg","{'prices': [{'type': 'original', 'value': 100, 'valueNoVat': 100}], 'isSoldOut': False}",206,4.6505,,True
KI7699,NORA Shoes,Originals,https://www.adidas.com/us/nora-shoes/KI7699.html,OSQ16,"['KI7699', 'HQ7535', 'HQ7537', 'HQ7540', 'JP8586', 'KI7700', 'KI7701', 'KJ0198', 'KJ0199', 'KJ0200']","https://assets.adidas.com/images/w_383,h_383,f_auto,q_auto,fl_lossy,c_fill,g_auto/057737dfc11d4acd8166a1ef3b4b8154_9366/NORA_Shoes_Yellow_KI7699_00_plp_standard.jpg","{'prices': [{'type': 'original', 'value': 80, 'valueNoVat': 80}], 'isSoldOut': False}",138,4.6812,,True
KJ2382,SAMBA OG SHOES,Originals,https://www.adidas.com/us/samba-og-shoes/KJ2382.html,SAMBAU2312,"['KJ2382', 'B75806', 'B75807', 'HP3551', 'HQ4950', 'HQ4951', 'ID1481', 'IE3438', 'IH4388', 'IH4389', 'IH6813', 'IH6815', 'IH6816', 'IH6827', 'IH6828', 'IH6829', 'JR0882', 'JR0910', 'JR0911', 'JS3832', 'KJ2788', 'KJ9995', 'KJ9997', 'KK2266', 'KK2267', 'KK2268', 'KK2272', 'KK2273', 'KK2274', 'KK2277', 'KK2278', 'KK2279', 'KK2280', 'KK2329', 'KK2330', 'KK2331', 'KK2332', 'KK2333', 'KK3271', 'KK3273', 'KK3274', 'KK3275', 'KZ6720', 'LA3984']","https://assets.adidas.com/images/w_383,h_383,f_auto,q_auto,fl_lossy,c_fill,g_auto/ceecbc9b6fe845d380fb8fd6d1f62204_9366/SAMBA_OG_SHOES_Yellow_KJ2382_00_plp_standard.jpg","{'prices': [{'type': 'original', 'value': 110, 'valueNoVat': 110}], 'isSoldOut': False}",3269,4.8107,,True
KK3260,ADISTAR CONTROL 5 SHOES,Originals,https://www.adidas.com/us/adistar-control-5-shoes/KK3260.html,ORU51,"['KK3260', 'KH9562', 'KI2092', 'KI2093', 'KI2096', 'KI2097', 'KI4472', 'KI7047', 'KI7049', 'KJ2724', 'KJ2725', 'KJ2726', 'KZ7537', 'KZ9152']","https://assets.adidas.com/images/w_383,h_383,f_auto,q_auto,fl_lossy,c_fill,g_auto/f1849403a89c49b3b23b58ed6c054bac_9366/ADISTAR_CONTROL_5_SHOES_Black_KK3260_00_plp_standard.jpg","{'prices': [{'type': 'original', 'value': 120, 'valueNoVat': 120}], 'isSoldOut': False}",17,5.0,True,True
KJ9197,NEBRASKA CORNHUSKERS BARREDA DECODE SHOES,Men Sportswear,https://www.adidas.com/us/nebraska-cornhuskers-barreda-decode-shoes/KJ9197.html,OPS66,"['KJ9197', 'IH1453', 'IH1454', 'IH1455', 'JR1227', 'JR1229', 'JR1230', 'JR1231', 'JR1233', 'JS0936', 'KJ6845', 'KJ9087', 'KJ9195', 'KJ9200', 'KK4718']","https://assets.adidas.com/images/w_383,h_383,f_auto,q_auto,fl_lossy,c_fill,g_auto/f16b0614f4a64e98a926abf46b7b3642_9366/NEBRASKA_CORNHUSKERS_BARREDA_DECODE_SHOES_White_KJ9197_00_plp_standard.jpg","{'prices': [{'type': 'sale', 'value': 57, 'valueNoVat': 57}, {'type': 'original', 'value': 95, 'valueNoVat': 95, 'discountPercentage': -40}], 'isSoldOut': False}",102,4.6569,,True
KJ4228,ANTHONY EDWARDS 2 Shoes,Performance,https://www.adidas.com/us/anthony-edwards-2-shoes/KJ4228.html,OQN77,"['KJ4228', 'JQ9493', 'JQ9495', 'JQ9497', 'JQ9501', 'JQ9503', 'JR1572', 'JR4359', 'JS3508', 'JS3514', 'KJ1887', 'KJ2363', 'KK0645', 'KK1390']","https://assets.adidas.com/images/w_383,h_383,f_auto,q_auto,fl_lossy,c_fill,g_auto/f497a555283f426487a1242d42908aae_9366/ANTHONY_EDWARDS_2_Shoes_White_KJ4228_00_plp_standard.jpg","{'prices': [{'type': 'original', 'value': 130, 'valueNoVat': 130}], 'isSoldOut': False}",556,4.7482,True,True
JS4939,Adizero Boston 13 Shoes,Men Performance,https://www.adidas.com/us/adizero-boston-13-shoes/JS4939.html,ONE38,"['JS4939', 'JS4941']","https://assets.adidas.com/images/w_383,h_383,f_auto,q_auto,fl_lossy,c_fill,g_auto/666b20e628024c179aecba3e957974a4_9366/Adizero_Boston_13_Shoes_White_JS4939_HM1.jpg","{'prices': [{'type': 'original', 'value': 160, 'valueNoVat': 160}], 'isSoldOut': False}",985,4.6346,True,True
KJ5076,LITE RACER ADAPT 8.0 WIDE SHOES,Men Sportswear,https://www.adidas.com/us/lite-racer-adapt-8.0-wide-shoes/KJ5076.html,OSK82,"['KJ5076', 'KJ5077', 'KJ5078', 'KJ5079']","https://assets.adidas.com/images/w_383,h_383,f_auto,q_auto,fl_lossy,c_fill,g_auto/751a7b3d80804b68b8438830de8e70aa_9366/LITE_RACER_ADAPT_8.0_WIDE_SHOES_Grey_KJ5076_HM1.jpg","{'prices': [{'type': 'original', 'value': 70, 'valueNoVat': 70}], 'isSoldOut': False}",35,4.8858,True,True
KI4378,SPIRITAIN 2000 Shoes,Men Sportswear,https://www.adidas.com/us/spiritain-2000-shoes/KI4378.html,OPY74,"['KI4378', 'KI3019', 'KI3020', 'KI4382', 'KI4440', 'KI4441', 'KI4445', 'KI6821', 'KI6822', 'KI6823', 'KI8103', 'KI8104', 'KI8141', 'LA1812']","https://assets.adidas.com/images/w_383,h_383,f_auto,q_auto,fl_lossy,c_fill,g_auto/dce149bbf859485ebff02a919d5e29f8_9366/SPIRITAIN_2000_Shoes_Grey_KI4378_HM1.jpg","{'prices': [{'type': 'original', 'value': 90, 'valueNoVat': 90}], 'isSoldOut': False}",188,4.766,True,True
KJ5115,CAMPUS ADV Shoes,Originals,https://www.adidas.com/us/campus-adv-shoes/KJ5115.html,BAW75,"['KJ5115', 'B22716', 'HQ9416', 'JP8542', 'KI7726', 'KI7727']","https://assets.adidas.com/images/w_383,h_383,f_auto,q_auto,fl_lossy,c_fill,g_auto/953d13ecee9741c594562821f8940b67_9366/CAMPUS_ADV_Shoes_Brown_KJ5115_00_plp_standard.jpg","{'prices': [{'type': 'original', 'value': 100, 'valueNoVat': 100}], 'isSoldOut': False}",379,4.6175,,True
KI7882,Y-3 EVO SL ATR GTX sneakers,Y-3,https://www.adidas.com/us/y-3-evo-sl-atr-gtx-sneakers/KI7882.html,OPW49,"['KI7882', 'KI7881']","https://assets.adidas.com/images/w_383,h_383,f_auto,q_auto,fl_lossy,c_fill,g_auto/552950d239f0497a85f90dea2b82ffc9_9366/Y-3_EVO_SL_ATR_GTX_sneakers_White_KI7882_00_plp_standard.jpg","{'prices': [{'type': 'original', 'value': 380, 'valueNoVat': 380}], 'isSoldOut': False}",-99,,,True
KJ2726,ADISTAR CONTROL 5 SHOES,Originals,https://www.adidas.com/us/adistar-control-5-shoes/KJ2726.html,ORU51,"['KJ2726', 'KH9562', 'KI2092', 'KI2093', 'KI2096', 'KI2097', 'KI4472', 'KI7047', 'KI7049', 'KJ2724', 'KJ2725', 'KK3260', 'KZ7537', 'KZ9152']","https://assets.adidas.com/images/w_383,h_383,f_auto,q_auto,fl_lossy,c_fill,g_auto/cae8ee39f21c4ffca40aebba86761940_9366/ADISTAR_CONTROL_5_SHOES_White_KJ2726_00_plp_standard.jpg","{'prices': [{'type': 'original', 'value': 120, 'valueNoVat': 120}], 'isSoldOut': False}",17,5.0,True,True
KI1058,HOOPS CLASSIC SHOES,Men Sportswear,https://www.adidas.com/us/hoops-classic-shoes/KI1058.html,ONQ44,"['KI1058', 'KI1056']","https://assets.adidas.com/images/w_383,h_383,f_auto,q_auto,fl_lossy,c_fill,g_auto/ad3e3804f22b4673b270bfdf4cc49df4_9366/HOOPS_CLASSIC_SHOES_White_KI1058_00_plp_standard.jpg","{'prices': [{'type': 'original', 'value': 65, 'valueNoVat': 65}], 'isSoldOut': False}",247,4.7086,True,True
KH9038,Superstar II Shoes,Originals,https://www.adidas.com/us/superstar-ii-shoes/KH9038.html,OPW95,"['KH9038', 'IH8659', 'IH9317', 'IH9318', 'JI0079', 'JQ3175', 'JR3584', 'JR7313', 'JR7315', 'KH8972', 'KH8973', 'KI0979', 'KI0981', 'KI2005', 'KJ3276', 'KJ8400', 'KJ9947', 'KK2356', 'KK4722', 'KK4723', 'KK4750', 'KK4751', 'KZ6730', 'KZ6731']","https://assets.adidas.com/images/w_383,h_383,f_auto,q_auto,fl_lossy,c_fill,g_auto/c60c71a9f216449ba909558bf552282a_9366/Superstar_II_Shoes_Red_KH9038_00_plp_standard.jpg","{'prices': [{'type': 'sale', 'value': 94, 'valueNoVat': 94}, {'type': 'original', 'value': 110, 'valueNoVat': 110, 'discountPercentage': -10}], 'isSoldOut': False}",1087,4.8114,,True
KJ4281,JABBAR LO Shoes,Originals,https://www.adidas.com/us/jabbar-lo-shoes/KJ4281.html,OSI24,[],"https://assets.adidas.com/images/w_383,h_383,f_auto,q_auto,fl_lossy,c_fill,g_auto/4a22a0dc523745648de06764ce8d6720_9366/JABBAR_LO_Shoes_Black_KJ4281_00_plp_standard.jpg","{'prices': [{'type': 'sale', 'value': 55, 'valueNoVat': 55}, {'type': 'original', 'value': 110, 'valueNoVat': 110, 'discountPercentage': -50}], 'isSoldOut': False}",38,4.8421,True,True
KZ9007,Adizero EVO SL EXO SUEDE Shoes,Men Performance,https://www.adidas.com/us/adizero-evo-sl-exo-suede-shoes/KZ9007.html,OTO48,"['KZ9007', 'KI4847', 'KZ9006']","https://assets.adidas.com/images/w_383,h_383,f_auto,q_auto,fl_lossy,c_fill,g_auto/ef95102f3eb04f9fbd89e3a4ec496e27_9366/Adizero_EVO_SL_EXO_SUEDE_Shoes_White_KZ9007_00_plp_standard.jpg","{'prices': [{'type': 'original', 'value': 150, 'valueNoVat': 150}], 'isSoldOut': False}",14,4.7858,True,True
KZ9006,Adizero EVO SL EXO SUEDE Shoes,Men Performance,https://www.adidas.com/us/adizero-evo-sl-exo-suede-shoes/KZ9006.html,OTO48,"['KZ9006', 'KI4847', 'KZ9007']","https://assets.adidas.com/images/w_383,h_383,f_auto,q_auto,fl_lossy,c_fill,g_auto/d426a5c17acf4a5c96cf5e34a2a447d5_9366/Adizero_EVO_SL_EXO_SUEDE_Shoes_White_KZ9006_00_plp_standard.jpg","{'prices': [{'type': 'original', 'value': 150, 'valueNoVat': 150}], 'isSoldOut': False}",14,4.7858,True,True
LA6691,Y-3 SUPERSTAR Sneakers,Y-3,https://www.adidas.com/us/y-3-superstar-sneakers/LA6691.html,ORC11,"['LA6691', 'KZ9064', 'LA6692']","https://assets.adidas.com/images/w_383,h_383,f_auto,q_auto,fl_lossy,c_fill,g_auto/94f9c267a74145e582c16c6945874b8c_9366/Y-3_SUPERSTAR_Sneakers_Black_LA6691_00_plp_standard.jpg","{'prices': [{'type': 'original', 'value': 280, 'valueNoVat': 280}], 'isSoldOut': False}",5,4.2,,True
KJ3268,Adizero Impact II Currency Neutral Football Cleats,Performance,https://www.adidas.com/us/adizero-impact-ii-currency-neutral-football-cleats/KJ3268.html,ONA79,"['KJ3268', 'JQ1382', 'JQ1383', 'JQ1384', 'JQ1385', 'JQ1389', 'JQ1390']","https://assets.adidas.com/images/w_383,h_383,f_auto,q_auto,fl_lossy,c_fill,g_auto/ff80d631a5294e9bb97366fbbe25ed44_9366/Adizero_Impact_II_Currency_Neutral_Football_Cleats_White_KJ3268_00_plp_standard.jpg","{'prices': [{'type': 'original', 'value': 110, 'valueNoVat': 110}], 'isSoldOut': False}",19,4.4211,,True
ID9184,VL Court 3.0 Shoes,Sportswear,https://www.adidas.com/us/vl-court-3.0-shoes/ID9184.html,OMP39U,"['ID9184', 'HQ0175', 'ID6275', 'ID6276', 'ID6285', 'ID6286', 'IF4457', 'IF4464', 'IH4039', 'IH6562', 'JP7537', 'JR0983', 'JR2222', 'JR8635', 'JR8636', 'JR8638']","https://assets.adidas.com/images/w_383,h_383,f_auto,q_auto,fl_lossy,c_fill,g_auto/02deb9cbfc4e4ddf946a0ef6d00753e6_9366/VL_Court_3.0_Shoes_Black_ID9184_HM1.jpg","{'prices': [{'type': 'original', 'value': 80, 'valueNoVat': 80}], 'isSoldOut': False}",532,4.7407,True,True
KZ7627,CLIMACOOL 1 LIVERPOOL,Men Originals,https://www.adidas.com/us/climacool-1-liverpool/KZ7627.html,OQG28,[],"https://assets.adidas.com/images/w_383,h_383,f_auto,q_auto,fl_lossy,c_fill,g_auto/23479d2fce164ba398e3f5c9f1ba6821_9366/CLIMACOOL_1_LIVERPOOL_Grey_KZ7627_00_plp_standard.jpg","{'prices': [{'type': 'original', 'value': 150, 'valueNoVat': 150}], 'isSoldOut': False}",-99,,,True
KH8334,ADISTAR MLD SHOES,Originals,https://www.adidas.com/us/adistar-mld-shoes/KH8334.html,OQA54,"['KH8334', 'KZ6835']","https://assets.adidas.com/images/w_383,h_383,f_auto,q_auto,fl_lossy,c_fill,g_auto/08f58f5e3a7a45048a2b0bf7d030f0f2_9366/ADISTAR_MLD_SHOES_Grey_KH8334_00_plp_standard.jpg","{'prices': [{'type': 'original', 'value': 130, 'valueNoVat': 130}], 'isSoldOut': False}",8,5.0,,True
KK4985,JAPAN SHOES,Originals,https://www.adidas.com/us/japan-shoes/KK4985.html,OSN04,"['KK4985', 'KK4986']","https://assets.adidas.com/images/w_383,h_383,f_auto,q_auto,fl_lossy,c_fill,g_auto/ec8613113c814da9b5c13da8f3d0d223_9366/JAPAN_SHOES_Blue_KK4985_00_plp_standard.jpg","{'prices': [{'type': 'original', 'value': 130, 'valueNoVat': 130}], 'isSoldOut': False}",22,4.9091,,True
KI4445,SPIRITAIN 2000 Shoes,Sportswear,https://www.adidas.com/us/spiritain-2000-shoes/KI4445.html,OPY74,"['KI4445', 'KI3019', 'KI3020', 'KI4378', 'KI4382', 'KI4440', 'KI4441', 'KI6821', 'KI6822', 'KI6823', 'KI8103', 'KI8104', 'KI8141', 'LA1812']","https://assets.adidas.com/images/w_383,h_383,f_auto,q_auto,fl_lossy,c_fill,g_auto/b0b939dbab6e4316b3590e9bc344f22a_9366/SPIRITAIN_2000_Shoes_Black_KI4445_HM1.jpg","{'prices': [{'type': 'original', 'value': 90, 'valueNoVat': 90}], 'isSoldOut': False}",188,4.766,,True
KI4382,SPIRITAIN 2000 Shoes,Men Sportswear,https://www.adidas.com/us/spiritain-2000-shoes/KI4382.html,OPY74,"['KI4382', 'KI3019', 'KI3020', 'KI4378', 'KI4440', 'KI4441', 'KI4445', 'KI6821', 'KI6822', 'KI6823', 'KI8103', 'KI8104', 'KI8141', 'LA1812']","https://assets.adidas.com/images/w_383,h_383,f_auto,q_auto,fl_lossy,c_fill,g_auto/319e9ae29a5f49a38d5c3981e98f69f0_9366/SPIRITAIN_2000_Shoes_Beige_KI4382_00_plp_standard.jpg","{'prices': [{'type': 'original', 'value': 90, 'valueNoVat': 90}], 'isSoldOut': False}",188,4.766,True,True
JR1230,Barreda Decode Shoes,Sportswear,https://www.adidas.com/us/barreda-decode-shoes/JR1230.html,OPS66,"['JR1230', 'IH1453', 'IH1454', 'IH1455', 'JR1227', 'JR1229', 'JR1231', 'JR1233', 'JS0936', 'KJ6845', 'KJ9087', 'KJ9195', 'KJ9197', 'KJ9200', 'KK4718']","https://assets.adidas.com/images/w_383,h_383,f_auto,q_auto,fl_lossy,c_fill,g_auto/8373545eb0924a48bd3a188017077b94_9366/Barreda_Decode_Shoes_White_JR1230_00_plp_standard.jpg","{'prices': [{'type': 'original', 'value': 90, 'valueNoVat': 90}], 'isSoldOut': False}",102,4.6569,True,True
IG3321,Adizero Boston 12 Running Shoes,Men Performance,https://www.adidas.com/us/adizero-boston-12-running-shoes/IG3321.html,MDF81,"['IG3321', 'ID4234', 'ID5985', 'IF9210']","https://assets.adidas.com/images/w_383,h_383,f_auto,q_auto,fl_lossy,c_fill,g_auto/4e74188167b84ac1967cff6b779a205b_9366/Adizero_Boston_12_Running_Shoes_White_IG3321_HM1.jpg","{'prices': [{'type': 'original', 'value': 160, 'valueNoVat': 160}], 'isSoldOut': False}",1620,4.6217,,True
KK2693,HANDBALL SPEZIAL SHOES,Originals,https://www.adidas.com/us/handball-spezial-shoes/KK2693.html,BTP23,"['KK2693', 'BD7632', 'BD7633', 'DB3021', 'IF7086', 'IF7087', 'IG6191', 'IG6192', 'IH6506', 'IH6507', 'IH6508', 'IH6568', 'IH6569', 'IH6586', 'IH6588', 'IH6592', 'IH6594', 'IH6597', 'IH6598', 'IH6617', 'IH6618', 'IH9668', 'IH9672', 'IH9760', 'KH9051', 'KI8580', 'KI8685', 'KI8686', 'KI8687', 'KJ2399', 'KJ2401', 'KJ7413', 'KJ7414', 'KJ7415', 'KJ9876', 'KJ9883', 'KJ9884', 'KJ9956', 'KJ9957', 'KJ9958', 'KJ9962', 'KJ9963', 'KJ9964', 'KJ9968', 'KJ9969', 'KJ9974', 'KJ9975', 'KK1153', 'KK2692', 'KK2694', 'KK4232', 'KK4242', 'KK4860', 'KK4867', 'KZ6702', 'KZ6703', 'KZ6704', 'KZ6705', 'KZ6706', 'KZ6707', 'KZ6712']","https://assets.adidas.com/images/w_383,h_383,f_auto,q_auto,fl_lossy,c_fill,g_auto/77e2c669dd344f109e5f4abc74a24bd7_9366/HANDBALL_SPEZIAL_SHOES_Blue_KK2693_00_plp_standard.jpg","{'prices': [{'type': 'original', 'value': 110, 'valueNoVat': 110}], 'isSoldOut': False}",9789,4.8179,,True
KI7047,ADISTAR CONTROL 5 SHOES,Originals,https://www.adidas.com/us/adistar-control-5-shoes/KI7047.html,ORU51,"['KI7047', 'KH9562', 'KI2092', 'KI2093', 'KI2096', 'KI2097', 'KI4472', 'KI7049', 'KJ2724', 'KJ2725', 'KJ2726', 'KK3260', 'KZ7537', 'KZ9152']","https://assets.adidas.com/images/w_383,h_383,f_auto,q_auto,fl_lossy,c_fill,g_auto/3fd7e0980306445f865f5e3e8a063bc8_9366/ADISTAR_CONTROL_5_SHOES_Grey_KI7047_00_plp_standard.jpg","{'prices': [{'type': 'original', 'value': 120, 'valueNoVat': 120}], 'isSoldOut': False}",17,5.0,,True
KI8505,Samba Messi Shoes,Performance,https://www.adidas.com/us/samba-messi-shoes/KI8505.html,OOA94,[],"https://assets.adidas.com/images/w_383,h_383,f_auto,q_auto,fl_lossy,c_fill,g_auto/3c1ffc15740648d783ded0bd215af03a_9366/Samba_Messi_Shoes_Turquoise_KI8505_22_model.jpg","{'prices': [{'type': 'original', 'value': 105, 'valueNoVat': 105}], 'isSoldOut': False}",533,4.8481,,True
JQ2216,Terrex Skychaser Ax5 Hiking Shoes,Men TERREX,https://www.adidas.com/us/terrex-skychaser-ax5-hiking-shoes/JQ2216.html,NMQ31,"['JQ2216', 'JQ2215', 'JR3975', 'KJ8936']","https://assets.adidas.com/images/w_383,h_383,f_auto,q_auto,fl_lossy,c_fill,g_auto/f2f2e8b820c24156b630b44941ed6d4c_9366/Terrex_Skychaser_Ax5_Hiking_Shoes_Green_JQ2216_HM1.jpg","{'prices': [{'type': 'original', 'value': 100, 'valueNoVat': 100}], 'isSoldOut': False}",206,4.6505,,True
KI5668,ADIDAS STAR WARS MANDALORIAN & GROGU ADIZERO EVO SL ATR Shoes,Men Performance,https://www.adidas.com/us/adidas-star-wars-mandalorian-grogu-adizero-evo-sl-atr-shoes/KI5668.html,OQS41,"['KI5668', 'KI7833', 'KI7836', 'KK0311', 'KK2683', 'KK2688']","https://assets.adidas.com/images/w_383,h_383,f_auto,q_auto,fl_lossy,c_fill,g_auto/8fe9c6a0d9d044a4af2897ee6ad0c6e7_9366/ADIDAS_STAR_WARS_MANDALORIAN_and_GROGU_ADIZERO_EVO_SL_ATR_Shoes_Grey_KI5668_00_plp_standard.jpg","{'prices': [{'type': 'original', 'value': 170, 'valueNoVat': 170}], 'isSoldOut': False}",547,4.5558,,True
JS3508,Anthony Edwards 2 Shoes,Performance,https://www.adidas.com/us/anthony-edwards-2-shoes/JS3508.html,OQN77,"['JS3508', 'JQ9493', 'JQ9495', 'JQ9497', 'JQ9501', 'JQ9503', 'JR1572', 'JR4359', 'JS3514', 'KJ1887', 'KJ2363', 'KJ4228', 'KK0645', 'KK1390']","https://assets.adidas.com/images/w_383,h_383,f_auto,q_auto,fl_lossy,c_fill,g_auto/c4af96133d304e29a5e157d64fd01a04_9366/Anthony_Edwards_2_Shoes_Black_JS3508_00_plp_standard.jpg","{'prices': [{'type': 'original', 'value': 130, 'valueNoVat': 130}], 'isSoldOut': False}",556,4.7482,,True
KH7274,Y-3 FIELD Trainers,Y-3,https://www.adidas.com/us/y-3-field-trainers/KH7274.html,OSL54,"['KH7274', 'HP9980', 'KI2671', 'KI2674', 'KI7091', 'KI7112', 'KZ9051']","https://assets.adidas.com/images/w_383,h_383,f_auto,q_auto,fl_lossy,c_fill,g_auto/da9c6d3ee3394b39a0ffb9dfc6510193_9366/Y-3_FIELD_Trainers_White_KH7274_00_plp_standard.jpg","{'prices': [{'type': 'original', 'value': 330, 'valueNoVat': 330}], 'isSoldOut': False}",31,4.6452,,True
HQ7554,ADISTAR XLG 2.0 SHOES,Originals,https://www.adidas.com/us/adistar-xlg-2.0-shoes/HQ7554.html,ORC52,"['HQ7554', 'HQ7468', 'HQ7551', 'HQ7552', 'HQ7553', 'HQ7555', 'KI4505', 'KI4506', 'KJ7895', 'KK2895', 'KK2896', 'KK2899', 'KK2900', 'KZ9011', 'KZ9155', 'KZ9160', 'LA1813']","https://assets.adidas.com/images/w_383,h_383,f_auto,q_auto,fl_lossy,c_fill,g_auto/f09f7ddf2e9945158b09b205c8c275a7_9366/ADISTAR_XLG_2.0_SHOES_Grey_HQ7554_00_plp_standard.jpg","{'prices': [{'type': 'sale', 'value': 128, 'valueNoVat': 128}, {'type': 'original', 'value': 150, 'valueNoVat': 150, 'discountPercentage': -10}], 'isSoldOut': False}",273,4.7473,,True
JP6499,JABBAR LO Shoe,Originals,https://www.adidas.com/us/jabbar-lo-shoe/JP6499.html,NLL54,"['JP6499', 'JP6501', 'JQ4427', 'JQ9595', 'JR4354', 'JS2160', 'JS5021', 'JS5023', 'KI8523']","https://assets.adidas.com/images/w_383,h_383,f_auto,q_auto,fl_lossy,c_fill,g_auto/90f72e4148064181b2f9e89b27cdb213_9366/JABBAR_LO_Shoe_White_JP6499_00_plp_standard.jpg","{'prices': [{'type': 'original', 'value': 90, 'valueNoVat': 90}], 'isSoldOut': False}",428,4.8085,True,True
JQ2215,Terrex Skychaser Ax5 Hiking Shoes,Men TERREX,https://www.adidas.com/us/terrex-skychaser-ax5-hiking-shoes/JQ2215.html,NMQ31,"['JQ2215', 'JQ2216', 'JR3975', 'KJ8936']","https://assets.adidas.com/images/w_383,h_383,f_auto,q_auto,fl_lossy,c_fill,g_auto/fbc31f953b444d7a9bd4f80597ecbb18_9366/Terrex_Skychaser_Ax5_Hiking_Shoes_Black_JQ2215_HM1.jpg","{'prices': [{'type': 'original', 'value': 100, 'valueNoVat': 100}], 'isSoldOut': False}",206,4.6505,,True
KJ9200,MIAMI HURRICANES BARREDA DECODE SHOES,Men Sportswear,https://www.adidas.com/us/miami-hurricanes-barreda-decode-shoes/KJ9200.html,OPS66,"['KJ9200', 'IH1453', 'IH1454', 'IH1455', 'JR1227', 'JR1229', 'JR1230', 'JR1231', 'JR1233', 'JS0936', 'KJ6845', 'KJ9087', 'KJ9195', 'KJ9197', 'KK4718']","https://assets.adidas.com/images/w_383,h_383,f_auto,q_auto,fl_lossy,c_fill,g_auto/d9ee9b6c0291418592cfaea3b885b582_9366/MIAMI_HURRICANES_BARREDA_DECODE_SHOES_White_KJ9200_00_plp_standard.jpg","{'prices': [{'type': 'sale', 'value': 67, 'valueNoVat': 67}, {'type': 'original', 'value': 95, 'valueNoVat': 95, 'discountPercentage': -25}], 'isSoldOut': False}",102,4.6569,,True
IH9754,22YDS NETS Shoes,Performance,https://www.adidas.com/us/22yds-nets-shoes/IH9754.html,ONL13,"['IH9754', 'IH9755']","https://assets.adidas.com/images/w_383,h_383,f_auto,q_auto,fl_lossy,c_fill,g_auto/bbeada1ed0ce439494f8168988deb669_9366/22YDS_NETS_Shoes_White_IH9754_00_plp_standard.jpg","{'prices': [{'type': 'original', 'value': 130, 'valueNoVat': 130}], 'isSoldOut': False}",-99,,,True
KI2680,CLIMACOOL LACED SHOES,Sportswear,https://www.adidas.com/us/climacool-laced-shoes/KI2680.html,OTN35,"['KI2680', 'KH8440', 'KI2678']","https://assets.adidas.com/images/w_383,h_383,f_auto,q_auto,fl_lossy,c_fill,g_auto/3220fd2332cb4876bf0d7b9f51134615_9366/CLIMACOOL_LACED_SHOES_Grey_KI2680_HM1.jpg","{'prices': [{'type': 'original', 'value': 170, 'valueNoVat': 170}], 'isSoldOut': False}",24,4.1667,True,True
KJ4834,STREETTALK SHOES,Men Sportswear,https://www.adidas.com/us/streettalk-shoes/KJ4834.html,OOC27,"['KJ4834', 'JP8276', 'JP8278']","https://assets.adidas.com/images/w_383,h_383,f_auto,q_auto,fl_lossy,c_fill,g_auto/cf2227e2243f44a3a7cfbb02d28fdb01_9366/STREETTALK_SHOES_White_KJ4834_00_plp_standard.jpg","{'prices': [{'type': 'original', 'value': 75, 'valueNoVat': 75}], 'isSoldOut': False}",109,4.7707,,True
KI7881,Y-3 EVO SL ATR GTX sneakers,Y-3,https://www.adidas.com/us/y-3-evo-sl-atr-gtx-sneakers/KI7881.html,OPW49,"['KI7881', 'KI7882']","https://assets.adidas.com/images/w_383,h_383,f_auto,q_auto,fl_lossy,c_fill,g_auto/a31e88f5d6f64fb7949153578f1016c5_9366/Y-3_EVO_SL_ATR_GTX_sneakers_Black_KI7881_00_plp_standard.jpg","{'prices': [{'type': 'original', 'value': 380, 'valueNoVat': 380}], 'isSoldOut': False}",-99,,,True
KI1033,HOOPS MID CLASSIC SHOES,Men Sportswear,https://www.adidas.com/us/hoops-mid-classic-shoes/KI1033.html,ONQ40,"['KI1033', 'KI1032', 'KI1035']","https://assets.adidas.com/images/w_383,h_383,f_auto,q_auto,fl_lossy,c_fill,g_auto/e7d5f81928694ba6bb8240e91e6ab7a1_9366/HOOPS_MID_CLASSIC_SHOES_White_KI1033_00_plp_standard.jpg","{'prices': [{'type': 'original', 'value': 70, 'valueNoVat': 70}], 'isSoldOut': False}",215,4.6884,True,True
KI2097,ADISTAR CONTROL 5 SHOES,Originals,https://www.adidas.com/us/adistar-control-5-shoes/KI2097.html,ORU51,"['KI2097', 'KH9562', 'KI2092', 'KI2093', 'KI2096', 'KI4472', 'KI7047', 'KI7049', 'KJ2724', 'KJ2725', 'KJ2726', 'KK3260', 'KZ7537', 'KZ9152']","https://assets.adidas.com/images/w_383,h_383,f_auto,q_auto,fl_lossy,c_fill,g_auto/af0d47018ee64f65999b8e48ba41df12_9366/ADISTAR_CONTROL_5_SHOES_Grey_KI2097_00_plp_standard.jpg","{'prices': [{'type': 'original', 'value': 120, 'valueNoVat': 120}], 'isSoldOut': False}",17,5.0,True,True
LA6688,Y-3 STAN SMITH LO PRO,Y-3,https://www.adidas.com/us/y-3-stan-smith-lo-pro/LA6688.html,OSY29,"['LA6688', 'HP9986', 'KI3473', 'KI7901', 'KI7903', 'KJ2390']","https://assets.adidas.com/images/w_383,h_383,f_auto,q_auto,fl_lossy,c_fill,g_auto/7cbfeaa4eede4d788bf04332caa55e7e_9366/Y-3_STAN_SMITH_LO_PRO_Black_LA6688_00_plp_standard.jpg","{'prices': [{'type': 'original', 'value': 300, 'valueNoVat': 300}], 'isSoldOut': False}",3,5.0,,True
KJ5804,SUPERSTAR II Ripple shoes,Originals,https://www.adidas.com/us/superstar-ii-ripple-shoes/KJ5804.html,OSE45,"['KJ5804', 'KJ2555']","https://assets.adidas.com/images/w_383,h_383,f_auto,q_auto,fl_lossy,c_fill,g_auto/7b539e0e776b464db7e3f89494177281_9366/SUPERSTAR_II_Ripple_shoes_White_KJ5804_00_plp_standard.jpg","{'prices': [{'type': 'original', 'value': 120, 'valueNoVat': 120}], 'isSoldOut': False}",1,5.0,,True
IE1377,Samba XLG Shoes,Originals,https://www.adidas.com/us/samba-xlg-shoes/IE1377.html,OOX60,"['IE1377', 'IE1379', 'KI0916']","https://assets.adidas.com/images/w_383,h_383,f_auto,q_auto,fl_lossy,c_fill,g_auto/c120edd897bc4b2f9fc473c42374108c_9366/Samba_XLG_Shoes_White_IE1377_00_plp_standard.jpg","{'prices': [{'type': 'sale', 'value': 66, 'valueNoVat': 66}, {'type': 'original', 'value': 110, 'valueNoVat': 110, 'discountPercentage': -40}], 'isSoldOut': False}",573,4.7661,True,True
KI9214,ADIDAS MINECRAFT GRAND COURT 3.0 SHOES,Men Sportswear,https://www.adidas.com/us/adidas-minecraft-grand-court-3.0-shoes/KI9214.html,OQN64,[],"https://assets.adidas.com/images/w_383,h_383,f_auto,q_auto,fl_lossy,c_fill,g_auto/d225f3a1155b426fbe3b9005c0de1d0a_9366/ADIDAS_MINECRAFT_GRAND_COURT_3.0_SHOES_White_KI9214_00_plp_standard.jpg","{'prices': [{'type': 'original', 'value': 75, 'valueNoVat': 75}], 'isSoldOut': False}",6,5.0,,True
KI8103,SPIRITAIN 2000 SHOES,Sportswear,https://www.adidas.com/us/spiritain-2000-shoes/KI8103.html,OPY74,"['KI8103', 'KI3019', 'KI3020', 'KI4378', 'KI4382', 'KI4440', 'KI4441', 'KI4445', 'KI6821', 'KI6822', 'KI6823', 'KI8104', 'KI8141', 'LA1812']","https://assets.adidas.com/images/w_383,h_383,f_auto,q_auto,fl_lossy,c_fill,g_auto/8f365dd90250437da23ac5e3d7adc864_9366/SPIRITAIN_2000_SHOES_Black_KI8103_HM1.jpg","{'prices': [{'type': 'original', 'value': 90, 'valueNoVat': 90}], 'isSoldOut': False}",188,4.766,,True
JR4359,Anthony Edwards 2 Shoes,Performance,https://www.adidas.com/us/anthony-edwards-2-shoes/JR4359.html,OQN77,"['JR4359', 'JQ9493', 'JQ9495', 'JQ9497', 'JQ9501', 'JQ9503', 'JR1572', 'JS3508', 'JS3514', 'KJ1887', 'KJ2363', 'KJ4228', 'KK0645', 'KK1390']","https://assets.adidas.com/images/w_383,h_383,f_auto,q_auto,fl_lossy,c_fill,g_auto/3164a5b46bde4fbc9abce23ed70c37c7_9366/Anthony_Edwards_2_Shoes_Blue_JR4359_00_plp_standard.jpg","{'prices': [{'type': 'original', 'value': 130, 'valueNoVat': 130}], 'isSoldOut': False}",556,4.7482,,True
JS4684,Box Hog 4 Shoes,Performance,https://www.adidas.com/us/box-hog-4-shoes/JS4684.html,LIQ22,"['JS4684', 'JR5382', 'KI8768', 'KI8769']","https://assets.adidas.com/images/w_383,h_383,f_auto,q_auto,fl_lossy,c_fill,g_auto/33c73043fa2140fe9b2c66bd0e34dfb1_9366/Box_Hog_4_Shoes_Black_JS4684_HM1.jpg","{'prices': [{'type': 'original', 'value': 130, 'valueNoVat': 130}], 'isSoldOut': False}",403,4.5732,,True
IF4457,VL Court 3.0 Shoes,Men Sportswear,https://www.adidas.com/us/vl-court-3.0-shoes/IF4457.html,OMP39U,"['IF4457', 'HQ0175', 'ID6275', 'ID6276', 'ID6285', 'ID6286', 'ID9184', 'IF4464', 'IH4039', 'IH6562', 'JP7537', 'JR0983', 'JR2222', 'JR8635', 'JR8636', 'JR8638']","https://assets.adidas.com/images/w_383,h_383,f_auto,q_auto,fl_lossy,c_fill,g_auto/bc4f51b6f2fd462ab885741026e697c5_9366/VL_Court_3.0_Shoes_Burgundy_IF4457_00_plp_standard.jpg","{'prices': [{'type': 'sale', 'value': 56, 'valueNoVat': 56}, {'type': 'original', 'value': 70, 'valueNoVat': 70, 'discountPercentage': -20}], 'isSoldOut': False}",532,4.7407,,True
JQ5859,SUPERNOVA EASE 2 M RUNNING SHOES,Men Performance,https://www.adidas.com/us/supernova-ease-2-m-running-shoes/JQ5859.html,OOD18,[],"https://assets.adidas.com/images/w_383,h_383,f_auto,q_auto,fl_lossy,c_fill,g_auto/06fd21a7347a4a648aa44c7d77f44d93_9366/SUPERNOVA_EASE_2_M_RUNNING_SHOES_Black_JQ5859_HM1.jpg","{'prices': [{'type': 'original', 'value': 100, 'valueNoVat': 100}], 'isSoldOut': False}",89,4.5844,,True
LA1980,MISSISSIPPI BULLDOGS ADIZERO EVO SL EXO Shoes,Performance,https://www.adidas.com/us/mississippi-bulldogs-adizero-evo-sl-exo-shoes/LA1980.html,ORQ42xx,"['LA1980', 'KZ9920', 'LA1973', 'LA1974', 'LA1975', 'LA1976', 'LA1977', 'LA1978', 'LA1981', 'LA1984', 'LA1985', 'LA2338', 'LA2339', 'LA2340']","https://assets.adidas.com/images/w_383,h_383,f_auto,q_auto,fl_lossy,c_fill,g_auto/0c1057c2a7534919a0f21b854dff23e1_9366/MISSISSIPPI_BULLDOGS_ADIZERO_EVO_SL_EXO_Shoes_White_LA1980_00_plp_standard.jpg","{'prices': [{'type': 'original', 'value': 160, 'valueNoVat': 160}], 'isSoldOut': False}",31,4.871,,True
JR2022,Adizero EVO SL Woven Running Shoes,Men Performance,https://www.adidas.com/us/adizero-evo-sl-woven-running-shoes/JR2022.html,OOS26,"['JR2022', 'JQ4440', 'JQ4441', 'JQ4442', 'JQ4443', 'JQ4527', 'JR1912', 'JR2024', 'JR4728', 'KH9494', 'KI1451', 'KI1492', 'KI2822', 'KI4256', 'KI4263', 'KI4828', 'KI4842', 'KI6926', 'KI8342', 'KJ1996', 'KJ2521', 'KK3673', 'KK3719']","https://assets.adidas.com/images/w_383,h_383,f_auto,q_auto,fl_lossy,c_fill,g_auto/fc7911416082471a99a299ee56250713_9366/Adizero_EVO_SL_Woven_Running_Shoes_White_JR2022_00_plp_standard.jpg","{'prices': [{'type': 'original', 'value': 150, 'valueNoVat': 150}], 'isSoldOut': False}",462,4.7555,,True
IH9659,GAZELLE INDOOR SHOES,Originals,https://www.adidas.com/us/gazelle-indoor-shoes/IH9659.html,GAZU1223,"['IH9659', 'IH9640', 'IH9641', 'IH9650', 'IH9651', 'IH9654', 'IH9660', 'IH9661', 'IH9665', 'IH9666', 'IH9675', 'IH9679', 'IH9680', 'JI2060', 'JI2061', 'JI2062', 'JI2063']","https://assets.adidas.com/images/w_383,h_383,f_auto,q_auto,fl_lossy,c_fill,g_auto/6d44daf3a90c42dfa66fdc9e45f8d0c9_9366/GAZELLE_INDOOR_SHOES_Brown_IH9659_00_plp_standard.jpg","{'prices': [{'type': 'sale', 'value': 65, 'valueNoVat': 65}, {'type': 'original', 'value': 130, 'valueNoVat': 130, 'discountPercentage': -50}], 'isSoldOut': False}",947,4.8058,True,True
KI7813,Y-3 REGU Trainers,Y-3,https://www.adidas.com/us/y-3-regu-trainers/KI7813.html,OQP86,"['KI7813', 'KH9347']","https://assets.adidas.com/images/w_383,h_383,f_auto,q_auto,fl_lossy,c_fill,g_auto/4731f018a9bc4c2b94b6bcddb768d2f1_9366/Y-3_REGU_Trainers_White_KI7813_00_plp_standard.jpg","{'prices': [{'type': 'original', 'value': 350, 'valueNoVat': 350}], 'isSoldOut': False}",4,4.0001,,True
KJ5059,TEKKIRA CUP Shoes,Originals,https://www.adidas.com/us/tekkira-cup-shoes/KJ5059.html,OPO15,"['KJ5059', 'HQ4814', 'HQ5063', 'JQ8906', 'KJ5054', 'KJ5055', 'KJ5057']","https://assets.adidas.com/images/w_383,h_383,f_auto,q_auto,fl_lossy,c_fill,g_auto/9dc7973493c640b2aea95ef15298533c_9366/TEKKIRA_CUP_Shoes_Grey_KJ5059_00_plp_standard.jpg","{'prices': [{'type': 'original', 'value': 100, 'valueNoVat': 100}], 'isSoldOut': False}",168,4.7203,,True
IH9660,GAZELLE INDOOR SHOES,Originals,https://www.adidas.com/us/gazelle-indoor-shoes/IH9660.html,GAZU1223,"['IH9660', 'IH9640', 'IH9641', 'IH9650', 'IH9651', 'IH9654', 'IH9659', 'IH9661', 'IH9665', 'IH9666', 'IH9675', 'IH9679', 'IH9680', 'JI2060', 'JI2061', 'JI2062', 'JI2063']","https://assets.adidas.com/images/w_383,h_383,f_auto,q_auto,fl_lossy,c_fill,g_auto/2d00a95d893442a79f0036cf7ad0dfbe_9366/GAZELLE_INDOOR_SHOES_Beige_IH9660_00_plp_standard.jpg","{'prices': [{'type': 'sale', 'value': 65, 'valueNoVat': 65}, {'type': 'original', 'value': 130, 'valueNoVat': 130, 'discountPercentage': -50}], 'isSoldOut': False}",947,4.8058,True,True
KI8592,ADISTAR CONTROL 5 SHOES,Originals,https://www.adidas.com/us/adistar-control-5-shoes/KI8592.html,ONN89,"['KI8592', 'KH6895', 'KI6120', 'KI6121', 'KI6150', 'KI6151', 'KI6152', 'KI6154', 'KI6680', 'KI8590', 'KI8601', 'KI9356', 'KJ3630', 'KJ3631', 'KJ5955', 'KJ7727', 'KJ8805', 'LA3965']","https://assets.adidas.com/images/w_383,h_383,f_auto,q_auto,fl_lossy,c_fill,g_auto/62b612d56cf34200802fa5b31e696ff4_9366/ADISTAR_CONTROL_5_SHOES_White_KI8592_00_plp_standard.jpg","{'prices': [{'type': 'sale', 'value': 60, 'valueNoVat': 60}, {'type': 'original', 'value': 120, 'valueNoVat': 120, 'discountPercentage': -50}], 'isSoldOut': False}",664,4.8449,True,True
KK5003,SUPERSTAR 80 ADV Trainers,Men Originals,https://www.adidas.com/us/superstar-80-adv-trainers/KK5003.html,OQS91,[],"https://assets.adidas.com/images/w_383,h_383,f_auto,q_auto,fl_lossy,c_fill,g_auto/6e151c7720d2435a884a365f4772c72f_9366/SUPERSTAR_80_ADV_Trainers_Black_KK5003_00_plp_standard.jpg","{'prices': [{'type': 'original', 'value': 100, 'valueNoVat': 100}], 'isSoldOut': False}",4,4.5,True,True
KI8263,TERREX FREEHIKER 3 Ultra GORE-TEX Hiking Shoes,Men TERREX,https://www.adidas.com/us/terrex-freehiker-3-ultra-gore-tex-hiking-shoes/KI8263.html,OOZ41,"['KI8263', 'HP3481', 'KH9896', 'KJ3874']","https://assets.adidas.com/images/w_383,h_383,f_auto,q_auto,fl_lossy,c_fill,g_auto/dc27db38f02b400faa4b188713f1329f_9366/TERREX_FREEHIKER_3_Ultra_GORE-TEX_Hiking_Shoes_White_KI8263_HM1.jpg","{'prices': [{'type': 'original', 'value': 220, 'valueNoVat': 220}], 'isSoldOut': True, 'soldOutText': 'Sold out'}",54,4.7223,,True
KJ1187,ADIRACER LO MERCEDES AMG PETRONAS F1 TEAM SHOES,Originals,https://www.adidas.com/us/adiracer-lo-mercedes-amg-petronas-f1-team-shoes/KJ1187.html,OPK75,"['KJ1187', 'JR4544']","https://assets.adidas.com/images/w_383,h_383,f_auto,q_auto,fl_lossy,c_fill,g_auto/1bf64ff5411648eaba2922f7c900abc1_9366/ADIRACER_LO_MERCEDES_AMG_PETRONAS_F1_TEAM_SHOES_White_KJ1187_HM1.jpg","{'prices': [{'type': 'original', 'value': 130, 'valueNoVat': 130}], 'isSoldOut': False}",76,4.8158,,True
JR8638,VL Court 3.0 Shoes,Men Sportswear,https://www.adidas.com/us/vl-court-3.0-shoes/JR8638.html,OMP39U,"['JR8638', 'HQ0175', 'ID6275', 'ID6276', 'ID6285', 'ID6286', 'ID9184', 'IF4457', 'IF4464', 'IH4039', 'IH6562', 'JP7537', 'JR0983', 'JR2222', 'JR8635', 'JR8636']","https://assets.adidas.com/images/w_383,h_383,f_auto,q_auto,fl_lossy,c_fill,g_auto/7879c7d40e5f4af391bc42c8717914bd_9366/VL_Court_3.0_Shoes_Grey_JR8638_HM1.jpg","{'prices': [{'type': 'original', 'value': 75, 'valueNoVat': 75}], 'isSoldOut': False}",532,4.7407,True,True
LA5973,HYPERBOOST EPHR SHOES,Originals,https://www.adidas.com/us/hyperboost-ephr-shoes/LA5973.html,ORV68,"['LA5973', 'LA5974', 'LA6206', 'LA6208', 'LA6211', 'LA6215']","https://assets.adidas.com/images/w_383,h_383,f_auto,q_auto,fl_lossy,c_fill,g_auto/3e44af17ce3e4efe942162a106bff3e3_9366/HYPERBOOST_EPHR_SHOES_Brown_LA5973_HM1.jpg","{'prices': [{'type': 'original', 'value': 170, 'valueNoVat': 170}], 'isSoldOut': False}",155,4.5807,,True
KI7794,Y-3 ADIZERO RC6 Sneakers,Y-3,https://www.adidas.com/us/y-3-adizero-rc6-sneakers/KI7794.html,OPW13,"['KI7794', 'KI7792', 'KI7793', 'KJ3444', 'KK3654', 'KK3655']","https://assets.adidas.com/images/w_383,h_383,f_auto,q_auto,fl_lossy,c_fill,g_auto/571324ebdab74eb1b2435aa064881a6f_9366/Y-3_ADIZERO_RC6_Sneakers_Burgundy_KI7794_00_plp_standard.jpg","{'prices': [{'type': 'original', 'value': 180, 'valueNoVat': 180}], 'isSoldOut': False}",30,4.4333,,True
IE6336,Lite Racer Adapt 7.0 Wide Shoes,Men Sportswear,https://www.adidas.com/us/lite-racer-adapt-7.0-wide-shoes/IE6336.html,NLE00,"['IE6336', 'IE8684']","https://assets.adidas.com/images/w_383,h_383,f_auto,q_auto,fl_lossy,c_fill,g_auto/ebb6ca848bdf449688bd669a0035a7e1_9366/Lite_Racer_Adapt_7.0_Wide_Shoes_White_IE6336_00_plp_standard.jpg","{'prices': [{'type': 'original', 'value': 70, 'valueNoVat': 70}], 'isSoldOut': False}",1403,4.5653,True,True
JS2156,JABBAR HI Shoes,Originals,https://www.adidas.com/us/jabbar-hi-shoes/JS2156.html,NLL59,"['JS2156', 'JI3445', 'JP6510', 'JR4891', 'JS2155']","https://assets.adidas.com/images/w_383,h_383,f_auto,q_auto,fl_lossy,c_fill,g_auto/855bde54f0d84f45bb6232bedc74b6fb_9366/JABBAR_HI_Shoes_White_JS2156_00_plp_standard.jpg","{'prices': [{'type': 'sale', 'value': 50, 'valueNoVat': 50}, {'type': 'original', 'value': 100, 'valueNoVat': 100, 'discountPercentage': -50}], 'isSoldOut': False}",149,4.6444,True,True
ID6275,VL Court 3.0 Shoes,Sportswear,https://www.adidas.com/us/vl-court-3.0-shoes/ID6275.html,OMP39U,"['ID6275', 'HQ0175', 'ID6276', 'ID6285', 'ID6286', 'ID9184', 'IF4457', 'IF4464', 'IH4039', 'IH6562', 'JP7537', 'JR0983', 'JR2222', 'JR8635', 'JR8636', 'JR8638']","https://assets.adidas.com/images/w_383,h_383,f_auto,q_auto,fl_lossy,c_fill,g_auto/8861e3b957ae43f7b3e755c817d90337_9366/VL_Court_3.0_Shoes_Blue_ID6275_HM1.jpg","{'prices': [{'type': 'original', 'value': 80, 'valueNoVat': 80}], 'isSoldOut': False}",532,4.7407,True,True
KJ2363,ANTHONY EDWARDS 2 Shoes,Performance,https://www.adidas.com/us/anthony-edwards-2-shoes/KJ2363.html,OQN77,"['KJ2363', 'JQ9493', 'JQ9495', 'JQ9497', 'JQ9501', 'JQ9503', 'JR1572', 'JR4359', 'JS3508', 'JS3514', 'KJ1887', 'KJ4228', 'KK0645', 'KK1390']","https://assets.adidas.com/images/w_383,h_383,f_auto,q_auto,fl_lossy,c_fill,g_auto/10695467009945c1b56ddb408e35e259_9366/ANTHONY_EDWARDS_2_Shoes_Pink_KJ2363_00_plp_standard.jpg","{'prices': [{'type': 'original', 'value': 130, 'valueNoVat': 130}], 'isSoldOut': False}",556,4.7482,True,True
KI2092,ADISTAR CONTROL 5 SHOES,Originals,https://www.adidas.com/us/adistar-control-5-shoes/KI2092.html,ORU51,"['KI2092', 'KH9562', 'KI2093', 'KI2096', 'KI2097', 'KI4472', 'KI7047', 'KI7049', 'KJ2724', 'KJ2725', 'KJ2726', 'KK3260', 'KZ7537', 'KZ9152']","https://assets.adidas.com/images/w_383,h_383,f_auto,q_auto,fl_lossy,c_fill,g_auto/ffe4e74c629f41deb968c99a2f58b2ee_9366/ADISTAR_CONTROL_5_SHOES_Grey_KI2092_00_plp_standard.jpg","{'prices': [{'type': 'original', 'value': 120, 'valueNoVat': 120}], 'isSoldOut': False}",17,5.0,,True
JP7537,VL Court 3.0 Shoes,Men Sportswear,https://www.adidas.com/us/vl-court-3.0-shoes/JP7537.html,OMP39U,"['JP7537', 'HQ0175', 'ID6275', 'ID6276', 'ID6285', 'ID6286', 'ID9184', 'IF4457', 'IF4464', 'IH4039', 'IH6562', 'JR0983', 'JR2222', 'JR8635', 'JR8636', 'JR8638']","https://assets.adidas.com/images/w_383,h_383,f_auto,q_auto,fl_lossy,c_fill,g_auto/ceaadf315d5e49d7bf116e1096130e58_9366/VL_Court_3.0_Shoes_Blue_JP7537_00_plp_standard.jpg","{'prices': [{'type': 'original', 'value': 80, 'valueNoVat': 80}], 'isSoldOut': False}",532,4.7407,True,True
JR8163,Campus 00s Shoes,Men Originals,https://www.adidas.com/us/campus-00s-shoes/JR8163.html,CAMPUSU1223,"['JR8163', 'H03471', 'H03472', 'H03474', 'HQ8707', 'HQ8708', 'ID1435', 'IH4093', 'IH6724', 'JQ8356', 'JQ8357', 'JR7287', 'KI0930', 'KI0931', 'KI0932']","https://assets.adidas.com/images/w_383,h_383,f_auto,q_auto,fl_lossy,c_fill,g_auto/759f51672ca44b59bf3fd5f26a6a62bc_9366/Campus_00s_Shoes_Blue_JR8163_00_plp_standard.jpg","{'prices': [{'type': 'original', 'value': 110, 'valueNoVat': 110}], 'isSoldOut': False}",1205,4.7859,,True
KI0981,Superstar II shoes,Originals,https://www.adidas.com/us/superstar-ii-shoes/KI0981.html,OPW95,"['KI0981', 'IH8659', 'IH9317', 'IH9318', 'JI0079', 'JQ3175', 'JR3584', 'JR7313', 'JR7315', 'KH8972', 'KH8973', 'KH9038', 'KI0979', 'KI2005', 'KJ3276', 'KJ8400', 'KJ9947', 'KK2356', 'KK4722', 'KK4723', 'KK4750', 'KK4751', 'KZ6730', 'KZ6731']","https://assets.adidas.com/images/w_383,h_383,f_auto,q_auto,fl_lossy,c_fill,g_auto/b876cc8a4d6c46528b7050f1a4a29e69_9366/Superstar_II_shoes_Black_KI0981_00_plp_standard.jpg","{'prices': [{'type': 'original', 'value': 120, 'valueNoVat': 120}], 'isSoldOut': False}",1087,4.8114,,True
JS3514,Anthony Edwards 2 Shoes,Performance,https://www.adidas.com/us/anthony-edwards-2-shoes/JS3514.html,OQN77,"['JS3514', 'JQ9493', 'JQ9495', 'JQ9497', 'JQ9501', 'JQ9503', 'JR1572', 'JR4359', 'JS3508', 'KJ1887', 'KJ2363', 'KJ4228', 'KK0645', 'KK1390']","https://assets.adidas.com/images/w_383,h_383,f_auto,q_auto,fl_lossy,c_fill,g_auto/478a9bfb40184deda3ab01c16a16401f_9366/Anthony_Edwards_2_Shoes_Orange_JS3514_00_plp_standard.jpg","{'prices': [{'type': 'original', 'value': 130, 'valueNoVat': 130}], 'isSoldOut': False}",556,4.7482,,True
JQ9495,ANTHONY EDWARDS 2 Shoes,Performance,https://www.adidas.com/us/anthony-edwards-2-shoes/JQ9495.html,OQN77,"['JQ9495', 'JQ9493', 'JQ9497', 'JQ9501', 'JQ9503', 'JR1572', 'JR4359', 'JS3508', 'JS3514', 'KJ1887', 'KJ2363', 'KJ4228', 'KK0645', 'KK1390']","https://assets.adidas.com/images/w_383,h_383,f_auto,q_auto,fl_lossy,c_fill,g_auto/f796f8f22430444ea04c34a29e78d21d_9366/ANTHONY_EDWARDS_2_Shoes_Green_JQ9495_00_plp_standard.jpg","{'prices': [{'type': 'original', 'value': 130, 'valueNoVat': 130}], 'isSoldOut': False}",556,4.7482,True,True
JS1775,Anthony Edwards 1 Low Shoes,Performance,https://www.adidas.com/us/anthony-edwards-1-low-shoes/JS1775.html,OOD69,"['JS1775', 'JQ6135', 'JR3915', 'JS1778']","https://assets.adidas.com/images/w_383,h_383,f_auto,q_auto,fl_lossy,c_fill,g_auto/70463f8c5e044ff0ad6a1f1aab67a336_9366/Anthony_Edwards_1_Low_Shoes_Grey_JS1775_00_plp_standard.jpg","{'prices': [{'type': 'original', 'value': 110, 'valueNoVat': 110}], 'isSoldOut': False}",964,4.6899,,True
JH6941,Lightblaze Shoes,Men Sportswear,https://www.adidas.com/us/lightblaze-shoes/JH6941.html,NJG58,"['JH6941', 'JH6944']","https://assets.adidas.com/images/w_383,h_383,f_auto,q_auto,fl_lossy,c_fill,g_auto/b244e28a3ca84a0d94bf677c829b420e_9366/Lightblaze_Shoes_Black_JH6941_HM1.jpg","{'prices': [{'type': 'original', 'value': 100, 'valueNoVat': 100}], 'isSoldOut': False}",465,4.6968,True,True
KK4751,SUPERSTAR II shoes,Originals,https://www.adidas.com/us/superstar-ii-shoes/KK4751.html,OPW95,"['KK4751', 'IH8659', 'IH9317', 'IH9318', 'JI0079', 'JQ3175', 'JR3584', 'JR7313', 'JR7315', 'KH8972', 'KH8973', 'KH9038', 'KI0979', 'KI0981', 'KI2005', 'KJ3276', 'KJ8400', 'KJ9947', 'KK2356', 'KK4722', 'KK4723', 'KK4750', 'KZ6730', 'KZ6731']","https://assets.adidas.com/images/w_383,h_383,f_auto,q_auto,fl_lossy,c_fill,g_auto/00cfe5a7b7ac47d5bade3231ebcfd002_9366/SUPERSTAR_II_shoes_Black_KK4751_00_plp_standard.jpg","{'prices': [{'type': 'original', 'value': 110, 'valueNoVat': 110}], 'isSoldOut': False}",1087,4.8114,,True
JR2385,RUN 70s 2.0 Shoes,Men Sportswear,https://www.adidas.com/us/run-70s-2.0-shoes/JR2385.html,NJG80,"['JR2385', 'IH8584', 'JI4919', 'JI4922', 'JR2382', 'JR2384']","https://assets.adidas.com/images/w_383,h_383,f_auto,q_auto,fl_lossy,c_fill,g_auto/5c912cb6b1db499fbe9933828d903f9f_9366/RUN_70s_2.0_Shoes_Brown_JR2385_HM1.jpg","{'prices': [{'type': 'original', 'value': 70, 'valueNoVat': 70}], 'isSoldOut': False}",619,4.5154,,True
KI7791,Y-3 ADIOS PRO 4 sneakers,Men Y-3,https://www.adidas.com/us/y-3-adios-pro-4-sneakers/KI7791.html,ORC01,"['KI7791', 'KI6874', 'KI7128', 'KZ9045']","https://assets.adidas.com/images/w_383,h_383,f_auto,q_auto,fl_lossy,c_fill,g_auto/fad375492b4d48fcac32790169a7372c_9366/Y-3_ADIOS_PRO_4_sneakers_Burgundy_KI7791_00_plp_standard.jpg","{'prices': [{'type': 'original', 'value': 330, 'valueNoVat': 330}], 'isSoldOut': False}",42,4.5477,,True
JR6598,Terrex Anylander Hiking Shoes,Men TERREX,https://www.adidas.com/us/terrex-anylander-hiking-shoes/JR6598.html,NJM57,"['JR6598', 'ID0895', 'JQ9953', 'JR6599', 'JR9088', 'KJ0864', 'KJ0865']","https://assets.adidas.com/images/w_383,h_383,f_auto,q_auto,fl_lossy,c_fill,g_auto/86f986f4d5c449649124e2d694d32a32_9366/Terrex_Anylander_Hiking_Shoes_Grey_JR6598_HM1.jpg","{'prices': [{'type': 'sale', 'value': 66, 'valueNoVat': 66}, {'type': 'original', 'value': 75, 'valueNoVat': 75, 'discountPercentage': -10}], 'isSoldOut': False}",1720,4.7164,True,True
KK2980,TYSHAWN II Shoes,Originals,https://www.adidas.com/us/tyshawn-ii-shoes/KK2980.html,OQU12,"['KK2980', 'HQ4730', 'HQ4733', 'HQ4735', 'JQ1132', 'KI7772', 'KK2981', 'KK2982']","https://assets.adidas.com/images/w_383,h_383,f_auto,q_auto,fl_lossy,c_fill,g_auto/9a025602952742318343f3679a68c648_9366/TYSHAWN_II_Shoes_Black_KK2980_00_plp_standard.jpg","{'prices': [{'type': 'original', 'value': 100, 'valueNoVat': 100}], 'isSoldOut': False}",80,4.7375,,True
KJ7618,ADIDAS MARVEL SPIDER-MAN LIGHTBLAZE SHOES,Men Sportswear,https://www.adidas.com/us/adidas-marvel-spider-man-lightblaze-shoes/KJ7618.html,OSF47,[],"https://assets.adidas.com/images/w_383,h_383,f_auto,q_auto,fl_lossy,c_fill,g_auto/5bd374b5309a49b0bb17ba8f6faad3cf_9366/ADIDAS_MARVEL_SPIDER-MAN_LIGHTBLAZE_SHOES_Black_KJ7618_00_plp_standard.jpg","{'prices': [{'type': 'original', 'value': 110, 'valueNoVat': 110}], 'isSoldOut': False}",28,4.75,,True
JR0983,VL Court 3.0 Shoes,Sportswear,https://www.adidas.com/us/vl-court-3.0-shoes/JR0983.html,OMP39U,"['JR0983', 'HQ0175', 'ID6275', 'ID6276', 'ID6285', 'ID6286', 'ID9184', 'IF4457', 'IF4464', 'IH4039', 'IH6562', 'JP7537', 'JR2222', 'JR8635', 'JR8636', 'JR8638']","https://assets.adidas.com/images/w_383,h_383,f_auto,q_auto,fl_lossy,c_fill,g_auto/bd4c854d7e8943ddb629543dc0ce9244_9366/VL_Court_3.0_Shoes_Green_JR0983_00_plp_standard.jpg","{'prices': [{'type': 'original', 'value': 75, 'valueNoVat': 75}], 'isSoldOut': False}",532,4.7407,True,True
KJ3263,Adistar Control 5 Mercedes - AMG Petronas F1 Team Shoes,Originals,https://www.adidas.com/us/adistar-control-5-mercedes---amg-petronas-f1-team-shoes/KJ3263.html,OQX83,[],"https://assets.adidas.com/images/w_383,h_383,f_auto,q_auto,fl_lossy,c_fill,g_auto/020f8e7e23864f728c75d8e4629a8855_9366/Adistar_Control_5_Mercedes_-_AMG_Petronas_F1_Team_Shoes_Black_KJ3263_00_plp_standard.jpg","{'prices': [{'type': 'original', 'value': 140, 'valueNoVat': 140}], 'isSoldOut': False}",4,5.0,,True
JQ9071,Italia 70s Shoes,Originals,https://www.adidas.com/us/italia-70s-shoes/JQ9071.html,ONJ28,"['JQ9071', 'IH6948']","https://assets.adidas.com/images/w_383,h_383,f_auto,q_auto,fl_lossy,c_fill,g_auto/b446351f6c8241949f717f8609f9b476_9366/Italia_70s_Shoes_Yellow_JQ9071_00_plp_standard.jpg","{'prices': [{'type': 'sale', 'value': 55, 'valueNoVat': 55}, {'type': 'original', 'value': 110, 'valueNoVat': 110, 'discountPercentage': -50}], 'isSoldOut': False}",52,4.2693,,True
IE1379,Samba XLG Shoes,Originals,https://www.adidas.com/us/samba-xlg-shoes/IE1379.html,OOX60,"['IE1379', 'IE1377', 'KI0916']","https://assets.adidas.com/images/w_383,h_383,f_auto,q_auto,fl_lossy,c_fill,g_auto/7ef90a5357824695a5dc28303d398a06_9366/Samba_XLG_Shoes_Black_IE1379_00_plp_standard.jpg","{'prices': [{'type': 'sale', 'value': 77, 'valueNoVat': 77}, {'type': 'original', 'value': 110, 'valueNoVat': 110, 'discountPercentage': -30}], 'isSoldOut': False}",573,4.7661,True,True
IH8218,Duramo SL 2 Running Shoes,Men Performance,https://www.adidas.com/us/duramo-sl-2-running-shoes/IH8218.html,NKL69,"['IH8218', 'IH8215', 'IH8217', 'IH8221', 'JP9203', 'JS4395', 'KJ4144']","https://assets.adidas.com/images/w_383,h_383,f_auto,q_auto,fl_lossy,c_fill,g_auto/dea1765f5a004cdeafb72795bd742713_9366/Duramo_SL_2_Running_Shoes_Black_IH8218_HM1.jpg","{'prices': [{'type': 'original', 'value': 70, 'valueNoVat': 70}], 'isSoldOut': False}",2009,4.5635,True,True
IH8215,Duramo SL 2 Running Shoes,Men Performance,https://www.adidas.com/us/duramo-sl-2-running-shoes/IH8215.html,NKL69,"['IH8215', 'IH8217', 'IH8218', 'IH8221', 'JP9203', 'JS4395', 'KJ4144']","https://assets.adidas.com/images/w_383,h_383,f_auto,q_auto,fl_lossy,c_fill,g_auto/a73975545aa740b19fbeedf6960311e6_9366/Duramo_SL_2_Running_Shoes_White_IH8215_HM1.jpg","{'prices': [{'type': 'original', 'value': 70, 'valueNoVat': 70}], 'isSoldOut': False}",2009,4.5635,True,True
KI7793,Y-3 ADIZERO RC6 Sneakers,Y-3,https://www.adidas.com/us/y-3-adizero-rc6-sneakers/KI7793.html,OPW13,"['KI7793', 'KI7792', 'KI7794', 'KJ3444', 'KK3654', 'KK3655']","https://assets.adidas.com/images/w_383,h_383,f_auto,q_auto,fl_lossy,c_fill,g_auto/277f6d74fd844fd6a7f403260e81d0c9_9366/Y-3_ADIZERO_RC6_Sneakers_White_KI7793_00_plp_standard.jpg","{'prices': [{'type': 'original', 'value': 180, 'valueNoVat': 180}], 'isSoldOut': False}",30,4.4333,,True
JH7245,Ultraboost 5X Shoes,Men Performance,https://www.adidas.com/us/ultraboost-5x-shoes/JH7245.html,NKQ99,"['JH7245', 'IH4005', 'JS2492']","https://assets.adidas.com/images/w_383,h_383,f_auto,q_auto,fl_lossy,c_fill,g_auto/076bc1a8f68940fea4785d9143c4bb0e_9366/Ultraboost_5X_Shoes_White_JH7245_00_plp_standard.jpg","{'prices': [{'type': 'sale', 'value': 90, 'valueNoVat': 90}, {'type': 'original', 'value': 180, 'valueNoVat': 180, 'discountPercentage': -50}], 'isSoldOut': False}",1740,4.6328,True,True
KI8275,TERREX FREEHIKER 3 Low GORE-TEX Hiking Shoes,Men TERREX,https://www.adidas.com/us/terrex-freehiker-3-low-gore-tex-hiking-shoes/KI8275.html,OOZ34,"['KI8275', 'HQ9292', 'KI8276', 'KI8278', 'LA3855']","https://assets.adidas.com/images/w_383,h_383,f_auto,q_auto,fl_lossy,c_fill,g_auto/bf3d47dc1d404197af3eda7db760d1ba_9366/TERREX_FREEHIKER_3_Low_GORE-TEX_Hiking_Shoes_White_KI8275_00_plp_standard.jpg","{'prices': [{'type': 'original', 'value': 180, 'valueNoVat': 180}], 'isSoldOut': True, 'soldOutText': 'Sold out'}",55,4.6546,,True
KJ8969,CLIMACOOL LACED SHOES,Sportswear,https://www.adidas.com/us/climacool-laced-shoes/KJ8969.html,OSE56,"['KJ8969', 'JQ6647', 'KJ0659', 'KJ2595']","https://assets.adidas.com/images/w_383,h_383,f_auto,q_auto,fl_lossy,c_fill,g_auto/20bf10afb6fc42a5bc68f2dbaa50c043_9366/CLIMACOOL_LACED_SHOES_White_KJ8969_00_plp_standard.jpg","{'prices': [{'type': 'original', 'value': 160, 'valueNoVat': 160}], 'isSoldOut': False}",159,4.5535,True,True
KJ1197,Powerphase Mercedes Shoes,Men Originals,https://www.adidas.com/us/powerphase-mercedes-shoes/KJ1197.html,ONY80,[],"https://assets.adidas.com/images/w_383,h_383,f_auto,q_auto,fl_lossy,c_fill,g_auto/872a5d0ebeb7460899d023db06aa7a0b_9366/Powerphase_Mercedes_Shoes_White_KJ1197_00_plp_standard.jpg","{'prices': [{'type': 'original', 'value': 120, 'valueNoVat': 120}], 'isSoldOut': False}",9,4.8889,,True
KI4100,CRAZY ENERGY+ Shoes,Performance,https://www.adidas.com/us/crazy-energy-plus-shoes/KI4100.html,ORZ67,"['KI4100', 'JS4289', 'KI3197', 'KI4103']","https://assets.adidas.com/images/w_383,h_383,f_auto,q_auto,fl_lossy,c_fill,g_auto/b797db71070e4879bd03ac772bf26f7e_9366/CRAZY_ENERGY_Shoes_Red_KI4100_00_plp_standard.jpg","{'prices': [{'type': 'original', 'value': 150, 'valueNoVat': 150}], 'isSoldOut': False}",27,4.926,,True
JP9626,Megaride Shoes,Men Originals,https://www.adidas.com/us/megaride-shoes/JP9626.html,OOW46,"['JP9626', 'JH5523']","https://assets.adidas.com/images/w_383,h_383,f_auto,q_auto,fl_lossy,c_fill,g_auto/5367c59503fa4e44b6866a46fe75188f_9366/Megaride_Shoes_Black_JP9626_00_plp_standard.jpg","{'prices': [{'type': 'sale', 'value': 119, 'valueNoVat': 119}, {'type': 'original', 'value': 170, 'valueNoVat': 170, 'discountPercentage': -30}], 'isSoldOut': False}",126,4.7382,True,True
KJ5406,TYSHAWN Shoes,Men Originals,https://www.adidas.com/us/tyshawn-shoes/KJ5406.html,LEA73A,"['KJ5406', 'JQ1134', 'JR9498', 'KJ0192', 'KJ0194']","https://assets.adidas.com/images/w_383,h_383,f_auto,q_auto,fl_lossy,c_fill,g_auto/4841e314dd884209a72e4b03063902bc_9366/TYSHAWN_Shoes_White_KJ5406_00_plp_standard.jpg","{'prices': [{'type': 'original', 'value': 85, 'valueNoVat': 85}], 'isSoldOut': False}",547,4.6563,,True
KJ7554,ADISTAR SPW SHOES,Men Sportswear,https://www.adidas.com/us/adistar-spw-shoes/KJ7554.html,OQM49,"['KJ7554', 'KJ7553', 'KJ7556']","https://assets.adidas.com/images/w_383,h_383,f_auto,q_auto,fl_lossy,c_fill,g_auto/8dd5789593f7448f8467e05dd959fef0_9366/ADISTAR_SPW_SHOES_Grey_KJ7554_HM1.jpg","{'prices': [{'type': 'original', 'value': 130, 'valueNoVat': 130}], 'isSoldOut': False}",-99,,,True
KI2666,Y-3 NISI LO,Y-3,https://www.adidas.com/us/y-3-nisi-lo/KI2666.html,OQP70,"['KI2666', 'KH9321', 'KI2667']","https://assets.adidas.com/images/w_383,h_383,f_auto,q_auto,fl_lossy,c_fill,g_auto/4d555433823e441f81fa70393b44c517_9366/Y-3_NISI_LO_White_KI2666_00_plp_standard.jpg","{'prices': [{'type': 'original', 'value': 180, 'valueNoVat': 180}], 'isSoldOut': False}",2,5.0,,True
KI5768,X_PLRPATH WIDE SHOES,Men Sportswear,https://www.adidas.com/us/x_plrpath-wide-shoes/KI5768.html,ONN38,"['KI5768', 'KI5767']","https://assets.adidas.com/images/w_383,h_383,f_auto,q_auto,fl_lossy,c_fill,g_auto/1af9a87e66de4923a34d050c39c11379_9366/X_PLRPATH_WIDE_SHOES_Black_KI5768_00_plp_standard.jpg","{'prices': [{'type': 'original', 'value': 65, 'valueNoVat': 65}], 'isSoldOut': False}",4,5.0,True,True
KI7892,Y-3 TOKYO Sneakers,Y-3,https://www.adidas.com/us/y-3-tokyo-sneakers/KI7892.html,OPW53,"['KI7892', 'KI4349', 'KI4350', 'KI7890', 'KI7894']","https://assets.adidas.com/images/w_383,h_383,f_auto,q_auto,fl_lossy,c_fill,g_auto/91c55c68a59648a4b12a8e848a47e943_9366/Y-3_TOKYO_Sneakers_Black_KI7892_00_plp_standard.jpg","{'prices': [{'type': 'original', 'value': 300, 'valueNoVat': 300}], 'isSoldOut': False}",26,4.9231,,True
KI0930,Campus 00s Shoes,Originals,https://www.adidas.com/us/campus-00s-shoes/KI0930.html,CAMPUSU1223,"['KI0930', 'H03471', 'H03472', 'H03474', 'HQ8707', 'HQ8708', 'ID1435', 'IH4093', 'IH6724', 'JQ8356', 'JQ8357', 'JR7287', 'JR8163', 'KI0931', 'KI0932']","https://assets.adidas.com/images/w_383,h_383,f_auto,q_auto,fl_lossy,c_fill,g_auto/a37ba02be8ba4639a6e24be2068a4c5c_9366/Campus_00s_Shoes_Green_KI0930_00_plp_standard.jpg","{'prices': [{'type': 'sale', 'value': 55, 'valueNoVat': 55}, {'type': 'original', 'value': 110, 'valueNoVat': 110, 'discountPercentage': -50}], 'isSoldOut': False}",1205,4.7859,True,True
KJ5078,LITE RACER ADAPT 8.0 WIDE SHOES,Men Sportswear,https://www.adidas.com/us/lite-racer-adapt-8.0-wide-shoes/KJ5078.html,OSK82,"['KJ5078', 'KJ5076', 'KJ5077', 'KJ5079']","https://assets.adidas.com/images/w_383,h_383,f_auto,q_auto,fl_lossy,c_fill,g_auto/adfad7cb906e4cc38afd399cbf67bf10_9366/LITE_RACER_ADAPT_8.0_WIDE_SHOES_Blue_KJ5078_00_plp_standard.jpg","{'prices': [{'type': 'original', 'value': 70, 'valueNoVat': 70}], 'isSoldOut': False}",35,4.8858,True,True
KJ4429,TERREX Freehiker SL GORE-TEX Hiking Shoes,Men TERREX,https://www.adidas.com/us/terrex-freehiker-sl-gore-tex-hiking-shoes/KJ4429.html,OQN91,"['KJ4429', 'KJ4430', 'KJ4431']","https://assets.adidas.com/images/w_383,h_383,f_auto,q_auto,fl_lossy,c_fill,g_auto/1e9e42fbac1e4f0683998837d5c49a70_9366/TERREX_Freehiker_SL_GORE-TEX_Hiking_Shoes_Brown_KJ4429_HM1.jpg","{'prices': [{'type': 'original', 'value': 150, 'valueNoVat': 150}], 'isSoldOut': False}",89,4.6967,,True
IH8217,Duramo SL 2 Running Shoes,Men Performance,https://www.adidas.com/us/duramo-sl-2-running-shoes/IH8217.html,NKL69,"['IH8217', 'IH8215', 'IH8218', 'IH8221', 'JP9203', 'JS4395', 'KJ4144']","https://assets.adidas.com/images/w_383,h_383,f_auto,q_auto,fl_lossy,c_fill,g_auto/ed06e00bf2d5462ebfed98284aafd9d4_9366/Duramo_SL_2_Running_Shoes_Black_IH8217_HM1.jpg","{'prices': [{'type': 'original', 'value': 70, 'valueNoVat': 70}], 'isSoldOut': False}",2009,4.5635,True,True
LA2339,LOUISVILLE CARDINALS ADIZERO EVO SL EXO Shoes,Performance,https://www.adidas.com/us/louisville-cardinals-adizero-evo-sl-exo-shoes/LA2339.html,ORQ42xx,"['LA2339', 'KZ9920', 'LA1973', 'LA1974', 'LA1975', 'LA1976', 'LA1977', 'LA1978', 'LA1980', 'LA1981', 'LA1984', 'LA1985', 'LA2338', 'LA2340']","https://assets.adidas.com/images/w_383,h_383,f_auto,q_auto,fl_lossy,c_fill,g_auto/7e146fc413c0413da8ad7989679b709c_9366/LOUISVILLE_CARDINALS_ADIZERO_EVO_SL_EXO_Shoes_White_LA2339_00_plp_standard.jpg","{'prices': [{'type': 'original', 'value': 160, 'valueNoVat': 160}], 'isSoldOut': False}",31,4.871,,True
KI7890,Y-3 TOKYO Trainers,Y-3,https://www.adidas.com/us/y-3-tokyo-trainers/KI7890.html,OPW53,"['KI7890', 'KI4349', 'KI4350', 'KI7892', 'KI7894']","https://assets.adidas.com/images/w_383,h_383,f_auto,q_auto,fl_lossy,c_fill,g_auto/51753e88593945eebb7d964ea4d22b31_9366/Y-3_TOKYO_Trainers_White_KI7890_00_plp_standard.jpg","{'prices': [{'type': 'original', 'value': 300, 'valueNoVat': 300}], 'isSoldOut': False}",26,4.9231,,True
JQ2147,Nebraska Cornhuskers Adizero EVO SL Shoes,Men Performance,https://www.adidas.com/us/nebraska-cornhuskers-adizero-evo-sl-shoes/JQ2147.html,ONI53,"['JQ2147', 'JQ2148', 'JQ2150', 'JQ4566', 'JQ4569', 'JQ4573', 'JQ4575', 'JQ4576', 'JQ4578']","https://assets.adidas.com/images/w_383,h_383,f_auto,q_auto,fl_lossy,c_fill,g_auto/95a4dd0d5c0249b78a72d3dc2986559f_9366/Nebraska_Cornhuskers_Adizero_EVO_SL_Shoes_White_JQ2147_00_plp_standard.jpg","{'prices': [{'type': 'sale', 'value': 80, 'valueNoVat': 80}, {'type': 'original', 'value': 160, 'valueNoVat': 160, 'discountPercentage': -50}], 'isSoldOut': False}",191,4.822,,False
KJ0375,Y-3 NIZZASTAR LO Shoes,Y-3,https://www.adidas.com/us/y-3-nizzastar-lo-shoes/KJ0375.html,OPW77,[],"https://assets.adidas.com/images/w_383,h_383,f_auto,q_auto,fl_lossy,c_fill,g_auto/e42e4a7f7b504df5bc2be47c542a4527_9366/Y-3_NIZZASTAR_LO_Shoes_Black_KJ0375_00_plp_standard.jpg","{'prices': [{'type': 'original', 'value': 380, 'valueNoVat': 380}], 'isSoldOut': False}",-99,,,True
HQ9251,Samba LX Freizeit Shoes,Originals,https://www.adidas.com/us/samba-lx-freizeit-shoes/HQ9251.html,OOT58,"['HQ9251', 'JQ9407']","https://assets.adidas.com/images/w_383,h_383,f_auto,q_auto,fl_lossy,c_fill,g_auto/698ff6c863634b73930013731957db5b_9366/Samba_LX_Freizeit_Shoes_Brown_HQ9251_00_plp_standard.jpg","{'prices': [{'type': 'original', 'value': 160, 'valueNoVat': 160}], 'isSoldOut': False}",21,4.2858,,True
KH6696,PURECHILL SHOES,Men Sportswear,https://www.adidas.com/us/purechill-shoes/KH6696.html,OSF28,"['KH6696', 'KH6421', 'KH6422', 'KH6423', 'KH6424', 'KH6425', 'KH6427', 'KH6673', 'KH6698', 'KI0065', 'KI0066', 'KI0067', 'KI0073', 'KI0074', 'KI0075']","https://assets.adidas.com/images/w_383,h_383,f_auto,q_auto,fl_lossy,c_fill,g_auto/dab25e47aceb408f9bb6f27c58ffbcaf_9366/PURECHILL_SHOES_Pink_KH6696_00_plp_standard.jpg","{'prices': [{'type': 'original', 'value': 75, 'valueNoVat': 75}], 'isSoldOut': False}",1245,4.6274,,True
JP9223,Duramo Speed 2 Running Shoes,Men Performance,https://www.adidas.com/us/duramo-speed-2-running-shoes/JP9223.html,NKL71,"['JP9223', 'IH8201', 'IH8206', 'KJ2866', 'KJ2867']","https://assets.adidas.com/images/w_383,h_383,f_auto,q_auto,fl_lossy,c_fill,g_auto/6c73355540ef4705a42c10d51fa7b474_9366/Duramo_Speed_2_Running_Shoes_White_JP9223_HM1.jpg","{'prices': [{'type': 'sale', 'value': 54, 'valueNoVat': 54}, {'type': 'original', 'value': 90, 'valueNoVat': 90, 'discountPercentage': -40}], 'isSoldOut': False}",572,4.6067,,True
KJ0247,BUSENITZ VULC II Shoes,Men Originals,https://www.adidas.com/us/busenitz-vulc-ii-shoes/KJ0247.html,GMN51,"['KJ0247', 'EF8472', 'HQ4711', 'HQ7528', 'HQ7530', 'KJ0245', 'KJ0248', 'KJ0249', 'KJ0251', 'KJ0252', 'KJ3476']","https://assets.adidas.com/images/w_383,h_383,f_auto,q_auto,fl_lossy,c_fill,g_auto/c0a4a6ad58494ef2a74b2fb2c099c731_9366/BUSENITZ_VULC_II_Shoes_Green_KJ0247_00_plp_standard.jpg","{'prices': [{'type': 'original', 'value': 75, 'valueNoVat': 75}], 'isSoldOut': False}",2130,4.6789,True,True
IH6618,HANDBALL SPEZIAL SHOES,Originals,https://www.adidas.com/us/handball-spezial-shoes/IH6618.html,BTP23,"['IH6618', 'BD7632', 'BD7633', 'DB3021', 'IF7086', 'IF7087', 'IG6191', 'IG6192', 'IH6506', 'IH6507', 'IH6508', 'IH6568', 'IH6569', 'IH6586', 'IH6588', 'IH6592', 'IH6594', 'IH6597', 'IH6598', 'IH6617', 'IH9668', 'IH9672', 'IH9760', 'KH9051', 'KI8580', 'KI8685', 'KI8686', 'KI8687', 'KJ2399', 'KJ2401', 'KJ7413', 'KJ7414', 'KJ7415', 'KJ9876', 'KJ9883', 'KJ9884', 'KJ9956', 'KJ9957', 'KJ9958', 'KJ9962', 'KJ9963', 'KJ9964', 'KJ9968', 'KJ9969', 'KJ9974', 'KJ9975', 'KK1153', 'KK2692', 'KK2693', 'KK2694', 'KK4232', 'KK4242', 'KK4860', 'KK4867', 'KZ6702', 'KZ6703', 'KZ6704', 'KZ6705', 'KZ6706', 'KZ6707', 'KZ6712']","https://assets.adidas.com/images/w_383,h_383,f_auto,q_auto,fl_lossy,c_fill,g_auto/421bc54edb1245cb9f70d8e22b8c9513_9366/HANDBALL_SPEZIAL_SHOES_Blue_IH6618_00_plp_standard.jpg","{'prices': [{'type': 'sale', 'value': 65, 'valueNoVat': 65}, {'type': 'original', 'value': 130, 'valueNoVat': 130, 'discountPercentage': -50}], 'isSoldOut': False}",9789,4.8179,True,True
JR2222,VL Court 3.0 Shoes,Men Sportswear,https://www.adidas.com/us/vl-court-3.0-shoes/JR2222.html,OMP39U,"['JR2222', 'HQ0175', 'ID6275', 'ID6276', 'ID6285', 'ID6286', 'ID9184', 'IF4457', 'IF4464', 'IH4039', 'IH6562', 'JP7537', 'JR0983', 'JR8635', 'JR8636', 'JR8638']","https://assets.adidas.com/images/w_383,h_383,f_auto,q_auto,fl_lossy,c_fill,g_auto/c80d1b93f8bd432ab6617fe2d19e24f5_9366/VL_Court_3.0_Shoes_Beige_JR2222_HM1.jpg","{'prices': [{'type': 'original', 'value': 80, 'valueNoVat': 80}], 'isSoldOut': False}",532,4.7407,True,True
IH1095,Terrex Skychaser GORE-TEX Hiking Shoes,Men TERREX,https://www.adidas.com/us/terrex-skychaser-gore-tex-hiking-shoes/IH1095.html,EXCCONFTEAM26,"['IH1095', 'IH1093']","https://assets.adidas.com/images/w_383,h_383,f_auto,q_auto,fl_lossy,c_fill,g_auto/2deb270759c44beb9cd3d7009804d159_9366/Terrex_Skychaser_GORE-TEX_Hiking_Shoes_Green_IH1095_00_plp_standard.jpg","{'prices': [{'type': 'original', 'value': 160, 'valueNoVat': 160}], 'isSoldOut': False}",103,4.4855,,True
KJ8933,Terrex Skychaser AX5 Mid GORE-TEX CLIMAWARM+ Hiking Shoes,Men TERREX,https://www.adidas.com/us/terrex-skychaser-ax5-mid-gore-tex-climawarm-plus-hiking-shoes/KJ8933.html,NMQ37,[],"https://assets.adidas.com/images/w_383,h_383,f_auto,q_auto,fl_lossy,c_fill,g_auto/f2c0b2a17e1c4636a215c784325b13be_9366/Terrex_Skychaser_AX5_Mid_GORE-TEX_CLIMAWARM_Hiking_Shoes_Blue_KJ8933_HM1.jpg","{'prices': [{'type': 'original', 'value': 160, 'valueNoVat': 160}], 'isSoldOut': False}",61,4.541,,True
KK3391,MEGARIDE S2 M SHOES,Originals,https://www.adidas.com/us/megaride-s2-m-shoes/KK3391.html,ONX36,"['KK3391', 'KJ8864']","https://assets.adidas.com/images/w_383,h_383,f_auto,q_auto,fl_lossy,c_fill,g_auto/7b54d90d70794224b7293ff3898b8bcf_9366/MEGARIDE_S2_M_SHOES_Black_KK3391_00_plp_standard.jpg","{'prices': [{'type': 'sale', 'value': 70, 'valueNoVat': 70}, {'type': 'original', 'value': 140, 'valueNoVat': 140, 'discountPercentage': -50}], 'isSoldOut': False}",55,4.3091,,True
IH7830,Forum Low CL Shoes,Originals,https://www.adidas.com/us/forum-low-cl-shoes/IH7830.html,MCG93,"['IH7830', 'IH7828', 'IH7829']","https://assets.adidas.com/images/w_383,h_383,f_auto,q_auto,fl_lossy,c_fill,g_auto/3baa2f1ace904af8a11fdac4c624521e_9366/Forum_Low_CL_Shoes_White_IH7830_00_plp_standard.jpg","{'prices': [{'type': 'sale', 'value': 60, 'valueNoVat': 60}, {'type': 'original', 'value': 100, 'valueNoVat': 100, 'discountPercentage': -40}], 'isSoldOut': False}",1753,4.6435,True,True
JR8636,VL Court 3.0 Shoes,Sportswear,https://www.adidas.com/us/vl-court-3.0-shoes/JR8636.html,OMP39U,"['JR8636', 'HQ0175', 'ID6275', 'ID6276', 'ID6285', 'ID6286', 'ID9184', 'IF4457', 'IF4464', 'IH4039', 'IH6562', 'JP7537', 'JR0983', 'JR2222', 'JR8635', 'JR8638']","https://assets.adidas.com/images/w_383,h_383,f_auto,q_auto,fl_lossy,c_fill,g_auto/c7c5f06d92e94aaf98e5832b94a75de3_9366/VL_Court_3.0_Shoes_White_JR8636_00_plp_standard.jpg","{'prices': [{'type': 'original', 'value': 75, 'valueNoVat': 75}], 'isSoldOut': False}",532,4.7407,True,True
KJ3276,SUPERSTAR II SHOES,Originals,https://www.adidas.com/us/superstar-ii-shoes/KJ3276.html,OPW95,"['KJ3276', 'IH8659', 'IH9317', 'IH9318', 'JI0079', 'JQ3175', 'JR3584', 'JR7313', 'JR7315', 'KH8972', 'KH8973', 'KH9038', 'KI0979', 'KI0981', 'KI2005', 'KJ8400', 'KJ9947', 'KK2356', 'KK4722', 'KK4723', 'KK4750', 'KK4751', 'KZ6730', 'KZ6731']","https://assets.adidas.com/images/w_383,h_383,f_auto,q_auto,fl_lossy,c_fill,g_auto/9cef15afbcb74a858b6a886e1286760e_9366/SUPERSTAR_II_SHOES_Black_KJ3276_00_plp_standard.jpg","{'prices': [{'type': 'sale', 'value': 60, 'valueNoVat': 60}, {'type': 'original', 'value': 120, 'valueNoVat': 120, 'discountPercentage': -50}], 'isSoldOut': False}",1087,4.8114,,True
JI0846,Tyshawn II Shoes,Originals,https://www.adidas.com/us/tyshawn-ii-shoes/JI0846.html,NLK20,[],"https://assets.adidas.com/images/w_383,h_383,f_auto,q_auto,fl_lossy,c_fill,g_auto/a643cf24fc284c7aa8063f2f036c2f89_9366/Tyshawn_II_Shoes_Black_JI0846_00_plp_standard.jpg","{'prices': [{'type': 'original', 'value': 100, 'valueNoVat': 100}], 'isSoldOut': False}",138,4.6087,True,True
HP4657,Y-3 PREDATOR PRECISION Sneakers,Y-3,https://www.adidas.com/us/y-3-predator-precision-sneakers/HP4657.html,NTD49,"['HP4657', 'HP4653']","https://assets.adidas.com/images/w_383,h_383,f_auto,q_auto,fl_lossy,c_fill,g_auto/5bb7b3124bae410f9878f6454c2fe55f_9366/Y-3_PREDATOR_PRECISION_Sneakers_White_HP4657_00_plp_standard.jpg","{'prices': [{'type': 'original', 'value': 280, 'valueNoVat': 280}], 'isSoldOut': False}",2,4.5,,True
KI7807,Y-3 GSG9 LO Shoes,Y-3,https://www.adidas.com/us/y-3-gsg9-lo-shoes/KI7807.html,OPW21,[],"https://assets.adidas.com/images/w_383,h_383,f_auto,q_auto,fl_lossy,c_fill,g_auto/dfb3d83b25224227acf1b7386708a660_9366/Y-3_GSG9_LO_Shoes_Black_KI7807_00_plp_standard.jpg","{'prices': [{'type': 'original', 'value': 450, 'valueNoVat': 450}], 'isSoldOut': False}",-99,,,True
IH7829,Forum Low CL Shoes,Originals,https://www.adidas.com/us/forum-low-cl-shoes/IH7829.html,MCG93,"['IH7829', 'IH7828', 'IH7830']","https://assets.adidas.com/images/w_383,h_383,f_auto,q_auto,fl_lossy,c_fill,g_auto/3219153fd30349e187631c3c18978372_9366/Forum_Low_CL_Shoes_White_IH7829_00_plp_standard.jpg","{'prices': [{'type': 'sale', 'value': 60, 'valueNoVat': 60}, {'type': 'original', 'value': 100, 'valueNoVat': 100, 'discountPercentage': -40}], 'isSoldOut': False}",1753,4.6435,True,True
KJ5955,ADISTAR CONTROL 5 SHOES,Originals,https://www.adidas.com/us/adistar-control-5-shoes/KJ5955.html,ONN89,"['KJ5955', 'KH6895', 'KI6120', 'KI6121', 'KI6150', 'KI6151', 'KI6152', 'KI6154', 'KI6680', 'KI8590', 'KI8592', 'KI8601', 'KI9356', 'KJ3630', 'KJ3631', 'KJ7727', 'KJ8805', 'LA3965']","https://assets.adidas.com/images/w_383,h_383,f_auto,q_auto,fl_lossy,c_fill,g_auto/7a5e0a14941d436293e7ec7582c9fb57_9366/ADISTAR_CONTROL_5_SHOES_Silver_KJ5955_00_plp_standard.jpg","{'prices': [{'type': 'sale', 'value': 65, 'valueNoVat': 65}, {'type': 'original', 'value': 130, 'valueNoVat': 130, 'discountPercentage': -50}], 'isSoldOut': False}",664,4.8449,True,True
IE8132,Galaxy 6 Shoes,Men Performance,https://www.adidas.com/us/galaxy-6-shoes/IE8132.html,LIV00,[],"https://assets.adidas.com/images/w_383,h_383,f_auto,q_auto,fl_lossy,c_fill,g_auto/99d79ed1b5f74a46bd93a1335b1098f7_9366/Galaxy_6_Shoes_Red_IE8132_00_plp_standard.jpg","{'prices': [{'type': 'original', 'value': 60, 'valueNoVat': 60}], 'isSoldOut': False}",3639,4.6406,,True
JR4614,BARREDA MUNDIAL Shoes,Sportswear,https://www.adidas.com/us/barreda-mundial-shoes/JR4614.html,OSM34,"['JR4614', 'HQ2351', 'KJ7386', 'KJ7387']","https://assets.adidas.com/images/w_383,h_383,f_auto,q_auto,fl_lossy,c_fill,g_auto/66730566604b4793a3c70c31cab7a559_9366/BARREDA_MUNDIAL_Shoes_White_JR4614_HM1.jpg","{'prices': [{'type': 'sale', 'value': 68, 'valueNoVat': 68}, {'type': 'original', 'value': 90, 'valueNoVat': 90, 'discountPercentage': -20}], 'isSoldOut': False}",97,4.8248,True,True
KK4750,SUPERSTAR II shoes,Originals,https://www.adidas.com/us/superstar-ii-shoes/KK4750.html,OPW95,"['KK4750', 'IH8659', 'IH9317', 'IH9318', 'JI0079', 'JQ3175', 'JR3584', 'JR7313', 'JR7315', 'KH8972', 'KH8973', 'KH9038', 'KI0979', 'KI0981', 'KI2005', 'KJ3276', 'KJ8400', 'KJ9947', 'KK2356', 'KK4722', 'KK4723', 'KK4751', 'KZ6730', 'KZ6731']","https://assets.adidas.com/images/w_383,h_383,f_auto,q_auto,fl_lossy,c_fill,g_auto/643efeee56a74db486e3f3f5f7949f6b_9366/SUPERSTAR_II_shoes_Beige_KK4750_00_plp_standard.jpg","{'prices': [{'type': 'original', 'value': 110, 'valueNoVat': 110}], 'isSoldOut': False}",1087,4.8114,,True
KZ9074,Y-3 DIAGONAL STAN SMITH Sneakers,Y-3,https://www.adidas.com/us/y-3-diagonal-stan-smith-sneakers/KZ9074.html,ORC15,"['KZ9074', 'KZ9072', 'KZ9073']","https://assets.adidas.com/images/w_383,h_383,f_auto,q_auto,fl_lossy,c_fill,g_auto/e19cb777c0d641beacd3fa2db6231859_9366/Y-3_DIAGONAL_STAN_SMITH_Sneakers_White_KZ9074_00_plp_standard.jpg","{'prices': [{'type': 'original', 'value': 280, 'valueNoVat': 280}], 'isSoldOut': False}",5,5.0,,True
KJ2724,ADISTAR CONTROL 5 SHOES,Originals,https://www.adidas.com/us/adistar-control-5-shoes/KJ2724.html,ORU51,"['KJ2724', 'KH9562', 'KI2092', 'KI2093', 'KI2096', 'KI2097', 'KI4472', 'KI7047', 'KI7049', 'KJ2725', 'KJ2726', 'KK3260', 'KZ7537', 'KZ9152']","https://assets.adidas.com/images/w_383,h_383,f_auto,q_auto,fl_lossy,c_fill,g_auto/8a753045acc7427d952c923091d37749_9366/ADISTAR_CONTROL_5_SHOES_Silver_KJ2724_00_plp_standard.jpg","{'prices': [{'type': 'original', 'value': 120, 'valueNoVat': 120}], 'isSoldOut': False}",17,5.0,,True
LA1985,ARIZONA SUN DEVILS ADIZERO EVO SL EXO Shoes,Performance,https://www.adidas.com/us/arizona-sun-devils-adizero-evo-sl-exo-shoes/LA1985.html,ORQ42xx,"['LA1985', 'KZ9920', 'LA1973', 'LA1974', 'LA1975', 'LA1976', 'LA1977', 'LA1978', 'LA1980', 'LA1981', 'LA1984', 'LA2338', 'LA2339', 'LA2340']","https://assets.adidas.com/images/w_383,h_383,f_auto,q_auto,fl_lossy,c_fill,g_auto/53ebdab115264fd09f4222ba9a3d454a_9366/ARIZONA_SUN_DEVILS_ADIZERO_EVO_SL_EXO_Shoes_White_LA1985_00_plp_standard.jpg","{'prices': [{'type': 'original', 'value': 160, 'valueNoVat': 160}], 'isSoldOut': False}",31,4.871,,True
HQ7656,MEGARIDE AG Shoes,Originals,https://www.adidas.com/us/megaride-ag-shoes/HQ7656.html,OSA34,"['HQ7656', 'HQ7657', 'KI6716', 'KI6720', 'KJ3001', 'KK0634']","https://assets.adidas.com/images/w_383,h_383,f_auto,q_auto,fl_lossy,c_fill,g_auto/1b694ca35bae46eeb5e61b205948e93f_9366/MEGARIDE_AG_Shoes_Black_HQ7656_00_plp_standard.jpg","{'prices': [{'type': 'sale', 'value': 162, 'valueNoVat': 162}, {'type': 'original', 'value': 190, 'valueNoVat': 190, 'discountPercentage': -10}], 'isSoldOut': False}",122,4.6804,,True
KH9153,HARDEN VOLUME 10 Shoes,Performance,https://www.adidas.com/us/harden-volume-10-shoes/KH9153.html,OMP59,"['KH9153', 'JQ9422', 'JQ9453', 'JR1598', 'JR1602', 'KI1604', 'KI1605', 'KI1608', 'KI1610', 'KJ1454']","https://assets.adidas.com/images/w_383,h_383,f_auto,q_auto,fl_lossy,c_fill,g_auto/7b71fa6d4548446e96ae574fbd811b7e_9366/HARDEN_VOLUME_10_Shoes_Gold_KH9153_00_plp_standard.jpg","{'prices': [{'type': 'original', 'value': 160, 'valueNoVat': 160}], 'isSoldOut': False}",252,4.7104,True,True
KH6895,ADIDAS X COCA-COLA ADISTAR CONTROL 5 SHOES,Originals,https://www.adidas.com/us/adidas-x-coca-cola-adistar-control-5-shoes/KH6895.html,ONN89,"['KH6895', 'KI6120', 'KI6121', 'KI6150', 'KI6151', 'KI6152', 'KI6154', 'KI6680', 'KI8590', 'KI8592', 'KI8601', 'KI9356', 'KJ3630', 'KJ3631', 'KJ5955', 'KJ7727', 'KJ8805', 'LA3965']","https://assets.adidas.com/images/w_383,h_383,f_auto,q_auto,fl_lossy,c_fill,g_auto/3b1e103f75dc4522912295b790e5665b_9366/ADIDAS_X_COCA-COLA_ADISTAR_CONTROL_5_SHOES_Multicolor_KH6895_00_plp_standard.jpg","{'prices': [{'type': 'original', 'value': 140, 'valueNoVat': 140}], 'isSoldOut': False}",664,4.8449,True,True
LA6687,Y-3 STAN SMITH Trainers,Y-3,https://www.adidas.com/us/y-3-stan-smith-trainers/LA6687.html,OSY28,"['LA6687', 'JQ4976', 'LA6686']","https://assets.adidas.com/images/w_383,h_383,f_auto,q_auto,fl_lossy,c_fill,g_auto/a0b78052cff843b183371f912a782742_9366/Y-3_STAN_SMITH_Trainers_White_LA6687_00_plp_standard.jpg","{'prices': [{'type': 'original', 'value': 280, 'valueNoVat': 280}], 'isSoldOut': False}",4,4.5,,True
KI6078,VL COURT MER Shoes,Performance,https://www.adidas.com/us/vl-court-mer-shoes/KI6078.html,ONX93,"['KI6078', 'JR1069']","https://assets.adidas.com/images/w_383,h_383,f_auto,q_auto,fl_lossy,c_fill,g_auto/fa440347df0f4f699ca660b1d1bcbecf_9366/VL_COURT_MER_Shoes_White_KI6078_HM1.jpg","{'prices': [{'type': 'original', 'value': 80, 'valueNoVat': 80}], 'isSoldOut': False}",10,4.3,,True
KH7384,Glenburn x Argentina x Thrasher Shoes,Originals,https://www.adidas.com/us/glenburn-x-argentina-x-thrasher-shoes/KH7384.html,ORO21,[],"https://assets.adidas.com/images/w_383,h_383,f_auto,q_auto,fl_lossy,c_fill,g_auto/553f9bf685174e0b938c4b0f7fb8854a_9366/Glenburn_x_Argentina_x_Thrasher_Shoes_Black_KH7384_00_plp_standard.jpg","{'prices': [{'type': 'original', 'value': 85, 'valueNoVat': 85}], 'isSoldOut': False}",64,4.9532,True,True
LA2340,NC State Wolfpack Adizero EVO SL EXO Shoes,Performance,https://www.adidas.com/us/nc-state-wolfpack-adizero-evo-sl-exo-shoes/LA2340.html,ORQ42xx,"['LA2340', 'KZ9920', 'LA1973', 'LA1974', 'LA1975', 'LA1976', 'LA1977', 'LA1978', 'LA1980', 'LA1981', 'LA1984', 'LA1985', 'LA2338', 'LA2339']","https://assets.adidas.com/images/w_383,h_383,f_auto,q_auto,fl_lossy,c_fill,g_auto/dfd23154614248668058ee72f7550664_9366/NC_State_Wolfpack_Adizero_EVO_SL_EXO_Shoes_White_LA2340_00_plp_standard.jpg","{'prices': [{'type': 'original', 'value': 160, 'valueNoVat': 160}], 'isSoldOut': False}",31,4.871,,True
KI6822,SPIRITAIN 2000 Shoes,Men Sportswear,https://www.adidas.com/us/spiritain-2000-shoes/KI6822.html,OPY74,"['KI6822', 'KI3019', 'KI3020', 'KI4378', 'KI4382', 'KI4440', 'KI4441', 'KI4445', 'KI6821', 'KI6823', 'KI8103', 'KI8104', 'KI8141', 'LA1812']","https://assets.adidas.com/images/w_383,h_383,f_auto,q_auto,fl_lossy,c_fill,g_auto/a9f6f3aac6aa41b3831cc7cf30c1117e_9366/SPIRITAIN_2000_Shoes_Black_KI6822_00_plp_standard.jpg","{'prices': [{'type': 'original', 'value': 90, 'valueNoVat': 90}], 'isSoldOut': False}",188,4.766,True,True
HQ4130,Duramo 10 Running Shoes,Men Performance,https://www.adidas.com/us/duramo-10-running-shoes/HQ4130.html,LWO08,"['HQ4130', 'GW8336', 'GW8342', 'HP2381']","https://assets.adidas.com/images/w_383,h_383,f_auto,q_auto,fl_lossy,c_fill,g_auto/606ddedb368643c791ceaf2500e43236_9366/Duramo_10_Running_Shoes_White_HQ4130_00_plp_standard.jpg","{'prices': [{'type': 'original', 'value': 65, 'valueNoVat': 65}], 'isSoldOut': False}",3655,4.6105,,True
KI8104,SPIRITAIN 2000 SHOES,Sportswear,https://www.adidas.com/us/spiritain-2000-shoes/KI8104.html,OPY74,"['KI8104', 'KI3019', 'KI3020', 'KI4378', 'KI4382', 'KI4440', 'KI4441', 'KI4445', 'KI6821', 'KI6822', 'KI6823', 'KI8103', 'KI8141', 'LA1812']","https://assets.adidas.com/images/w_383,h_383,f_auto,q_auto,fl_lossy,c_fill,g_auto/6b65440cdfca4e06a88914a749a39d5d_9366/SPIRITAIN_2000_SHOES_White_KI8104_00_plp_standard.jpg","{'prices': [{'type': 'original', 'value': 90, 'valueNoVat': 90}], 'isSoldOut': False}",188,4.766,,True
KI7789,Y-3 ADIOS 9 sneakers,Men Y-3,https://www.adidas.com/us/y-3-adios-9-sneakers/KI7789.html,OSL56,"['KI7789', 'KI6877', 'KI6878', 'KI9544', 'KZ9050']","https://assets.adidas.com/images/w_383,h_383,f_auto,q_auto,fl_lossy,c_fill,g_auto/f795ddccc4d347adbd91219c1b9bb261_9366/Y-3_ADIOS_9_sneakers_Pink_KI7789_00_plp_standard.jpg","{'prices': [{'type': 'original', 'value': 280, 'valueNoVat': 280}], 'isSoldOut': False}",23,4.4348,,True
LA1975,UNIVERSITY OF WASHINGTON ADIZERO EVO SL EXO Shoes,Performance,https://www.adidas.com/us/university-of-washington-adizero-evo-sl-exo-shoes/LA1975.html,ORQ42xx,"['LA1975', 'KZ9920', 'LA1973', 'LA1974', 'LA1976', 'LA1977', 'LA1978', 'LA1980', 'LA1981', 'LA1984', 'LA1985', 'LA2338', 'LA2339', 'LA2340']","https://assets.adidas.com/images/w_383,h_383,f_auto,q_auto,fl_lossy,c_fill,g_auto/eb2a6083f32a4cb189d61d87bc9575e0_9366/UNIVERSITY_OF_WASHINGTON_ADIZERO_EVO_SL_EXO_Shoes_White_LA1975_00_plp_standard.jpg","{'prices': [{'type': 'original', 'value': 160, 'valueNoVat': 160}], 'isSoldOut': False}",31,4.871,,True
KZ7537,ADISTAR CONTROL 5 SHOES,Originals,https://www.adidas.com/us/adistar-control-5-shoes/KZ7537.html,ORU51,"['KZ7537', 'KH9562', 'KI2092', 'KI2093', 'KI2096', 'KI2097', 'KI4472', 'KI7047', 'KI7049', 'KJ2724', 'KJ2725', 'KJ2726', 'KK3260', 'KZ9152']","https://assets.adidas.com/images/w_383,h_383,f_auto,q_auto,fl_lossy,c_fill,g_auto/a32742c30f864529a3fb2568be496048_9366/ADISTAR_CONTROL_5_SHOES_Black_KZ7537_00_plp_standard.jpg","{'prices': [{'type': 'original', 'value': 120, 'valueNoVat': 120}], 'isSoldOut': False}",17,5.0,,True
KI7030,TECHNOCHAOS 2000 SHOES,Men Sportswear,https://www.adidas.com/us/technochaos-2000-shoes/KI7030.html,OSL28,"['KI7030', 'HQ7282', 'JR7229', 'KI6997', 'KI7028', 'KI7029', 'KI7031']","https://assets.adidas.com/images/w_383,h_383,f_auto,q_auto,fl_lossy,c_fill,g_auto/8350381f220945f8bd0682443d255f9b_9366/TECHNOCHAOS_2000_SHOES_Brown_KI7030_00_plp_standard.jpg","{'prices': [{'type': 'original', 'value': 80, 'valueNoVat': 80}], 'isSoldOut': False}",27,4.9259,,True
KI4456,Y-3 SUPERSTAR 3G Shoes,Y-3,https://www.adidas.com/us/y-3-superstar-3g-shoes/KI4456.html,OSL02,"['KI4456', 'KI7781']","https://assets.adidas.com/images/w_383,h_383,f_auto,q_auto,fl_lossy,c_fill,g_auto/6a750aee3d86433d887a1fbc842ea80e_9366/Y-3_SUPERSTAR_3G_Shoes_Black_KI4456_00_plp_standard.jpg","{'prices': [{'type': 'original', 'value': 380, 'valueNoVat': 380}], 'isSoldOut': False}",-99,,,True
KI6720,MEGARIDE AG Shoes,Originals,https://www.adidas.com/us/megaride-ag-shoes/KI6720.html,OSA34,"['KI6720', 'HQ7656', 'HQ7657', 'KI6716', 'KJ3001', 'KK0634']","https://assets.adidas.com/images/w_383,h_383,f_auto,q_auto,fl_lossy,c_fill,g_auto/1b125308c5804056a4a9ec853cfd0b43_9366/MEGARIDE_AG_Shoes_Black_KI6720_00_plp_standard.jpg","{'prices': [{'type': 'original', 'value': 190, 'valueNoVat': 190}], 'isSoldOut': False}",122,4.6804,True,True
KJ3630,Adistar Control 5 Shoes,Originals,https://www.adidas.com/us/adistar-control-5-shoes/KJ3630.html,ONN89,"['KJ3630', 'KH6895', 'KI6120', 'KI6121', 'KI6150', 'KI6151', 'KI6152', 'KI6154', 'KI6680', 'KI8590', 'KI8592', 'KI8601', 'KI9356', 'KJ3631', 'KJ5955', 'KJ7727', 'KJ8805', 'LA3965']","https://assets.adidas.com/images/w_383,h_383,f_auto,q_auto,fl_lossy,c_fill,g_auto/e3139743d26d4c3e824139b117bfb837_9366/Adistar_Control_5_Shoes_White_KJ3630_00_plp_standard.jpg","{'prices': [{'type': 'sale', 'value': 65, 'valueNoVat': 65}, {'type': 'original', 'value': 130, 'valueNoVat': 130, 'discountPercentage': -50}], 'isSoldOut': False}",664,4.8449,,True
HP4653,Y-3 PREDATOR PRECISION Sneakers,Y-3,https://www.adidas.com/us/y-3-predator-precision-sneakers/HP4653.html,NTD49,"['HP4653', 'HP4657']","https://assets.adidas.com/images/w_383,h_383,f_auto,q_auto,fl_lossy,c_fill,g_auto/ea7dfd4c88364e2eb32c66d867809132_9366/Y-3_PREDATOR_PRECISION_Sneakers_Black_HP4653_00_plp_standard.jpg","{'prices': [{'type': 'original', 'value': 280, 'valueNoVat': 280}], 'isSoldOut': False}",2,4.5,,True
JR2382,RUN 70s 2.0 Shoes,Men Sportswear,https://www.adidas.com/us/run-70s-2.0-shoes/JR2382.html,NJG80,"['JR2382', 'IH8584', 'JI4919', 'JI4922', 'JR2384', 'JR2385']","https://assets.adidas.com/images/w_383,h_383,f_auto,q_auto,fl_lossy,c_fill,g_auto/7fa5df2d16a2414fa5fd924ad105b7c3_9366/RUN_70s_2.0_Shoes_Grey_JR2382_00_plp_standard.jpg","{'prices': [{'type': 'original', 'value': 70, 'valueNoVat': 70}], 'isSoldOut': False}",619,4.5154,,True
KI4440,SPIRITAIN 2000 Shoes,Sportswear,https://www.adidas.com/us/spiritain-2000-shoes/KI4440.html,OPY74,"['KI4440', 'KI3019', 'KI3020', 'KI4378', 'KI4382', 'KI4441', 'KI4445', 'KI6821', 'KI6822', 'KI6823', 'KI8103', 'KI8104', 'KI8141', 'LA1812']","https://assets.adidas.com/images/w_383,h_383,f_auto,q_auto,fl_lossy,c_fill,g_auto/54d53e51d8de4a868c05902da5bd0f42_9366/SPIRITAIN_2000_Shoes_White_KI4440_00_plp_standard.jpg","{'prices': [{'type': 'original', 'value': 90, 'valueNoVat': 90}], 'isSoldOut': False}",188,4.766,True,True
KZ9073,Y-3 DIAGONAL STAN SMITH Sneakers,Y-3,https://www.adidas.com/us/y-3-diagonal-stan-smith-sneakers/KZ9073.html,ORC15,"['KZ9073', 'KZ9072', 'KZ9074']","https://assets.adidas.com/images/w_383,h_383,f_auto,q_auto,fl_lossy,c_fill,g_auto/be91152c8f4848e9aa1e457a8a0c39b1_9366/Y-3_DIAGONAL_STAN_SMITH_Sneakers_Black_KZ9073_00_plp_standard.jpg","{'prices': [{'type': 'original', 'value': 280, 'valueNoVat': 280}], 'isSoldOut': False}",5,5.0,,True
KZ6742,GALAXY 8 RUNNING SHOES,Men Performance,https://www.adidas.com/us/galaxy-8-running-shoes/KZ6742.html,OQC96,"['KZ6742', 'KZ6744']","https://assets.adidas.com/images/w_383,h_383,f_auto,q_auto,fl_lossy,c_fill,g_auto/44e5b89d8dfd4bf5b4ca1718751d2044_9366/GALAXY_8_RUNNING_SHOES_White_KZ6742_00_plp_standard.jpg","{'prices': [{'type': 'original', 'value': 60, 'valueNoVat': 60}], 'isSoldOut': False}",-99,,,True
KI8141,SPIRITAIN 2000 Shoes,Sportswear,https://www.adidas.com/us/spiritain-2000-shoes/KI8141.html,OPY74,"['KI8141', 'KI3019', 'KI3020', 'KI4378', 'KI4382', 'KI4440', 'KI4441', 'KI4445', 'KI6821', 'KI6822', 'KI6823', 'KI8103', 'KI8104', 'LA1812']","https://assets.adidas.com/images/w_383,h_383,f_auto,q_auto,fl_lossy,c_fill,g_auto/7d1f8a9945a2416bade4d279c276ce29_9366/SPIRITAIN_2000_Shoes_White_KI8141_00_plp_standard.jpg","{'prices': [{'type': 'original', 'value': 90, 'valueNoVat': 90}], 'isSoldOut': False}",188,4.766,True,True
KK1502,JABBAR LO SHOES,Originals,https://www.adidas.com/us/jabbar-lo-shoes/KK1502.html,OOA16,"['KK1502', 'KK1503']","https://assets.adidas.com/images/w_383,h_383,f_auto,q_auto,fl_lossy,c_fill,g_auto/4fa38558fadb4fa1b422d05583a295e4_9366/JABBAR_LO_SHOES_White_KK1502_00_plp_standard.jpg","{'prices': [{'type': 'original', 'value': 110, 'valueNoVat': 110}], 'isSoldOut': False}",-99,,,True
JR1602,HARDEN VOLUME 10 Shoes,Performance,https://www.adidas.com/us/harden-volume-10-shoes/JR1602.html,OMP59,"['JR1602', 'JQ9422', 'JQ9453', 'JR1598', 'KH9153', 'KI1604', 'KI1605', 'KI1608', 'KI1610', 'KJ1454']","https://assets.adidas.com/images/w_383,h_383,f_auto,q_auto,fl_lossy,c_fill,g_auto/016deeceedb6401981caab3e33f69951_9366/HARDEN_VOLUME_10_Shoes_Yellow_JR1602_00_plp_standard.jpg","{'prices': [{'type': 'sale', 'value': 80, 'valueNoVat': 80}, {'type': 'original', 'value': 160, 'valueNoVat': 160, 'discountPercentage': -50}], 'isSoldOut': False}",252,4.7104,True,True
KI7889,Y-3 GAZELLE Shoes,Y-3,https://www.adidas.com/us/y-3-gazelle-shoes/KI7889.html,OSY30,"['KI7889', 'KI4340', 'KI4341', 'KJ9189', 'KJ9190', 'LA6689', 'LA6690']","https://assets.adidas.com/images/w_383,h_383,f_auto,q_auto,fl_lossy,c_fill,g_auto/c273072b45694839ac04dc2e6ac367b4_9366/Y-3_GAZELLE_Shoes_Burgundy_KI7889_00_plp_standard.jpg","{'prices': [{'type': 'original', 'value': 300, 'valueNoVat': 300}], 'isSoldOut': False}",40,5.0,,True
KH9562,ADISTAR CONTROL 5 SHOES,Originals,https://www.adidas.com/us/adistar-control-5-shoes/KH9562.html,ORU51,"['KH9562', 'KI2092', 'KI2093', 'KI2096', 'KI2097', 'KI4472', 'KI7047', 'KI7049', 'KJ2724', 'KJ2725', 'KJ2726', 'KK3260', 'KZ7537', 'KZ9152']","https://assets.adidas.com/images/w_383,h_383,f_auto,q_auto,fl_lossy,c_fill,g_auto/c3e9c5402b1c460d8c22398ce78db3fe_9366/ADISTAR_CONTROL_5_SHOES_Silver_KH9562_00_plp_standard.jpg","{'prices': [{'type': 'original', 'value': 120, 'valueNoVat': 120}], 'isSoldOut': False}",17,5.0,,True
KK0645,ANTHONY EDWARDS 2 Shoes,Performance,https://www.adidas.com/us/anthony-edwards-2-shoes/KK0645.html,OQN77,"['KK0645', 'JQ9493', 'JQ9495', 'JQ9497', 'JQ9501', 'JQ9503', 'JR1572', 'JR4359', 'JS3508', 'JS3514', 'KJ1887', 'KJ2363', 'KJ4228', 'KK1390']","https://assets.adidas.com/images/w_383,h_383,f_auto,q_auto,fl_lossy,c_fill,g_auto/29fb6546eb1646be874459cee0fd32af_9366/ANTHONY_EDWARDS_2_Shoes_Black_KK0645_00_plp_standard.jpg","{'prices': [{'type': 'original', 'value': 130, 'valueNoVat': 130}], 'isSoldOut': False}",556,4.7482,True,True
LA1973,Grambling State Tigers Adizero EVO SL EXO Shoes,Performance,https://www.adidas.com/us/grambling-state-tigers-adizero-evo-sl-exo-shoes/LA1973.html,ORQ42xx,"['LA1973', 'KZ9920', 'LA1974', 'LA1975', 'LA1976', 'LA1977', 'LA1978', 'LA1980', 'LA1981', 'LA1984', 'LA1985', 'LA2338', 'LA2339', 'LA2340']","https://assets.adidas.com/images/w_383,h_383,f_auto,q_auto,fl_lossy,c_fill,g_auto/0605bc8f36504807aae22d2be3da22e3_9366/Grambling_State_Tigers_Adizero_EVO_SL_EXO_Shoes_White_LA1973_00_plp_standard.jpg","{'prices': [{'type': 'original', 'value': 160, 'valueNoVat': 160}], 'isSoldOut': False}",31,4.871,,True
KJ7379,ADIZERO GOUKANA SHOES,Originals,https://www.adidas.com/us/adizero-goukana-shoes/KJ7379.html,OSM33,"['KJ7379', 'KI4934', 'KI4935', 'KI4936', 'KJ2734', 'KJ7380']","https://assets.adidas.com/images/w_383,h_383,f_auto,q_auto,fl_lossy,c_fill,g_auto/98b22e47e2424062bf5bdb02c0fd82c0_9366/ADIZERO_GOUKANA_SHOES_Black_KJ7379_00_plp_standard.jpg","{'prices': [{'type': 'original', 'value': 160, 'valueNoVat': 160}], 'isSoldOut': False}",54,4.6297,,True
KK2718,BW ARMY DECON SHOES,Originals,https://www.adidas.com/us/bw-army-decon-shoes/KK2718.html,OQS77,"['KK2718', 'KH8485', 'KK2717']","https://assets.adidas.com/images/w_383,h_383,f_auto,q_auto,fl_lossy,c_fill,g_auto/d1e53d1ff61b4cddb5ed0f893c14af83_9366/BW_ARMY_DECON_SHOES_Green_KK2718_00_plp_standard.jpg","{'prices': [{'type': 'original', 'value': 120, 'valueNoVat': 120}], 'isSoldOut': False}",6,5.0,,True
HQ7657,MEGARIDE AG Shoes,Originals,https://www.adidas.com/us/megaride-ag-shoes/HQ7657.html,OSA34,"['HQ7657', 'HQ7656', 'KI6716', 'KI6720', 'KJ3001', 'KK0634']","https://assets.adidas.com/images/w_383,h_383,f_auto,q_auto,fl_lossy,c_fill,g_auto/f4bf075b6cbb4ca09f5a0376047363ca_9366/MEGARIDE_AG_Shoes_Blue_HQ7657_00_plp_standard.jpg","{'prices': [{'type': 'sale', 'value': 162, 'valueNoVat': 162}, {'type': 'original', 'value': 190, 'valueNoVat': 190, 'discountPercentage': -10}], 'isSoldOut': False}",122,4.6804,,True
KH9347,Y-3 REGU Sneakers,Y-3,https://www.adidas.com/us/y-3-regu-sneakers/KH9347.html,OQP86,"['KH9347', 'KI7813']","https://assets.adidas.com/images/w_383,h_383,f_auto,q_auto,fl_lossy,c_fill,g_auto/7eca862dcd3f49eaa14b723a50c027b1_9366/Y-3_REGU_Sneakers_Black_KH9347_00_plp_standard.jpg","{'prices': [{'type': 'original', 'value': 350, 'valueNoVat': 350}], 'isSoldOut': False}",4,4.0001,,True
JQ8357,Campus 00s Shoes,Originals,https://www.adidas.com/us/campus-00s-shoes/JQ8357.html,CAMPUSU1223,"['JQ8357', 'H03471', 'H03472', 'H03474', 'HQ8707', 'HQ8708', 'ID1435', 'IH4093', 'IH6724', 'JQ8356', 'JR7287', 'JR8163', 'KI0930', 'KI0931', 'KI0932']","https://assets.adidas.com/images/w_383,h_383,f_auto,q_auto,fl_lossy,c_fill,g_auto/42e738b293474cfeab89b494aaab18ce_9366/Campus_00s_Shoes_Grey_JQ8357_00_plp_standard.jpg","{'prices': [{'type': 'sale', 'value': 55, 'valueNoVat': 55}, {'type': 'original', 'value': 110, 'valueNoVat': 110, 'discountPercentage': -50}], 'isSoldOut': False}",1205,4.7859,True,True
JI4922,RUN 70s 2.0 Shoes,Men Sportswear,https://www.adidas.com/us/run-70s-2.0-shoes/JI4922.html,NJG80,"['JI4922', 'IH8584', 'JI4919', 'JR2382', 'JR2384', 'JR2385']","https://assets.adidas.com/images/w_383,h_383,f_auto,q_auto,fl_lossy,c_fill,g_auto/faeee582fc2840d3bb140e5db7772066_9366/RUN_70s_2.0_Shoes_Grey_JI4922_00_plp_standard.jpg","{'prices': [{'type': 'original', 'value': 70, 'valueNoVat': 70}], 'isSoldOut': False}",619,4.5154,,True
JH7804,Terrex Skychaser AX5 Mid GORE-TEX Hiking Shoes,Men TERREX,https://www.adidas.com/us/terrex-skychaser-ax5-mid-gore-tex-hiking-shoes/JH7804.html,NMQ36,"['JH7804', 'JQ2207', 'JR3980']","https://assets.adidas.com/images/w_383,h_383,f_auto,q_auto,fl_lossy,c_fill,g_auto/42d78db2ca1c4fd6863e4b65b90fe5ab_9366/Terrex_Skychaser_AX5_Mid_GORE-TEX_Hiking_Shoes_Brown_JH7804_00_plp_standard.jpg","{'prices': [{'type': 'original', 'value': 140, 'valueNoVat': 140}], 'isSoldOut': False}",207,4.6426,,True
KZ7328,LIGHTBLAZE EVO SL SHOES,Men Sportswear,https://www.adidas.com/us/lightblaze-evo-sl-shoes/KZ7328.html,ORW07,"['KZ7328', 'KZ7327']","https://assets.adidas.com/images/w_383,h_383,f_auto,q_auto,fl_lossy,c_fill,g_auto/851823ca1d3d466bab821f3775518797_9366/LIGHTBLAZE_EVO_SL_SHOES_Grey_KZ7328_00_plp_standard.jpg","{'prices': [{'type': 'original', 'value': 130, 'valueNoVat': 130}], 'isSoldOut': False}",41,4.7561,True,True
IH9668,HANDBALL SPEZIAL SHOES,Originals,https://www.adidas.com/us/handball-spezial-shoes/IH9668.html,BTP23,"['IH9668', 'BD7632', 'BD7633', 'DB3021', 'IF7086', 'IF7087', 'IG6191', 'IG6192', 'IH6506', 'IH6507', 'IH6508', 'IH6568', 'IH6569', 'IH6586', 'IH6588', 'IH6592', 'IH6594', 'IH6597', 'IH6598', 'IH6617', 'IH6618', 'IH9672', 'IH9760', 'KH9051', 'KI8580', 'KI8685', 'KI8686', 'KI8687', 'KJ2399', 'KJ2401', 'KJ7413', 'KJ7414', 'KJ7415', 'KJ9876', 'KJ9883', 'KJ9884', 'KJ9956', 'KJ9957', 'KJ9958', 'KJ9962', 'KJ9963', 'KJ9964', 'KJ9968', 'KJ9969', 'KJ9974', 'KJ9975', 'KK1153', 'KK2692', 'KK2693', 'KK2694', 'KK4232', 'KK4242', 'KK4860', 'KK4867', 'KZ6702', 'KZ6703', 'KZ6704', 'KZ6705', 'KZ6706', 'KZ6707', 'KZ6712']","https://assets.adidas.com/images/w_383,h_383,f_auto,q_auto,fl_lossy,c_fill,g_auto/0121e2b9ea8e4699bea54aebf63472bc_9366/HANDBALL_SPEZIAL_SHOES_Grey_IH9668_00_plp_standard.jpg","{'prices': [{'type': 'sale', 'value': 60, 'valueNoVat': 60}, {'type': 'original', 'value': 120, 'valueNoVat': 120, 'discountPercentage': -50}], 'isSoldOut': False}",9789,4.8179,True,True
KJ3001,Megaride AG Shoes,Originals,https://www.adidas.com/us/megaride-ag-shoes/KJ3001.html,OSA34,"['KJ3001', 'HQ7656', 'HQ7657', 'KI6716', 'KI6720', 'KK0634']","https://assets.adidas.com/images/w_383,h_383,f_auto,q_auto,fl_lossy,c_fill,g_auto/bdc6a78d76b44e3c8fd18727859f3092_9366/Megaride_AG_Shoes_Silver_KJ3001_00_plp_standard.jpg","{'prices': [{'type': 'sale', 'value': 95, 'valueNoVat': 95}, {'type': 'original', 'value': 190, 'valueNoVat': 190, 'discountPercentage': -50}], 'isSoldOut': False}",122,4.6804,,True
KI4441,SPIRITAIN 2000 Shoes,Sportswear,https://www.adidas.com/us/spiritain-2000-shoes/KI4441.html,OPY74,"['KI4441', 'KI3019', 'KI3020', 'KI4378', 'KI4382', 'KI4440', 'KI4445', 'KI6821', 'KI6822', 'KI6823', 'KI8103', 'KI8104', 'KI8141', 'LA1812']","https://assets.adidas.com/images/w_383,h_383,f_auto,q_auto,fl_lossy,c_fill,g_auto/97c32bae71fd499c88c5eceab12a0083_9366/SPIRITAIN_2000_Shoes_White_KI4441_00_plp_standard.jpg","{'prices': [{'type': 'original', 'value': 90, 'valueNoVat': 90}], 'isSoldOut': False}",188,4.766,,True
JQ4569,Texas Tech Red Raiders Adizero EVO SL Shoes,Men Performance,https://www.adidas.com/us/texas-tech-red-raiders-adizero-evo-sl-shoes/JQ4569.html,ONI53,"['JQ4569', 'JQ2147', 'JQ2148', 'JQ2150', 'JQ4566', 'JQ4573', 'JQ4575', 'JQ4576', 'JQ4578']","https://assets.adidas.com/images/w_383,h_383,f_auto,q_auto,fl_lossy,c_fill,g_auto/404b941400ec4dc2a7fb28c3b901ed91_9366/Texas_Tech_Red_Raiders_Adizero_EVO_SL_Shoes_White_JQ4569_00_plp_standard.jpg","{'prices': [{'type': 'sale', 'value': 80, 'valueNoVat': 80}, {'type': 'original', 'value': 160, 'valueNoVat': 160, 'discountPercentage': -50}], 'isSoldOut': False}",191,4.822,,False
JS1778,Anthony Edwards 1 Low Basketball Shoes,Performance,https://www.adidas.com/us/anthony-edwards-1-low-basketball-shoes/JS1778.html,OOD69,"['JS1778', 'JQ6135', 'JR3915', 'JS1775']","https://assets.adidas.com/images/w_383,h_383,f_auto,q_auto,fl_lossy,c_fill,g_auto/c160b1c0ed98479a913df87e841e4ccb_9366/Anthony_Edwards_1_Low_Basketball_Shoes_Green_JS1778_00_plp_standard.jpg","{'prices': [{'type': 'original', 'value': 110, 'valueNoVat': 110}], 'isSoldOut': False}",964,4.6899,,True
KZ9050,Y-3 ADIOS 9 Sneakers,Men Y-3,https://www.adidas.com/us/y-3-adios-9-sneakers/KZ9050.html,OSL56,"['KZ9050', 'KI6877', 'KI6878', 'KI7789', 'KI9544']","https://assets.adidas.com/images/w_383,h_383,f_auto,q_auto,fl_lossy,c_fill,g_auto/6d1d078fb4c54687997020b88aa71803_9366/Y-3_ADIOS_9_Sneakers_White_KZ9050_00_plp_standard.jpg","{'prices': [{'type': 'original', 'value': 280, 'valueNoVat': 280}], 'isSoldOut': False}",23,4.4348,,True
JQ4578,University of Washington Adizero EVO SL Shoes,Men Performance,https://www.adidas.com/us/university-of-washington-adizero-evo-sl-shoes/JQ4578.html,ONI53,"['JQ4578', 'JQ2147', 'JQ2148', 'JQ2150', 'JQ4566', 'JQ4569', 'JQ4573', 'JQ4575', 'JQ4576']","https://assets.adidas.com/images/w_383,h_383,f_auto,q_auto,fl_lossy,c_fill,g_auto/57c553fed3bf4417b31ef92d87db7392_9366/University_of_Washington_Adizero_EVO_SL_Shoes_White_JQ4578_00_plp_standard.jpg","{'prices': [{'type': 'sale', 'value': 80, 'valueNoVat': 80}, {'type': 'original', 'value': 160, 'valueNoVat': 160, 'discountPercentage': -50}], 'isSoldOut': False}",191,4.822,,True
LA1812,SPIRITAIN 2000 Shoes,Sportswear,https://www.adidas.com/us/spiritain-2000-shoes/LA1812.html,OPY74,"['LA1812', 'KI3019', 'KI3020', 'KI4378', 'KI4382', 'KI4440', 'KI4441', 'KI4445', 'KI6821', 'KI6822', 'KI6823', 'KI8103', 'KI8104', 'KI8141']","https://assets.adidas.com/images/w_383,h_383,f_auto,q_auto,fl_lossy,c_fill,g_auto/55e4a0be9c1a43a58cc1442eb90c1530_9366/SPIRITAIN_2000_Shoes_White_LA1812_HM1.jpg","{'prices': [{'type': 'original', 'value': 90, 'valueNoVat': 90}], 'isSoldOut': False}",188,4.766,,True
KI4847,Adizero EVO SL EXO SUEDE Shoes,Men Performance,https://www.adidas.com/us/adizero-evo-sl-exo-suede-shoes/KI4847.html,OTO48,"['KI4847', 'KZ9006', 'KZ9007']","https://assets.adidas.com/images/w_383,h_383,f_auto,q_auto,fl_lossy,c_fill,g_auto/cac60b6d68c341bf95bbec460dfb2533_9366/Adizero_EVO_SL_EXO_SUEDE_Shoes_White_KI4847_00_plp_standard.jpg","{'prices': [{'type': 'original', 'value': 150, 'valueNoVat': 150}], 'isSoldOut': False}",14,4.7858,True,True
HQ4991,CLIMACOOL SPW SHOES,Sportswear,https://www.adidas.com/us/climacool-spw-shoes/HQ4991.html,OOR81,"['HQ4991', 'HQ4989', 'KI9546']","https://assets.adidas.com/images/w_383,h_383,f_auto,q_auto,fl_lossy,c_fill,g_auto/8bc831c097694563b9e02aa37daafa0d_9366/CLIMACOOL_SPW_SHOES_Yellow_HQ4991_00_plp_standard.jpg","{'prices': [{'type': 'sale', 'value': 50, 'valueNoVat': 50}, {'type': 'original', 'value': 100, 'valueNoVat': 100, 'discountPercentage': -50}], 'isSoldOut': False}",37,4.8108,,True
HQ9502,HYPERBOOST EDGE M Shoes,Men Performance,https://www.adidas.com/us/hyperboost-edge-m-shoes/HQ9502.html,ORA43,[],"https://assets.adidas.com/images/w_383,h_383,f_auto,q_auto,fl_lossy,c_fill,g_auto/3ad6e04c10a14b678537a4d84314d2ed_9366/HYPERBOOST_EDGE_M_Shoes_White_HQ9502_HM1.jpg","{'prices': [{'type': 'original', 'value': 200, 'valueNoVat': 200}], 'isSoldOut': False}",-99,,,True
JQ6958,Runfalcon 5 TR Running Shoes,Men Performance,https://www.adidas.com/us/runfalcon-5-tr-running-shoes/JQ6958.html,NRW66,"['JQ6958', 'JI4084', 'JQ6957', 'JQ6959']","https://assets.adidas.com/images/w_383,h_383,f_auto,q_auto,fl_lossy,c_fill,g_auto/c1ce35d6c0e24a27922bcb9edbb034e5_9366/Runfalcon_5_TR_Running_Shoes_Green_JQ6958_HM1.jpg","{'prices': [{'type': 'original', 'value': 70, 'valueNoVat': 70}], 'isSoldOut': False}",646,4.579,True,True
KJ4670,Daily 4.0 Shoes,Sportswear,https://www.adidas.com/us/daily-4.0-shoes/KJ4670.html,NIZ90,"['KJ4670', 'IF4492', 'IF4493', 'IF4494', 'IF4496', 'IF4503', 'IF4504', 'IF4505', 'IH1591', 'JH6930', 'JI4352', 'JI4354', 'JI4355', 'KJ4671']","https://assets.adidas.com/images/w_383,h_383,f_auto,q_auto,fl_lossy,c_fill,g_auto/676a29d85ede4f4da37729e0e0aa9c77_9366/Daily_4.0_Shoes_Grey_KJ4670_00_plp_standard.jpg","{'prices': [{'type': 'original', 'value': 65, 'valueNoVat': 65}], 'isSoldOut': False}",1339,4.7043,,True
IF9210,Adizero Boston 12 Shoes,Men Performance,https://www.adidas.com/us/adizero-boston-12-shoes/IF9210.html,MDF81,"['IF9210', 'ID4234', 'ID5985', 'IG3321']","https://assets.adidas.com/images/w_383,h_383,f_auto,q_auto,fl_lossy,c_fill,g_auto/91285a20d70d414ab6768e33608173bf_9366/Adizero_Boston_12_Shoes_White_IF9210_HM1.jpg","{'prices': [{'type': 'original', 'value': 160, 'valueNoVat': 160}], 'isSoldOut': False}",1620,4.6217,,True
JH7835,BW Army Shoes,Men Originals,https://www.adidas.com/us/bw-army-shoes/JH7835.html,OOZ27,"['JH7835', 'JH7834', 'JR3724', 'JR3726', 'JR7345']","https://assets.adidas.com/images/w_383,h_383,f_auto,q_auto,fl_lossy,c_fill,g_auto/b2202dd992c142c3a3406309691d8109_9366/BW_Army_Shoes_Black_JH7835_00_plp_standard.jpg","{'prices': [{'type': 'original', 'value': 120, 'valueNoVat': 120}], 'isSoldOut': False}",160,4.8063,,True
JI2316,Barreda Decode Shoes,Men Sportswear,https://www.adidas.com/us/barreda-decode-shoes/JI2316.html,OPS65U,"['JI2316', 'JI2315']","https://assets.adidas.com/images/w_383,h_383,f_auto,q_auto,fl_lossy,c_fill,g_auto/b9e8739dc559404d89f989866dad4f9a_9366/Barreda_Decode_Shoes_Black_JI2316_HM1.jpg","{'prices': [{'type': 'sale', 'value': 48, 'valueNoVat': 48}, {'type': 'original', 'value': 80, 'valueNoVat': 80, 'discountPercentage': -40}], 'isSoldOut': False}",205,4.6976,True,True
KJ9402,ADIDAS ADIPURE SHIFT RUNNING SHOES,Performance,https://www.adidas.com/us/adidas-adipure-shift-running-shoes/KJ9402.html,OPC66,"['KJ9402', 'KI6235', 'KI6241', 'KJ9400']","https://assets.adidas.com/images/w_383,h_383,f_auto,q_auto,fl_lossy,c_fill,g_auto/4bdf12af69f4452da7f916f4ba3ea31c_9366/ADIDAS_ADIPURE_SHIFT_RUNNING_SHOES_Green_KJ9402_00_plp_standard.jpg","{'prices': [{'type': 'original', 'value': 80, 'valueNoVat': 80}], 'isSoldOut': False}",83,4.7711,,True
LA1506,CRAZY ENERGY SHOES,Performance,https://www.adidas.com/us/crazy-energy-shoes/LA1506.html,ORZ70,"['LA1506', 'HP5216', 'HP5223', 'KI6743', 'KI6746', 'KI6749', 'LA1432']","https://assets.adidas.com/images/w_383,h_383,f_auto,q_auto,fl_lossy,c_fill,g_auto/784cade131f54002948e63c17bdc9a67_9366/CRAZY_ENERGY_SHOES_Red_LA1506_00_plp_standard.jpg","{'prices': [{'type': 'original', 'value': 110, 'valueNoVat': 110}], 'isSoldOut': False}",42,4.8095,,True
KZ9072,Y-3 DIAGONAL STAN SMITH Sneakers,Y-3,https://www.adidas.com/us/y-3-diagonal-stan-smith-sneakers/KZ9072.html,ORC15,"['KZ9072', 'KZ9073', 'KZ9074']","https://assets.adidas.com/images/w_383,h_383,f_auto,q_auto,fl_lossy,c_fill,g_auto/be48a529faef48c8a4ed6ceb5ff5fd47_9366/Y-3_DIAGONAL_STAN_SMITH_Sneakers_White_KZ9072_00_plp_standard.jpg","{'prices': [{'type': 'original', 'value': 280, 'valueNoVat': 280}], 'isSoldOut': False}",5,5.0,,True
HQ4730,TYSHAWN II Shoes,Originals,https://www.adidas.com/us/tyshawn-ii-shoes/HQ4730.html,OQU12,"['HQ4730', 'HQ4733', 'HQ4735', 'JQ1132', 'KI7772', 'KK2980', 'KK2981', 'KK2982']","https://assets.adidas.com/images/w_383,h_383,f_auto,q_auto,fl_lossy,c_fill,g_auto/aa8031bcd74a466985028dec2d97cd7d_9366/TYSHAWN_II_Shoes_White_HQ4730_00_plp_standard.jpg","{'prices': [{'type': 'sale', 'value': 50, 'valueNoVat': 50}, {'type': 'original', 'value': 100, 'valueNoVat': 100, 'discountPercentage': -50}], 'isSoldOut': False}",80,4.7375,,True
KZ6744,GALAXY 8 RUNNING SHOES,Men Performance,https://www.adidas.com/us/galaxy-8-running-shoes/KZ6744.html,OQC96,"['KZ6744', 'KZ6742']","https://assets.adidas.com/images/w_383,h_383,f_auto,q_auto,fl_lossy,c_fill,g_auto/34415cfb51f64633b4eb04877fe851ca_9366/GALAXY_8_RUNNING_SHOES_Green_KZ6744_00_plp_standard.jpg","{'prices': [{'type': 'original', 'value': 60, 'valueNoVat': 60}], 'isSoldOut': False}",-99,,,True
JI2315,Barreda Decode Shoes,Men Sportswear,https://www.adidas.com/us/barreda-decode-shoes/JI2315.html,OPS65U,"['JI2315', 'JI2316']","https://assets.adidas.com/images/w_383,h_383,f_auto,q_auto,fl_lossy,c_fill,g_auto/01ae530b9f75412aa53db015c50ba01d_9366/Barreda_Decode_Shoes_White_JI2315_HM1.jpg","{'prices': [{'type': 'original', 'value': 80, 'valueNoVat': 80}], 'isSoldOut': False}",205,4.6976,True,True
KK2999,RESPONSE PACE RUNNING SHOES,Men Performance,https://www.adidas.com/us/response-pace-running-shoes/KK2999.html,OSH80,"['KK2999', 'KJ1774', 'KK2998', 'KK3000']","https://assets.adidas.com/images/w_383,h_383,f_auto,q_auto,fl_lossy,c_fill,g_auto/1924e6c60cc5437aa83d8b2dc4c6615e_9366/RESPONSE_PACE_RUNNING_SHOES_Grey_KK2999_00_plp_standard.jpg","{'prices': [{'type': 'original', 'value': 65, 'valueNoVat': 65}], 'isSoldOut': False}",198,4.8081,True,True
KZ9064,Y-3 SUPERSTAR Sneakers,Y-3,https://www.adidas.com/us/y-3-superstar-sneakers/KZ9064.html,ORC11,"['KZ9064', 'LA6691', 'LA6692']","https://assets.adidas.com/images/w_383,h_383,f_auto,q_auto,fl_lossy,c_fill,g_auto/adc8d18aa5d64e3c8fc6e18c69efd1da_9366/Y-3_SUPERSTAR_Sneakers_Black_KZ9064_00_plp_standard.jpg","{'prices': [{'type': 'original', 'value': 280, 'valueNoVat': 280}], 'isSoldOut': False}",5,4.2,,True
KZ9051,Y-3 FIELD Trainers,Y-3,https://www.adidas.com/us/y-3-field-trainers/KZ9051.html,OSL54,"['KZ9051', 'HP9980', 'KH7274', 'KI2671', 'KI2674', 'KI7091', 'KI7112']","https://assets.adidas.com/images/w_383,h_383,f_auto,q_auto,fl_lossy,c_fill,g_auto/84ba8d51f2e24706b8f7f6b3d13da9e5_9366/Y-3_FIELD_Trainers_Burgundy_KZ9051_00_plp_standard.jpg","{'prices': [{'type': 'original', 'value': 330, 'valueNoVat': 330}], 'isSoldOut': False}",31,4.6452,,True
LA6665,ADISTAR CONTROL 5 MOSSY OAK SHOES,Originals,https://www.adidas.com/us/adistar-control-5-mossy-oak-shoes/LA6665.html,OSY19,"['LA6665', 'KJ2727']","https://assets.adidas.com/images/w_383,h_383,f_auto,q_auto,fl_lossy,c_fill,g_auto/e4477fdbd23949bd847056ffd00ab14c_9366/ADISTAR_CONTROL_5_MOSSY_OAK_SHOES_Black_LA6665_00_plp_standard.jpg","{'prices': [{'type': 'original', 'value': 130, 'valueNoVat': 130}], 'isSoldOut': False}",-99,,,True
JR2384,RUN 70s 2.0 Shoes,Men Sportswear,https://www.adidas.com/us/run-70s-2.0-shoes/JR2384.html,NJG80,"['JR2384', 'IH8584', 'JI4919', 'JI4922', 'JR2382', 'JR2385']","https://assets.adidas.com/images/w_383,h_383,f_auto,q_auto,fl_lossy,c_fill,g_auto/735d7b61bdd74fd88bb95fa9dd62c8f4_9366/RUN_70s_2.0_Shoes_Burgundy_JR2384_HM1.jpg","{'prices': [{'type': 'original', 'value': 70, 'valueNoVat': 70}], 'isSoldOut': False}",619,4.5154,,True
KJ7556,ADISTAR SPW SHOES,Men Sportswear,https://www.adidas.com/us/adistar-spw-shoes/KJ7556.html,OQM49,"['KJ7556', 'KJ7553', 'KJ7554']","https://assets.adidas.com/images/w_383,h_383,f_auto,q_auto,fl_lossy,c_fill,g_auto/3deda9b78f3648b29598a9ed1fb530a8_9366/ADISTAR_SPW_SHOES_Black_KJ7556_00_plp_standard.jpg","{'prices': [{'type': 'original', 'value': 130, 'valueNoVat': 130}], 'isSoldOut': False}",-99,,,True
IH8206,Duramo Speed 2 Running Shoes,Men Performance,https://www.adidas.com/us/duramo-speed-2-running-shoes/IH8206.html,NKL71,"['IH8206', 'IH8201', 'JP9223', 'KJ2866', 'KJ2867']","https://assets.adidas.com/images/w_383,h_383,f_auto,q_auto,fl_lossy,c_fill,g_auto/c0e4c302a3be45e6b9e63c2fd2b5e4ac_9366/Duramo_Speed_2_Running_Shoes_White_IH8206_00_plp_standard.jpg","{'prices': [{'type': 'sale', 'value': 54, 'valueNoVat': 54}, {'type': 'original', 'value': 90, 'valueNoVat': 90, 'discountPercentage': -40}], 'isSoldOut': False}",572,4.6067,,True
KK0379,TANGUM SHOES,Men Originals,https://www.adidas.com/us/tangum-shoes/KK0379.html,OSX95,"['KK0379', 'LA6570']","https://assets.adidas.com/images/w_383,h_383,f_auto,q_auto,fl_lossy,c_fill,g_auto/8906ef632afa4cfda0a9e769d723b7c4_9366/TANGUM_SHOES_White_KK0379_00_plp_standard.jpg","{'prices': [{'type': 'sale', 'value': 96, 'valueNoVat': 96}, {'type': 'original', 'value': 120, 'valueNoVat': 120, 'discountPercentage': -20}], 'isSoldOut': False}",2,4.5,,True
KI7816,Y-3 REGU HI Shoes,Y-3,https://www.adidas.com/us/y-3-regu-hi-shoes/KI7816.html,OPW25,"['KI7816', 'KI7814']","https://assets.adidas.com/images/w_383,h_383,f_auto,q_auto,fl_lossy,c_fill,g_auto/14925b4036934aacabeba6c125f77ac7_9366/Y-3_REGU_HI_Shoes_White_KI7816_00_plp_standard.jpg","{'prices': [{'type': 'original', 'value': 380, 'valueNoVat': 380}], 'isSoldOut': False}",3,4.6667,,True
JP9251,Adizero Boston 13 Shoes,Men Performance,https://www.adidas.com/us/adizero-boston-13-shoes/JP9251.html,OSN09,"['JP9251', 'KH5603', 'KI3150', 'KK4992']","https://assets.adidas.com/images/w_383,h_383,f_auto,q_auto,fl_lossy,c_fill,g_auto/f66d7cc90c814c23befb3f43eae68dbd_9366/Adizero_Boston_13_Shoes_Yellow_JP9251_HM1.jpg","{'prices': [{'type': 'original', 'value': 160, 'valueNoVat': 160}], 'isSoldOut': False}",9,4.6667,True,True
KI6273,Terrex x Shmoofoil Skychaser GORE-TEX Hiking Shoes,Men TERREX,https://www.adidas.com/us/terrex-x-shmoofoil-skychaser-gore-tex-hiking-shoes/KI6273.html,OPC77,[],"https://assets.adidas.com/images/w_383,h_383,f_auto,q_auto,fl_lossy,c_fill,g_auto/01fa124a4be94b2ab8d2b7b8d17d645f_9366/Terrex_x_Shmoofoil_Skychaser_GORE-TEX_Hiking_Shoes_Pink_KI6273_00_plp_standard.jpg","{'prices': [{'type': 'sale', 'value': 85, 'valueNoVat': 85}, {'type': 'original', 'value': 170, 'valueNoVat': 170, 'discountPercentage': -50}], 'isSoldOut': False}",14,4.4286,,True
KI6060,MERCEDES - AMG PETRONAS FORMULA ONE TEAM BARREDA DECODE SHOES,Sportswear,https://www.adidas.com/us/mercedes---amg-petronas-formula-one-team-barreda-decode-shoes/KI6060.html,OMW48,"['KI6060', 'JR1063', 'KI6059']","https://assets.adidas.com/images/w_383,h_383,f_auto,q_auto,fl_lossy,c_fill,g_auto/85768e779ed848178ad7142ce3af1cfa_9366/MERCEDES_-_AMG_PETRONAS_FORMULA_ONE_TEAM_BARREDA_DECODE_SHOES_White_KI6060_HM1.jpg","{'prices': [{'type': 'original', 'value': 100, 'valueNoVat': 100}], 'isSoldOut': False}",136,4.8162,,True
IH6691,ADISTAR HRMY SHOES,Originals,https://www.adidas.com/us/adistar-hrmy-shoes/IH6691.html,OOE10,"['IH6691', 'JQ8742']","https://assets.adidas.com/images/w_383,h_383,f_auto,q_auto,fl_lossy,c_fill,g_auto/fd94817b64ed40828733100f83358747_9366/ADISTAR_HRMY_SHOES_Grey_IH6691_00_plp_standard.jpg","{'prices': [{'type': 'sale', 'value': 80, 'valueNoVat': 80}, {'type': 'original', 'value': 160, 'valueNoVat': 160, 'discountPercentage': -50}], 'isSoldOut': False}",130,4.6847,,True
KZ6598,DIOS MEGARIDE O1 SHOES,Originals,https://www.adidas.com/us/dios-megaride-o1-shoes/KZ6598.html,ORO79,[],"https://assets.adidas.com/images/w_383,h_383,f_auto,q_auto,fl_lossy,c_fill,g_auto/ada681c4855b4aacac5d37f8bc7d94e3_9366/DIOS_MEGARIDE_O1_SHOES_Black_KZ6598_00_plp_standard.jpg","{'prices': [{'type': 'original', 'value': 180, 'valueNoVat': 180}], 'isSoldOut': False}",-99,,,True
KJ1747,RESPONSE 2 RUNNING SHOES,Men Performance,https://www.adidas.com/us/response-2-running-shoes/KJ1747.html,OSH79,"['KJ1747', 'KJ1748']","https://assets.adidas.com/images/w_383,h_383,f_auto,q_auto,fl_lossy,c_fill,g_auto/e86339843d9744ad9281c6e9eab6111d_9366/RESPONSE_2_RUNNING_SHOES_White_KJ1747_HM1.jpg","{'prices': [{'type': 'original', 'value': 75, 'valueNoVat': 75}], 'isSoldOut': False}",89,4.7866,True,True
KJ7553,ADISTAR SPW SHOES,Men Sportswear,https://www.adidas.com/us/adistar-spw-shoes/KJ7553.html,OQM49,"['KJ7553', 'KJ7554', 'KJ7556']","https://assets.adidas.com/images/w_383,h_383,f_auto,q_auto,fl_lossy,c_fill,g_auto/ad6bc8af96b145868dd94ed4dfb68c5e_9366/ADISTAR_SPW_SHOES_Black_KJ7553_HM1.jpg","{'prices': [{'type': 'original', 'value': 130, 'valueNoVat': 130}], 'isSoldOut': False}",-99,,,True
KI4740,MEGARIDE F50 SHOES,Originals,https://www.adidas.com/us/megaride-f50-shoes/KI4740.html,ONV26,"['KI4740', 'HQ9343', 'JR4632', 'KI4741', 'KJ4419']","https://assets.adidas.com/images/w_383,h_383,f_auto,q_auto,fl_lossy,c_fill,g_auto/5c48d20795e9422cb679e42b544e9e25_9366/MEGARIDE_F50_SHOES_White_KI4740_00_plp_standard.jpg","{'prices': [{'type': 'original', 'value': 180, 'valueNoVat': 180}], 'isSoldOut': False}",63,4.5556,True,True
KI7814,Y-3 REGU HI Shoes,Y-3,https://www.adidas.com/us/y-3-regu-hi-shoes/KI7814.html,OPW25,"['KI7814', 'KI7816']","https://assets.adidas.com/images/w_383,h_383,f_auto,q_auto,fl_lossy,c_fill,g_auto/8ff330151f9f42a29e200edd701dbead_9366/Y-3_REGU_HI_Shoes_Black_KI7814_00_plp_standard.jpg","{'prices': [{'type': 'original', 'value': 380, 'valueNoVat': 380}], 'isSoldOut': False}",3,4.6667,,True
KJ1205,SL 72 RS AUDI REVOLUT F1 TEAM SHOES,Originals,https://www.adidas.com/us/sl-72-rs-audi-revolut-f1-team-shoes/KJ1205.html,ONY85,[],"https://assets.adidas.com/images/w_383,h_383,f_auto,q_auto,fl_lossy,c_fill,g_auto/1c06f547d2964122924884c23857f1dd_9366/SL_72_RS_AUDI_REVOLUT_F1_TEAM_SHOES_Red_KJ1205_HM1.jpg","{'prices': [{'type': 'original', 'value': 110, 'valueNoVat': 110}], 'isSoldOut': False}",21,4.8572,,True
KJ2734,ADIZERO GOUKANA SHOES,Originals,https://www.adidas.com/us/adizero-goukana-shoes/KJ2734.html,OSM33,"['KJ2734', 'KI4934', 'KI4935', 'KI4936', 'KJ7379', 'KJ7380']","https://assets.adidas.com/images/w_383,h_383,f_auto,q_auto,fl_lossy,c_fill,g_auto/ec47f25e2e164e3480395e697ed230d3_9366/ADIZERO_GOUKANA_SHOES_Grey_KJ2734_00_plp_standard.jpg","{'prices': [{'type': 'original', 'value': 160, 'valueNoVat': 160}], 'isSoldOut': False}",54,4.6297,,True
KI4741,MEGARIDE F50 SHOES,Originals,https://www.adidas.com/us/megaride-f50-shoes/KI4741.html,ONV26,"['KI4741', 'HQ9343', 'JR4632', 'KI4740', 'KJ4419']","https://assets.adidas.com/images/w_383,h_383,f_auto,q_auto,fl_lossy,c_fill,g_auto/ae4ddd87df1c4c089bf1b6806300b32a_9366/MEGARIDE_F50_SHOES_Black_KI4741_00_plp_standard.jpg","{'prices': [{'type': 'original', 'value': 180, 'valueNoVat': 180}], 'isSoldOut': False}",63,4.5556,,True
KK2273,SAMBA OG SHOES,Originals,https://www.adidas.com/us/samba-og-shoes/KK2273.html,SAMBAU2312,"['KK2273', 'B75806', 'B75807', 'HP3551', 'HQ4950', 'HQ4951', 'ID1481', 'IE3438', 'IH4388', 'IH4389', 'IH6813', 'IH6815', 'IH6816', 'IH6827', 'IH6828', 'IH6829', 'JR0882', 'JR0910', 'JR0911', 'JS3832', 'KJ2382', 'KJ2788', 'KJ9995', 'KJ9997', 'KK2266', 'KK2267', 'KK2268', 'KK2272', 'KK2274', 'KK2277', 'KK2278', 'KK2279', 'KK2280', 'KK2329', 'KK2330', 'KK2331', 'KK2332', 'KK2333', 'KK3271', 'KK3273', 'KK3274', 'KK3275', 'KZ6720', 'LA3984']","https://assets.adidas.com/images/w_383,h_383,f_auto,q_auto,fl_lossy,c_fill,g_auto/588b953b0fae430ab721251a02f575b7_9366/SAMBA_OG_SHOES_Blue_KK2273_00_plp_standard.jpg","{'prices': [{'type': 'original', 'value': 100, 'valueNoVat': 100}], 'isSoldOut': False}",3269,4.8107,True,True
KJ2727,ADISTAR CONTROL 5 MOSSY OAK SHOES,Originals,https://www.adidas.com/us/adistar-control-5-mossy-oak-shoes/KJ2727.html,OSY19,"['KJ2727', 'LA6665']","https://assets.adidas.com/images/w_383,h_383,f_auto,q_auto,fl_lossy,c_fill,g_auto/72127e188c4b4da28800d3610a2631d1_9366/ADISTAR_CONTROL_5_MOSSY_OAK_SHOES_Silver_KJ2727_00_plp_standard.jpg","{'prices': [{'type': 'original', 'value': 130, 'valueNoVat': 130}], 'isSoldOut': False}",-99,,,True
IG9167,Advantage 2.0 Shoes,Men Sportswear,https://www.adidas.com/us/advantage-2.0-shoes/IG9167.html,NIV49,"['IG9167', 'IF1661', 'IG9166', 'JP7948']","https://assets.adidas.com/images/w_383,h_383,f_auto,q_auto,fl_lossy,c_fill,g_auto/b2d7297be38c48c8ae8740c4750ea165_9366/Advantage_2.0_Shoes_Black_IG9167_00_plp_standard.jpg","{'prices': [{'type': 'original', 'value': 70, 'valueNoVat': 70}], 'isSoldOut': False}",699,4.7354,True,True
KJ8805,ADISTAR CONTROL 5 SHOES,Originals,https://www.adidas.com/us/adistar-control-5-shoes/KJ8805.html,ONN89,"['KJ8805', 'KH6895', 'KI6120', 'KI6121', 'KI6150', 'KI6151', 'KI6152', 'KI6154', 'KI6680', 'KI8590', 'KI8592', 'KI8601', 'KI9356', 'KJ3630', 'KJ3631', 'KJ5955', 'KJ7727', 'LA3965']","https://assets.adidas.com/images/w_383,h_383,f_auto,q_auto,fl_lossy,c_fill,g_auto/8ee899a3c45446ebb7c07f0fd5879193_9366/ADISTAR_CONTROL_5_SHOES_Grey_KJ8805_00_plp_standard.jpg","{'prices': [{'type': 'sale', 'value': 111, 'valueNoVat': 111}, {'type': 'original', 'value': 130, 'valueNoVat': 130, 'discountPercentage': -10}], 'isSoldOut': False}",664,4.8449,,True
JQ1134,Tyshawn Mid Shoes,Originals,https://www.adidas.com/us/tyshawn-mid-shoes/JQ1134.html,LEA73A,"['JQ1134', 'JR9498', 'KJ0192', 'KJ0194', 'KJ5406']","https://assets.adidas.com/images/w_383,h_383,f_auto,q_auto,fl_lossy,c_fill,g_auto/06152e7e232c44a9ba1afc5b5930b45d_9366/Tyshawn_Mid_Shoes_White_JQ1134_00_plp_standard.jpg","{'prices': [{'type': 'sale', 'value': 64, 'valueNoVat': 64}, {'type': 'original', 'value': 85, 'valueNoVat': 85, 'discountPercentage': -20}], 'isSoldOut': False}",547,4.6563,,True
KI0932,Campus 00s Shoes,Originals,https://www.adidas.com/us/campus-00s-shoes/KI0932.html,CAMPUSU1223,"['KI0932', 'H03471', 'H03472', 'H03474', 'HQ8707', 'HQ8708', 'ID1435', 'IH4093', 'IH6724', 'JQ8356', 'JQ8357', 'JR7287', 'JR8163', 'KI0930', 'KI0931']","https://assets.adidas.com/images/w_383,h_383,f_auto,q_auto,fl_lossy,c_fill,g_auto/290170b418484c8488799ae40853a95d_9366/Campus_00s_Shoes_Brown_KI0932_00_plp_standard.jpg","{'prices': [{'type': 'sale', 'value': 55, 'valueNoVat': 55}, {'type': 'original', 'value': 110, 'valueNoVat': 110, 'discountPercentage': -50}], 'isSoldOut': False}",1205,4.7859,True,True
KK4219,SAMOA II SPZL Sneakers,Men Originals,https://www.adidas.com/us/samoa-ii-spzl-sneakers/KK4219.html,OTI15,[],"https://assets.adidas.com/images/w_383,h_383,f_auto,q_auto,fl_lossy,c_fill,g_auto/8637757a792146f293adea09e7eb150f_9366/SAMOA_II_SPZL_Sneakers_Blue_KK4219_00_plp_standard.jpg","{'prices': [{'type': 'original', 'value': 130, 'valueNoVat': 130}], 'isSoldOut': False}",40,4.85,,True
KI0873,Y-3 REGU LEATHER Shoes,Y-3,https://www.adidas.com/us/y-3-regu-leather-shoes/KI0873.html,OSL16,"['KI0873', 'KI6979']","https://assets.adidas.com/images/w_383,h_383,f_auto,q_auto,fl_lossy,c_fill,g_auto/eb49b524b4d94b7ca246a52ca288c137_9366/Y-3_REGU_LEATHER_Shoes_Black_KI0873_00_plp_standard.jpg","{'prices': [{'type': 'original', 'value': 350, 'valueNoVat': 350}], 'isSoldOut': False}",12,4.6667,,True
JQ1117,Puig Indoor Shoes,Originals,https://www.adidas.com/us/puig-indoor-shoes/JQ1117.html,LUW20,[],"https://assets.adidas.com/images/w_383,h_383,f_auto,q_auto,fl_lossy,c_fill,g_auto/3c3d4ecf9cd0476a8003e4a1e0f7c156_9366/Puig_Indoor_Shoes_Blue_JQ1117_00_plp_standard.jpg","{'prices': [{'type': 'sale', 'value': 60, 'valueNoVat': 60}, {'type': 'original', 'value': 75, 'valueNoVat': 75, 'discountPercentage': -20}], 'isSoldOut': False}",39,4.7949,,True
LA1432,Crazy Energy Satou Sabally Shoes,Performance,https://www.adidas.com/us/crazy-energy-satou-sabally-shoes/LA1432.html,ORZ70,"['LA1432', 'HP5216', 'HP5223', 'KI6743', 'KI6746', 'KI6749', 'LA1506']","https://assets.adidas.com/images/w_383,h_383,f_auto,q_auto,fl_lossy,c_fill,g_auto/efa3bdacc30c4604bcea620064ec56fb_9366/Crazy_Energy_Satou_Sabally_Shoes_Orange_LA1432_00_plp_standard.jpg","{'prices': [{'type': 'original', 'value': 110, 'valueNoVat': 110}], 'isSoldOut': False}",42,4.8095,,True
JR3915,Anthony Edwards 1 Low Shoes,Performance,https://www.adidas.com/us/anthony-edwards-1-low-shoes/JR3915.html,OOD69,"['JR3915', 'JQ6135', 'JS1775', 'JS1778']","https://assets.adidas.com/images/w_383,h_383,f_auto,q_auto,fl_lossy,c_fill,g_auto/0f38da3df971471dabdf59d484209950_9366/Anthony_Edwards_1_Low_Shoes_White_JR3915_00_plp_standard.jpg","{'prices': [{'type': 'original', 'value': 110, 'valueNoVat': 110}], 'isSoldOut': False}",964,4.6899,,True
GW8342,Duramo 10 Running Shoes,Men Performance,https://www.adidas.com/us/duramo-10-running-shoes/GW8342.html,LWO08,"['GW8342', 'GW8336', 'HP2381', 'HQ4130']","https://assets.adidas.com/images/w_383,h_383,f_auto,q_auto,fl_lossy,c_fill,g_auto/9ce4e59355ae42179c82ad6700d3d85b_9366/Duramo_10_Running_Shoes_Black_GW8342_00_plp_standard.jpg","{'prices': [{'type': 'original', 'value': 65, 'valueNoVat': 65}], 'isSoldOut': False}",3655,4.6105,,True
KH6896,ADIDAS X COCA-COLA MEGARIDE F50 SHOES,Originals,https://www.adidas.com/us/adidas-x-coca-cola-megaride-f50-shoes/KH6896.html,OQZ83,[],"https://assets.adidas.com/images/w_383,h_383,f_auto,q_auto,fl_lossy,c_fill,g_auto/530340033f964c00be8eb5ba2efb7043_9366/ADIDAS_X_COCA-COLA_MEGARIDE_F50_SHOES_White_KH6896_00_plp_standard.jpg","{'prices': [{'type': 'original', 'value': 190, 'valueNoVat': 190}], 'isSoldOut': False}",6,4.3333,True,True
KI7901,Y-3 STAN SMITH LO PRO Shoes,Y-3,https://www.adidas.com/us/y-3-stan-smith-lo-pro-shoes/KI7901.html,OSY29,"['KI7901', 'HP9986', 'KI3473', 'KI7903', 'KJ2390', 'LA6688']","https://assets.adidas.com/images/w_383,h_383,f_auto,q_auto,fl_lossy,c_fill,g_auto/2bbbe7b4d0a648009c327e34eca388d0_9366/Y-3_STAN_SMITH_LO_PRO_Shoes_Silver_KI7901_00_plp_standard.jpg","{'prices': [{'type': 'original', 'value': 300, 'valueNoVat': 300}], 'isSoldOut': False}",3,5.0,,True
HQ2351,BARREDA MUNDIAL Shoes,Sportswear,https://www.adidas.com/us/barreda-mundial-shoes/HQ2351.html,OSM34,"['HQ2351', 'JR4614', 'KJ7386', 'KJ7387']","https://assets.adidas.com/images/w_383,h_383,f_auto,q_auto,fl_lossy,c_fill,g_auto/52eef9ef262b423d853d8f77463fc849_9366/BARREDA_MUNDIAL_Shoes_Black_HQ2351_HM1.jpg","{'prices': [{'type': 'sale', 'value': 54, 'valueNoVat': 54}, {'type': 'original', 'value': 90, 'valueNoVat': 90, 'discountPercentage': -40}], 'isSoldOut': False}",97,4.8248,True,True
JQ6135,Anthony Edwards 1 Low Shoes,Performance,https://www.adidas.com/us/anthony-edwards-1-low-shoes/JQ6135.html,OOD69,"['JQ6135', 'JR3915', 'JS1775', 'JS1778']","https://assets.adidas.com/images/w_383,h_383,f_auto,q_auto,fl_lossy,c_fill,g_auto/747e570e5d744279a305d5bdc9a294f8_9366/Anthony_Edwards_1_Low_Shoes_Turquoise_JQ6135_00_plp_standard.jpg","{'prices': [{'type': 'original', 'value': 110, 'valueNoVat': 110}], 'isSoldOut': False}",964,4.6899,,True
KJ3531,SAMBA LICENSED Shoes,Performance,https://www.adidas.com/us/samba-licensed-shoes/KJ3531.html,ONN55,"['KJ3531', 'JQ4038']","https://assets.adidas.com/images/w_383,h_383,f_auto,q_auto,fl_lossy,c_fill,g_auto/1a50399105d145ee880601949c51a48c_9366/SAMBA_LICENSED_Shoes_Blue_KJ3531_22_model.jpg","{'prices': [{'type': 'sale', 'value': 98, 'valueNoVat': 98}, {'type': 'original', 'value': 115, 'valueNoVat': 115, 'discountPercentage': -10}], 'isSoldOut': False}",95,4.8842,,True
HP5223,Crazy Energy Sophie Cunningham Basketball Shoes,Performance,https://www.adidas.com/us/crazy-energy-sophie-cunningham-basketball-shoes/HP5223.html,ORZ70,"['HP5223', 'HP5216', 'KI6743', 'KI6746', 'KI6749', 'LA1432', 'LA1506']","https://assets.adidas.com/images/w_383,h_383,f_auto,q_auto,fl_lossy,c_fill,g_auto/1b75b2f86fd14e819ef833309b13ae37_9366/Crazy_Energy_Sophie_Cunningham_Basketball_Shoes_Pink_HP5223_00_plp_standard.jpg","{'prices': [{'type': 'original', 'value': 110, 'valueNoVat': 110}], 'isSoldOut': True, 'soldOutText': 'Sold out'}",42,4.8095,,True
KI4935,ADIZERO GOUKANA SHOES,Originals,https://www.adidas.com/us/adizero-goukana-shoes/KI4935.html,OSM33,"['KI4935', 'KI4934', 'KI4936', 'KJ2734', 'KJ7379', 'KJ7380']","https://assets.adidas.com/images/w_383,h_383,f_auto,q_auto,fl_lossy,c_fill,g_auto/fbbcd419f8da44029ed3d5eb19359239_9366/ADIZERO_GOUKANA_SHOES_Pink_KI4935_00_plp_standard.jpg","{'prices': [{'type': 'sale', 'value': 80, 'valueNoVat': 80}, {'type': 'original', 'value': 160, 'valueNoVat': 160, 'discountPercentage': -50}], 'isSoldOut': False}",54,4.6297,,False
KI7905,Feroza Lux Mercedes AMG Petronas F1 Team Shoes,Performance,https://www.adidas.com/us/feroza-lux-mercedes-amg-petronas-f1-team-shoes/KI7905.html,OPW55,[],"https://assets.adidas.com/images/w_383,h_383,f_auto,q_auto,fl_lossy,c_fill,g_auto/fc475a0c461c431987db6cfbd302b8b9_9366/Feroza_Lux_Mercedes_AMG_Petronas_F1_Team_Shoes_Grey_KI7905_00_plp_standard.jpg","{'prices': [{'type': 'original', 'value': 120, 'valueNoVat': 120}], 'isSoldOut': False}",-99,,,True
HP9986,Y-3 STAN SMITH LO PRO Shoes,Y-3,https://www.adidas.com/us/y-3-stan-smith-lo-pro-shoes/HP9986.html,OSY29,"['HP9986', 'KI3473', 'KI7901', 'KI7903', 'KJ2390', 'LA6688']","https://assets.adidas.com/images/w_383,h_383,f_auto,q_auto,fl_lossy,c_fill,g_auto/78d2a42d039b4196843835b6ea974af6_9366/Y-3_STAN_SMITH_LO_PRO_Shoes_Black_HP9986_00_plp_standard.jpg","{'prices': [{'type': 'original', 'value': 300, 'valueNoVat': 300}], 'isSoldOut': False}",3,5.0,,True
KJ1178,HANDBALL SPEZIAL MERCEDES SHOES,Performance,https://www.adidas.com/us/handball-spezial-mercedes-shoes/KJ1178.html,ONY72,"['KJ1178', 'KJ1186']","https://assets.adidas.com/images/w_383,h_383,f_auto,q_auto,fl_lossy,c_fill,g_auto/d3dbaa11a2344545a0da65a596de1edb_9366/HANDBALL_SPEZIAL_MERCEDES_SHOES_White_KJ1178_HM1.jpg","{'prices': [{'type': 'original', 'value': 120, 'valueNoVat': 120}], 'isSoldOut': False}",28,4.7857,,True
KZ6835,ADISTAR MLD SHOES,Originals,https://www.adidas.com/us/adistar-mld-shoes/KZ6835.html,OQA54,"['KZ6835', 'KH8334']","https://assets.adidas.com/images/w_383,h_383,f_auto,q_auto,fl_lossy,c_fill,g_auto/f2f58ce946aa4653847749d654f32962_9366/ADISTAR_MLD_SHOES_White_KZ6835_00_plp_standard.jpg","{'prices': [{'type': 'original', 'value': 130, 'valueNoVat': 130}], 'isSoldOut': False}",8,5.0,,True
KJ1190,ADIRACER HI MERCEDES AMG PETRONAS F1 TEAM SHOES,Originals,https://www.adidas.com/us/adiracer-hi-mercedes-amg-petronas-f1-team-shoes/KJ1190.html,OPK76,[],"https://assets.adidas.com/images/w_383,h_383,f_auto,q_auto,fl_lossy,c_fill,g_auto/8ad33f401e654e2db88bf147945245f3_9366/ADIRACER_HI_MERCEDES_AMG_PETRONAS_F1_TEAM_SHOES_Black_KJ1190_HM1.jpg","{'prices': [{'type': 'original', 'value': 140, 'valueNoVat': 140}], 'isSoldOut': False}",50,4.82,,True
KI4349,Y-3 TOKYO Shoes,Y-3,https://www.adidas.com/us/y-3-tokyo-shoes/KI4349.html,OPW53,"['KI4349', 'KI4350', 'KI7890', 'KI7892', 'KI7894']","https://assets.adidas.com/images/w_383,h_383,f_auto,q_auto,fl_lossy,c_fill,g_auto/bbe740f949134e639a77d592ab0f46e5_9366/Y-3_TOKYO_Shoes_Silver_KI4349_00_plp_standard.jpg","{'prices': [{'type': 'original', 'value': 300, 'valueNoVat': 300}], 'isSoldOut': False}",26,4.9231,,True
IH8584,RUN 70s 2.0 Shoes,Men Sportswear,https://www.adidas.com/us/run-70s-2.0-shoes/IH8584.html,NJG80,"['IH8584', 'JI4919', 'JI4922', 'JR2382', 'JR2384', 'JR2385']","https://assets.adidas.com/images/w_383,h_383,f_auto,q_auto,fl_lossy,c_fill,g_auto/a614f59eaaab479e9d1e6df348e0acf0_9366/RUN_70s_2.0_Shoes_White_IH8584_HM1.jpg","{'prices': [{'type': 'original', 'value': 70, 'valueNoVat': 70}], 'isSoldOut': False}",619,4.5154,,True
KJ1186,HANDBALL SPEZIAL MERCEDES SHOES,Performance,https://www.adidas.com/us/handball-spezial-mercedes-shoes/KJ1186.html,ONY72,"['KJ1186', 'KJ1178']","https://assets.adidas.com/images/w_383,h_383,f_auto,q_auto,fl_lossy,c_fill,g_auto/8dd5f879370d4b36a60acc270c5f6ac3_9366/HANDBALL_SPEZIAL_MERCEDES_SHOES_Turquoise_KJ1186_00_plp_standard.jpg","{'prices': [{'type': 'original', 'value': 120, 'valueNoVat': 120}], 'isSoldOut': False}",28,4.7857,,True
GW8336,Duramo 10 Running Shoes,Men Performance,https://www.adidas.com/us/duramo-10-running-shoes/GW8336.html,LWO08,"['GW8336', 'GW8342', 'HP2381', 'HQ4130']","https://assets.adidas.com/images/w_383,h_383,f_auto,q_auto,fl_lossy,c_fill,g_auto/aa048bf416664f588de3ad6600ac438f_9366/Duramo_10_Running_Shoes_Black_GW8336_00_plp_standard.jpg","{'prices': [{'type': 'original', 'value': 65, 'valueNoVat': 65}], 'isSoldOut': False}",3655,4.6105,,True
JR1598,Harden Volume 10 Shoes,Performance,https://www.adidas.com/us/harden-volume-10-shoes/JR1598.html,OMP59,"['JR1598', 'JQ9422', 'JQ9453', 'JR1602', 'KH9153', 'KI1604', 'KI1605', 'KI1608', 'KI1610', 'KJ1454']","https://assets.adidas.com/images/w_383,h_383,f_auto,q_auto,fl_lossy,c_fill,g_auto/12703691d7d1452fba3381fe29f54b94_9366/Harden_Volume_10_Shoes_Black_JR1598_00_plp_standard.jpg","{'prices': [{'type': 'original', 'value': 160, 'valueNoVat': 160}], 'isSoldOut': False}",252,4.7104,,True
KI6981,Y-3 REGU MULE,Y-3,https://www.adidas.com/us/y-3-regu-mule/KI6981.html,OSL17,"['KI6981', 'HP9991']","https://assets.adidas.com/images/w_383,h_383,f_auto,q_auto,fl_lossy,c_fill,g_auto/6675469aec9941159e34770a4d07ff13_9366/Y-3_REGU_MULE_Black_KI6981_00_plp_standard.jpg","{'prices': [{'type': 'original', 'value': 330, 'valueNoVat': 330}], 'isSoldOut': False}",17,4.0588,,True
KH6906,ADIDAS X COCA-COLA PREDATOR SALA SHOES,Originals,https://www.adidas.com/us/adidas-x-coca-cola-predator-sala-shoes/KH6906.html,OSU44,[],"https://assets.adidas.com/images/w_383,h_383,f_auto,q_auto,fl_lossy,c_fill,g_auto/a0008641c8294e26bc471df58e884935_9366/ADIDAS_X_COCA-COLA_PREDATOR_SALA_SHOES_Silver_KH6906_00_plp_standard.jpg","{'prices': [{'type': 'original', 'value': 140, 'valueNoVat': 140}], 'isSoldOut': False}",4,5.0,,True
KJ1738,RESPONSE RUNNER 2 Shoes,Performance,https://www.adidas.com/us/response-runner-2-shoes/KJ1738.html,OSH82,[],"https://assets.adidas.com/images/w_383,h_383,f_auto,q_auto,fl_lossy,c_fill,g_auto/80feba1946074641bf529cce9797c333_9366/RESPONSE_RUNNER_2_Shoes_White_KJ1738_HM1.jpg","{'prices': [{'type': 'original', 'value': 50, 'valueNoVat': 50}], 'isSoldOut': False}",7,4.8571,,True
KJ4910,PARIS SHOES,Men Originals,https://www.adidas.com/us/paris-shoes/KJ4910.html,OQQ47,"['KJ4910', 'KJ4898', 'KJ4899', 'KJ4908', 'KJ4909']","https://assets.adidas.com/images/w_383,h_383,f_auto,q_auto,fl_lossy,c_fill,g_auto/83b75e65952344d0a1cdd7bf408ba854_9366/PARIS_SHOES_Beige_KJ4910_00_plp_standard.jpg","{'prices': [{'type': 'original', 'value': 100, 'valueNoVat': 100}], 'isSoldOut': False}",5,4.8,,True
KI2674,Y-3 FIELD Trainers,Y-3,https://www.adidas.com/us/y-3-field-trainers/KI2674.html,OSL54,"['KI2674', 'HP9980', 'KH7274', 'KI2671', 'KI7091', 'KI7112', 'KZ9051']","https://assets.adidas.com/images/w_383,h_383,f_auto,q_auto,fl_lossy,c_fill,g_auto/118d1fe8acbe4d7d999db116bf524f79_9366/Y-3_FIELD_Trainers_Black_KI2674_00_plp_standard.jpg","{'prices': [{'type': 'original', 'value': 330, 'valueNoVat': 330}], 'isSoldOut': False}",31,4.6452,,True
JQ8533,BOX HOG WIDE SHOES,Performance,https://www.adidas.com/us/box-hog-wide-shoes/JQ8533.html,OMW16,[],"https://assets.adidas.com/images/w_383,h_383,f_auto,q_auto,fl_lossy,c_fill,g_auto/1d1c044b70ce4f828be2c2a3ba28214a_9366/BOX_HOG_WIDE_SHOES_Black_JQ8533_00_plp_standard.jpg","{'prices': [{'type': 'original', 'value': 130, 'valueNoVat': 130}], 'isSoldOut': False}",8,5.0,,True
KI6151,ADISTAR CONTROL 5 SHOES,Originals,https://www.adidas.com/us/adistar-control-5-shoes/KI6151.html,ONN89,"['KI6151', 'KH6895', 'KI6120', 'KI6121', 'KI6150', 'KI6152', 'KI6154', 'KI6680', 'KI8590', 'KI8592', 'KI8601', 'KI9356', 'KJ3630', 'KJ3631', 'KJ5955', 'KJ7727', 'KJ8805', 'LA3965']","https://assets.adidas.com/images/w_383,h_383,f_auto,q_auto,fl_lossy,c_fill,g_auto/e166a58558a0486aa7056685d3175867_9366/ADISTAR_CONTROL_5_SHOES_White_KI6151_00_plp_standard.jpg","{'prices': [{'type': 'sale', 'value': 84, 'valueNoVat': 84}, {'type': 'original', 'value': 120, 'valueNoVat': 120, 'discountPercentage': -30}], 'isSoldOut': False}",664,4.8449,,True
JR8289,Harden Volume 9 Shoes,Performance,https://www.adidas.com/us/harden-volume-9-shoes/JR8289.html,OMT74,"['JR8289', 'JQ9137']","https://assets.adidas.com/images/w_383,h_383,f_auto,q_auto,fl_lossy,c_fill,g_auto/edb473c5fc544834aa114c877d0d590e_9366/Harden_Volume_9_Shoes_Green_JR8289_00_plp_standard.jpg","{'prices': [{'type': 'original', 'value': 160, 'valueNoVat': 160}], 'isSoldOut': False}",163,4.7546,,True
KI4346,Y-3 GSG9 SANDAL,Y-3,https://www.adidas.com/us/y-3-gsg9-sandal/KI4346.html,OPB90,"['KI4346', 'KK3702']","https://assets.adidas.com/images/w_383,h_383,f_auto,q_auto,fl_lossy,c_fill,g_auto/c32a3df673ff488599c657a481dbf89c_9366/Y-3_GSG9_SANDAL_Black_KI4346_00_plp_standard.jpg","{'prices': [{'type': 'original', 'value': 380, 'valueNoVat': 380}], 'isSoldOut': False}",11,4.1819,,True
LA7828,SUPERSTAR II SHOES,Originals,https://www.adidas.com/us/superstar-ii-shoes/LA7828.html,OSY66,[],"https://assets.adidas.com/images/w_383,h_383,f_auto,q_auto,fl_lossy,c_fill,g_auto/2c9a88d6a91a46f097ea0a28408a02de_9366/SUPERSTAR_II_SHOES_Blue_LA7828_00_plp_standard.jpg","{'prices': [{'type': 'original', 'value': 110, 'valueNoVat': 110}], 'isSoldOut': False}",-99,,,True
KK2048,Adizero EVO SL Woven Running Shoes,Men Performance,https://www.adidas.com/us/adizero-evo-sl-woven-running-shoes/KK2048.html,OSJ44,[],"https://assets.adidas.com/images/w_383,h_383,f_auto,q_auto,fl_lossy,c_fill,g_auto/ca65621345c54602885f162a0322ce01_9366/Adizero_EVO_SL_Woven_Running_Shoes_Brown_KK2048_00_plp_standard.jpg","{'prices': [{'type': 'original', 'value': 150, 'valueNoVat': 150}], 'isSoldOut': False}",-99,,,True
KH5376,Hyperboost Edge Shoes,Men Performance,https://www.adidas.com/us/hyperboost-edge-shoes/KH5376.html,OSV94,[],"https://assets.adidas.com/images/w_383,h_383,f_auto,q_auto,fl_lossy,c_fill,g_auto/2d420ca259cc47fb852bedb51b49dee2_9366/Hyperboost_Edge_Shoes_Brown_KH5376_00_plp_standard.jpg","{'prices': [{'type': 'original', 'value': 200, 'valueNoVat': 200}], 'isSoldOut': False}",-99,,,True
HP9991,Y-3 REGU MULE,Y-3,https://www.adidas.com/us/y-3-regu-mule/HP9991.html,OSL17,"['HP9991', 'KI6981']","https://assets.adidas.com/images/w_383,h_383,f_auto,q_auto,fl_lossy,c_fill,g_auto/fcff2736f87f496dade964eb2763ea83_9366/Y-3_REGU_MULE_Black_HP9991_00_plp_standard.jpg","{'prices': [{'type': 'original', 'value': 330, 'valueNoVat': 330}], 'isSoldOut': False}",17,4.0588,,True
JR3726,BW Army Shoes,Men Originals,https://www.adidas.com/us/bw-army-shoes/JR3726.html,OOZ27,"['JR3726', 'JH7834', 'JH7835', 'JR3724', 'JR7345']","https://assets.adidas.com/images/w_383,h_383,f_auto,q_auto,fl_lossy,c_fill,g_auto/1bf00bbfa7de407199938dc4f4e0e177_9366/BW_Army_Shoes_Grey_JR3726_00_plp_standard.jpg","{'prices': [{'type': 'sale', 'value': 66, 'valueNoVat': 66}, {'type': 'original', 'value': 120, 'valueNoVat': 120, 'discountPercentage': -45}], 'isSoldOut': False}",160,4.8063,,True
JR3724,BW Army Shoes,Men Originals,https://www.adidas.com/us/bw-army-shoes/JR3724.html,OOZ27,"['JR3724', 'JH7834', 'JH7835', 'JR3726', 'JR7345']","https://assets.adidas.com/images/w_383,h_383,f_auto,q_auto,fl_lossy,c_fill,g_auto/7d8956c972f94d489e6963272b826738_9366/BW_Army_Shoes_Green_JR3724_00_plp_standard.jpg","{'prices': [{'type': 'original', 'value': 120, 'valueNoVat': 120}], 'isSoldOut': False}",160,4.8063,,True
IF9400,Duramo SL 2 Wide Running Shoes,Men Performance,https://www.adidas.com/us/duramo-sl-2-wide-running-shoes/IF9400.html,NKL67,[],"https://assets.adidas.com/images/w_383,h_383,f_auto,q_auto,fl_lossy,c_fill,g_auto/6bd9a7570fc248b29c3a4f6b03d91d53_9366/Duramo_SL_2_Wide_Running_Shoes_Black_IF9400_HM1.jpg","{'prices': [{'type': 'original', 'value': 70, 'valueNoVat': 70}], 'isSoldOut': False}",319,4.4452,True,True
JQ4576,Indiana Hoosiers Adizero EVO SL Shoes,Men Performance,https://www.adidas.com/us/indiana-hoosiers-adizero-evo-sl-shoes/JQ4576.html,ONI53,"['JQ4576', 'JQ2147', 'JQ2148', 'JQ2150', 'JQ4566', 'JQ4569', 'JQ4573', 'JQ4575', 'JQ4578']","https://assets.adidas.com/images/w_383,h_383,f_auto,q_auto,fl_lossy,c_fill,g_auto/a389879d8675401ab36bae8b6e365439_9366/Indiana_Hoosiers_Adizero_EVO_SL_Shoes_White_JQ4576_00_plp_standard.jpg","{'prices': [{'type': 'original', 'value': 160, 'valueNoVat': 160}], 'isSoldOut': False}",191,4.822,,True
JI3445,Jabbar Hi Shoes,Originals,https://www.adidas.com/us/jabbar-hi-shoes/JI3445.html,NLL59,"['JI3445', 'JP6510', 'JR4891', 'JS2155', 'JS2156']","https://assets.adidas.com/images/w_383,h_383,f_auto,q_auto,fl_lossy,c_fill,g_auto/27c3e80489f04cc69eda4327a7cf13aa_9366/Jabbar_Hi_Shoes_White_JI3445_00_plp_standard.jpg","{'prices': [{'type': 'sale', 'value': 55, 'valueNoVat': 55}, {'type': 'original', 'value': 110, 'valueNoVat': 110, 'discountPercentage': -50}], 'isSoldOut': False}",149,4.6444,,True
KJ7727,ADISTAR CONTROL 5 SHOES,Originals,https://www.adidas.com/us/adistar-control-5-shoes/KJ7727.html,ONN89,"['KJ7727', 'KH6895', 'KI6120', 'KI6121', 'KI6150', 'KI6151', 'KI6152', 'KI6154', 'KI6680', 'KI8590', 'KI8592', 'KI8601', 'KI9356', 'KJ3630', 'KJ3631', 'KJ5955', 'KJ8805', 'LA3965']","https://assets.adidas.com/images/w_383,h_383,f_auto,q_auto,fl_lossy,c_fill,g_auto/9843f68944b243c596acbf090924026d_9366/ADISTAR_CONTROL_5_SHOES_Yellow_KJ7727_00_plp_standard.jpg","{'prices': [{'type': 'sale', 'value': 60, 'valueNoVat': 60}, {'type': 'original', 'value': 120, 'valueNoVat': 120, 'discountPercentage': -50}], 'isSoldOut': False}",664,4.8449,True,True
IH1453,BARREDA DECODE SHOES,Sportswear,https://www.adidas.com/us/barreda-decode-shoes/IH1453.html,OPS66,"['IH1453', 'IH1454', 'IH1455', 'JR1227', 'JR1229', 'JR1230', 'JR1231', 'JR1233', 'JS0936', 'KJ6845', 'KJ9087', 'KJ9195', 'KJ9197', 'KJ9200', 'KK4718']","https://assets.adidas.com/images/w_383,h_383,f_auto,q_auto,fl_lossy,c_fill,g_auto/b357017dedd844ba849ab9695f47cf73_9366/BARREDA_DECODE_SHOES_White_IH1453_00_plp_standard.jpg","{'prices': [{'type': 'sale', 'value': 45, 'valueNoVat': 45}, {'type': 'original', 'value': 90, 'valueNoVat': 90, 'discountPercentage': -50}], 'isSoldOut': False}",102,4.6569,True,True
HQ7320,Y-3 SUPERSTAR Shoes,Y-3,https://www.adidas.com/us/y-3-superstar-shoes/HQ7320.html,OOY85,"['HQ7320', 'KI3475', 'KI3476']","https://assets.adidas.com/images/w_383,h_383,f_auto,q_auto,fl_lossy,c_fill,g_auto/13988fc777334878b785890a454fd35a_9366/Y-3_SUPERSTAR_Shoes_Black_HQ7320_00_plp_standard.jpg","{'prices': [{'type': 'original', 'value': 280, 'valueNoVat': 280}], 'isSoldOut': False}",36,4.9167,,True
JQ1137,Tyshawn Low Shoes,Originals,https://www.adidas.com/us/tyshawn-low-shoes/JQ1137.html,OOM59,[],"https://assets.adidas.com/images/w_383,h_383,f_auto,q_auto,fl_lossy,c_fill,g_auto/96a5c61fc18443e39f3f3a1f14c787cf_9366/Tyshawn_Low_Shoes_Black_JQ1137_00_plp_standard.jpg","{'prices': [{'type': 'sale', 'value': 64, 'valueNoVat': 64}, {'type': 'original', 'value': 85, 'valueNoVat': 85, 'discountPercentage': -20}], 'isSoldOut': False}",41,4.9513,,True
KK3655,Y-3 ADIZERO RC6 Shoes,Y-3,https://www.adidas.com/us/y-3-adizero-rc6-shoes/KK3655.html,OPW13,"['KK3655', 'KI7792', 'KI7793', 'KI7794', 'KJ3444', 'KK3654']","https://assets.adidas.com/images/w_383,h_383,f_auto,q_auto,fl_lossy,c_fill,g_auto/734b09577f1c446b9ed5d73b823ec3d5_9366/Y-3_ADIZERO_RC6_Shoes_White_KK3655_00_plp_standard.jpg","{'prices': [{'type': 'original', 'value': 180, 'valueNoVat': 180}], 'isSoldOut': False}",30,4.4333,,True
KK2998,RESPONSE PACE RUNNING SHOES,Men Performance,https://www.adidas.com/us/response-pace-running-shoes/KK2998.html,OSH80,"['KK2998', 'KJ1774', 'KK2999', 'KK3000']","https://assets.adidas.com/images/w_383,h_383,f_auto,q_auto,fl_lossy,c_fill,g_auto/87a25188665748dbbf6e2de572361992_9366/RESPONSE_PACE_RUNNING_SHOES_Blue_KK2998_00_plp_standard.jpg","{'prices': [{'type': 'original', 'value': 65, 'valueNoVat': 65}], 'isSoldOut': False}",198,4.8081,,True
JH5459,adidas BRMD Shoes,Men Originals,https://www.adidas.com/us/adidas-brmd-shoes/JH5459.html,NJK34,[],"https://assets.adidas.com/images/w_383,h_383,f_auto,q_auto,fl_lossy,c_fill,g_auto/4bdfe36aabd94e1081507a9ea1092cc7_9366/adidas_BRMD_Shoes_Gold_JH5459_00_plp_standard.jpg","{'prices': [{'type': 'sale', 'value': 61, 'valueNoVat': 61}, {'type': 'original', 'value': 110, 'valueNoVat': 110, 'discountPercentage': -40}], 'isSoldOut': False}",325,4.7724,,True
KJ1712,Superstar Vintage Shoes,Originals,https://www.adidas.com/us/superstar-vintage-shoes/KJ1712.html,OSR35,[],"https://assets.adidas.com/images/w_383,h_383,f_auto,q_auto,fl_lossy,c_fill,g_auto/295d7a0b2b5a42c684f3494358b1abb9_9366/Superstar_Vintage_Shoes_Black_KJ1712_00_plp_standard.jpg","{'prices': [{'type': 'original', 'value': 120, 'valueNoVat': 120}], 'isSoldOut': False}",2,5.0,,True
JQ9503,ANTHONY EDWARDS 2 Shoes,Performance,https://www.adidas.com/us/anthony-edwards-2-shoes/JQ9503.html,OQN77,"['JQ9503', 'JQ9493', 'JQ9495', 'JQ9497', 'JQ9501', 'JR1572', 'JR4359', 'JS3508', 'JS3514', 'KJ1887', 'KJ2363', 'KJ4228', 'KK0645', 'KK1390']","https://assets.adidas.com/images/w_383,h_383,f_auto,q_auto,fl_lossy,c_fill,g_auto/9b9438e3979f4bd6bac546c94c13e0dd_9366/ANTHONY_EDWARDS_2_Shoes_Black_JQ9503_00_plp_standard.jpg","{'prices': [{'type': 'original', 'value': 130, 'valueNoVat': 130}], 'isSoldOut': False}",556,4.7482,,True
KK3650,Y-3 F50 BEAST Shoes,Y-3,https://www.adidas.com/us/y-3-f50-beast-shoes/KK3650.html,OQZ32,"['KK3650', 'HP9981', 'KH6663', 'KK3651', 'KK3652']","https://assets.adidas.com/images/w_383,h_383,f_auto,q_auto,fl_lossy,c_fill,g_auto/9bd99ea2918649669afa25462de75f0b_9366/Y-3_F50_BEAST_Shoes_Red_KK3650_00_plp_standard.jpg","{'prices': [{'type': 'original', 'value': 330, 'valueNoVat': 330}], 'isSoldOut': False}",15,4.8667,,True
KJ9189,Y-3 GAZELLE Shoes,Y-3,https://www.adidas.com/us/y-3-gazelle-shoes/KJ9189.html,OSY30,"['KJ9189', 'KI4340', 'KI4341', 'KI7889', 'KJ9190', 'LA6689', 'LA6690']","https://assets.adidas.com/images/w_383,h_383,f_auto,q_auto,fl_lossy,c_fill,g_auto/b123b0f383064435ad48aced9c4b713a_9366/Y-3_GAZELLE_Shoes_White_KJ9189_00_plp_standard.jpg","{'prices': [{'type': 'original', 'value': 300, 'valueNoVat': 300}], 'isSoldOut': False}",40,5.0,,True
IF4464,VL Court 3.0 Shoes,Men Sportswear,https://www.adidas.com/us/vl-court-3.0-shoes/IF4464.html,OMP39U,"['IF4464', 'HQ0175', 'ID6275', 'ID6276', 'ID6285', 'ID6286', 'ID9184', 'IF4457', 'IH4039', 'IH6562', 'JP7537', 'JR0983', 'JR2222', 'JR8635', 'JR8636', 'JR8638']","https://assets.adidas.com/images/w_383,h_383,f_auto,q_auto,fl_lossy,c_fill,g_auto/2b25a0a2dbb14d7693f8ff16c4720e24_9366/VL_Court_3.0_Shoes_White_IF4464_HM1.jpg","{'prices': [{'type': 'sale', 'value': 38, 'valueNoVat': 38}, {'type': 'original', 'value': 75, 'valueNoVat': 75, 'discountPercentage': -45}], 'isSoldOut': False}",532,4.7407,,False
KI7879,Barreda Decode Audi F1 Team Shoes,Performance,https://www.adidas.com/us/barreda-decode-audi-f1-team-shoes/KI7879.html,ONX89,[],"https://assets.adidas.com/images/w_383,h_383,f_auto,q_auto,fl_lossy,c_fill,g_auto/c8cda4d59fcc484fb127965a8cc4f9ad_9366/Barreda_Decode_Audi_F1_Team_Shoes_Black_KI7879_00_plp_standard.jpg","{'prices': [{'type': 'original', 'value': 100, 'valueNoVat': 100}], 'isSoldOut': False}",9,4.4445,,True
KK3654,Y-3 ADIZERO RC6 Shoes,Y-3,https://www.adidas.com/us/y-3-adizero-rc6-shoes/KK3654.html,OPW13,"['KK3654', 'KI7792', 'KI7793', 'KI7794', 'KJ3444', 'KK3655']","https://assets.adidas.com/images/w_383,h_383,f_auto,q_auto,fl_lossy,c_fill,g_auto/2bb345d7338e4624ae5317d960432fb4_9366/Y-3_ADIZERO_RC6_Shoes_White_KK3654_00_plp_standard.jpg","{'prices': [{'type': 'original', 'value': 180, 'valueNoVat': 180}], 'isSoldOut': False}",30,4.4333,,True
KJ3444,Y-3 ADIZERO RC6 Shoes,Y-3,https://www.adidas.com/us/y-3-adizero-rc6-shoes/KJ3444.html,OPW13,"['KJ3444', 'KI7792', 'KI7793', 'KI7794', 'KK3654', 'KK3655']","https://assets.adidas.com/images/w_383,h_383,f_auto,q_auto,fl_lossy,c_fill,g_auto/a87b9a9bf99e4f198fa59be9a06587eb_9366/Y-3_ADIZERO_RC6_Shoes_Black_KJ3444_00_plp_standard.jpg","{'prices': [{'type': 'original', 'value': 180, 'valueNoVat': 180}], 'isSoldOut': False}",30,4.4333,,True
JQ9595,JABBAR LO Trainers,Originals,https://www.adidas.com/us/jabbar-lo-trainers/JQ9595.html,NLL54,"['JQ9595', 'JP6499', 'JP6501', 'JQ4427', 'JR4354', 'JS2160', 'JS5021', 'JS5023', 'KI8523']","https://assets.adidas.com/images/w_383,h_383,f_auto,q_auto,fl_lossy,c_fill,g_auto/2f2d992691384962a99b771746b1262c_9366/JABBAR_LO_Trainers_White_JQ9595_00_plp_standard.jpg","{'prices': [{'type': 'sale', 'value': 55, 'valueNoVat': 55}, {'type': 'original', 'value': 110, 'valueNoVat': 110, 'discountPercentage': -50}], 'isSoldOut': False}",428,4.8085,True,True
JP6510,JABBAR HI Shoes,Originals,https://www.adidas.com/us/jabbar-hi-shoes/JP6510.html,NLL59,"['JP6510', 'JI3445', 'JR4891', 'JS2155', 'JS2156']","https://assets.adidas.com/images/w_383,h_383,f_auto,q_auto,fl_lossy,c_fill,g_auto/33ad720d75394bdeb5c463d714240324_9366/JABBAR_HI_Shoes_Brown_JP6510_00_plp_standard.jpg","{'prices': [{'type': 'sale', 'value': 55, 'valueNoVat': 55}, {'type': 'original', 'value': 110, 'valueNoVat': 110, 'discountPercentage': -50}], 'isSoldOut': False}",149,4.6444,True,True
KI4341,Y-3 GAZELLE Shoes,Y-3,https://www.adidas.com/us/y-3-gazelle-shoes/KI4341.html,OSY30,"['KI4341', 'KI4340', 'KI7889', 'KJ9189', 'KJ9190', 'LA6689', 'LA6690']","https://assets.adidas.com/images/w_383,h_383,f_auto,q_auto,fl_lossy,c_fill,g_auto/4dbc922def3e4a32a4d164d4dd9549c6_9366/Y-3_GAZELLE_Shoes_Grey_KI4341_00_plp_standard.jpg","{'prices': [{'type': 'original', 'value': 300, 'valueNoVat': 300}], 'isSoldOut': False}",40,5.0,,True
KI6874,Y-3 ADIOS PRO 4 Shoes,Men Y-3,https://www.adidas.com/us/y-3-adios-pro-4-shoes/KI6874.html,ORC01,"['KI6874', 'KI7128', 'KI7791', 'KZ9045']","https://assets.adidas.com/images/w_383,h_383,f_auto,q_auto,fl_lossy,c_fill,g_auto/6e977709f638490e8f49955c2c16b4b1_9366/Y-3_ADIOS_PRO_4_Shoes_Brown_KI6874_00_plp_standard.jpg","{'prices': [{'type': 'original', 'value': 330, 'valueNoVat': 330}], 'isSoldOut': False}",42,4.5477,,True
KK3651,Y-3 F50 BEAST Shoes,Y-3,https://www.adidas.com/us/y-3-f50-beast-shoes/KK3651.html,OQZ32,"['KK3651', 'HP9981', 'KH6663', 'KK3650', 'KK3652']","https://assets.adidas.com/images/w_383,h_383,f_auto,q_auto,fl_lossy,c_fill,g_auto/3500474d59a94186b374d799208f6a3d_9366/Y-3_F50_BEAST_Shoes_Blue_KK3651_00_plp_standard.jpg","{'prices': [{'type': 'original', 'value': 330, 'valueNoVat': 330}], 'isSoldOut': False}",15,4.8667,,True
HQ2516,PRO MODEL Shoes,Men Originals,https://www.adidas.com/us/pro-model-shoes/HQ2516.html,OPN22,[],"https://assets.adidas.com/images/w_383,h_383,f_auto,q_auto,fl_lossy,c_fill,g_auto/2e9b59e35ec54056922c2d1ab2a02687_9366/PRO_MODEL_Shoes_Black_HQ2516_00_plp_standard.jpg","{'prices': [{'type': 'sale', 'value': 66, 'valueNoVat': 66}, {'type': 'original', 'value': 110, 'valueNoVat': 110, 'discountPercentage': -40}], 'isSoldOut': False}",120,4.675,,True
KK3271,SAMBA OG SHOES,Men Originals,https://www.adidas.com/us/samba-og-shoes/KK3271.html,SAMBAU2312,"['KK3271', 'B75806', 'B75807', 'HP3551', 'HQ4950', 'HQ4951', 'ID1481', 'IE3438', 'IH4388', 'IH4389', 'IH6813', 'IH6815', 'IH6816', 'IH6827', 'IH6828', 'IH6829', 'JR0882', 'JR0910', 'JR0911', 'JS3832', 'KJ2382', 'KJ2788', 'KJ9995', 'KJ9997', 'KK2266', 'KK2267', 'KK2268', 'KK2272', 'KK2273', 'KK2274', 'KK2277', 'KK2278', 'KK2279', 'KK2280', 'KK2329', 'KK2330', 'KK2331', 'KK2332', 'KK2333', 'KK3273', 'KK3274', 'KK3275', 'KZ6720', 'LA3984']","https://assets.adidas.com/images/w_383,h_383,f_auto,q_auto,fl_lossy,c_fill,g_auto/b0d6c5f95d324a59adb71b2ab1ef18da_9366/SAMBA_OG_SHOES_White_KK3271_00_plp_standard.jpg","{'prices': [{'type': 'original', 'value': 100, 'valueNoVat': 100}], 'isSoldOut': False}",3269,4.8107,,True
KK2277,SAMBA OG SHOES,Men Originals,https://www.adidas.com/us/samba-og-shoes/KK2277.html,SAMBAU2312,"['KK2277', 'B75806', 'B75807', 'HP3551', 'HQ4950', 'HQ4951', 'ID1481', 'IE3438', 'IH4388', 'IH4389', 'IH6813', 'IH6815', 'IH6816', 'IH6827', 'IH6828', 'IH6829', 'JR0882', 'JR0910', 'JR0911', 'JS3832', 'KJ2382', 'KJ2788', 'KJ9995', 'KJ9997', 'KK2266', 'KK2267', 'KK2268', 'KK2272', 'KK2273', 'KK2274', 'KK2278', 'KK2279', 'KK2280', 'KK2329', 'KK2330', 'KK2331', 'KK2332', 'KK2333', 'KK3271', 'KK3273', 'KK3274', 'KK3275', 'KZ6720', 'LA3984']","https://assets.adidas.com/images/w_383,h_383,f_auto,q_auto,fl_lossy,c_fill,g_auto/10c82d3674ee418495f5a424fc61cf7b_9366/SAMBA_OG_SHOES_White_KK2277_00_plp_standard.jpg","{'prices': [{'type': 'original', 'value': 100, 'valueNoVat': 100}], 'isSoldOut': False}",3269,4.8107,,True
KJ3264,Gazelle Indoor Mercedes AMG Petronas F1 Team Shoes,Men Originals,https://www.adidas.com/us/gazelle-indoor-mercedes-amg-petronas-f1-team-shoes/KJ3264.html,OQX84,[],"https://assets.adidas.com/images/w_383,h_383,f_auto,q_auto,fl_lossy,c_fill,g_auto/0328dcaf6bf04f36a4203160b4a1127c_9366/Gazelle_Indoor_Mercedes_AMG_Petronas_F1_Team_Shoes_Blue_KJ3264_00_plp_standard.jpg","{'prices': [{'type': 'original', 'value': 130, 'valueNoVat': 130}], 'isSoldOut': False}",21,4.9524,,True
KJ9190,Y-3 GAZELLE Shoes,Y-3,https://www.adidas.com/us/y-3-gazelle-shoes/KJ9190.html,OSY30,"['KJ9190', 'KI4340', 'KI4341', 'KI7889', 'KJ9189', 'LA6689', 'LA6690']","https://assets.adidas.com/images/w_383,h_383,f_auto,q_auto,fl_lossy,c_fill,g_auto/3704f442ad8a4909a7d5137d3e7a8a55_9366/Y-3_GAZELLE_Shoes_Black_KJ9190_00_plp_standard.jpg","{'prices': [{'type': 'original', 'value': 300, 'valueNoVat': 300}], 'isSoldOut': False}",40,5.0,,True
KI4340,Y-3 GAZELLE Shoes,Y-3,https://www.adidas.com/us/y-3-gazelle-shoes/KI4340.html,OSY30,"['KI4340', 'KI4341', 'KI7889', 'KJ9189', 'KJ9190', 'LA6689', 'LA6690']","https://assets.adidas.com/images/w_383,h_383,f_auto,q_auto,fl_lossy,c_fill,g_auto/4977db2786b04230ad47f65ebe047347_9366/Y-3_GAZELLE_Shoes_Black_KI4340_00_plp_standard.jpg","{'prices': [{'type': 'original', 'value': 300, 'valueNoVat': 300}], 'isSoldOut': False}",40,5.0,,True
KI6878,Y-3 ADIOS 9 Shoes,Men Y-3,https://www.adidas.com/us/y-3-adios-9-shoes/KI6878.html,OSL56,"['KI6878', 'KI6877', 'KI7789', 'KI9544', 'KZ9050']","https://assets.adidas.com/images/w_383,h_383,f_auto,q_auto,fl_lossy,c_fill,g_auto/48146c99c7d149f0a430ceb9307c0046_9366/Y-3_ADIOS_9_Shoes_White_KI6878_00_plp_standard.jpg","{'prices': [{'type': 'original', 'value': 280, 'valueNoVat': 280}], 'isSoldOut': False}",23,4.4348,,True
HP9981,Y-3 F50 BEAST shoes,Y-3,https://www.adidas.com/us/y-3-f50-beast-shoes/HP9981.html,OQZ32,"['HP9981', 'KH6663', 'KK3650', 'KK3651', 'KK3652']","https://assets.adidas.com/images/w_383,h_383,f_auto,q_auto,fl_lossy,c_fill,g_auto/fcbd74add8634a2fa296fc9a17d661b0_9366/Y-3_F50_BEAST_shoes_Black_HP9981_00_plp_standard.jpg","{'prices': [{'type': 'original', 'value': 330, 'valueNoVat': 330}], 'isSoldOut': False}",15,4.8667,,True
KI6876,Y-3 ADIOS PRO 4 Shoes,Men Y-3,https://www.adidas.com/us/y-3-adios-pro-4-shoes/KI6876.html,OTJ38,"['KI6876', 'KI6875']","https://assets.adidas.com/images/w_383,h_383,f_auto,q_auto,fl_lossy,c_fill,g_auto/cc7e0c15125740c2945831366aa4e17c_9366/Y-3_ADIOS_PRO_4_Shoes_Black_KI6876_00_plp_standard.jpg","{'prices': [{'type': 'original', 'value': 330, 'valueNoVat': 330}], 'isSoldOut': False}",28,4.8572,,True
KK3684,BURNDEN II SPZL Sneakers,Men Originals,https://www.adidas.com/us/burnden-ii-spzl-sneakers/KK3684.html,OPB81,[],"https://assets.adidas.com/images/w_383,h_383,f_auto,q_auto,fl_lossy,c_fill,g_auto/0a46e77d7e31412ea872457d08f602fb_9366/BURNDEN_II_SPZL_Sneakers_White_KK3684_00_plp_standard.jpg","{'prices': [{'type': 'original', 'value': 130, 'valueNoVat': 130}], 'isSoldOut': False}",25,4.6,,True
JQ6976,Runfalcon 5 Running Shoes,Men Performance,https://www.adidas.com/us/runfalcon-5-running-shoes/JQ6976.html,NKE45,"['JQ6976', 'IE0525', 'IE8812', 'IE8819', 'IH7757', 'IH7758', 'JI0872', 'JQ6974', 'JQ6978', 'JQ6979', 'JQ6980', 'JR5089', 'JR5518', 'JR5520', 'JR5521']","https://assets.adidas.com/images/w_383,h_383,f_auto,q_auto,fl_lossy,c_fill,g_auto/58f0afaff4424ebc9551e3dd5a836e07_9366/Runfalcon_5_Running_Shoes_Brown_JQ6976_HM1.jpg","{'prices': [{'type': 'sale', 'value': 56, 'valueNoVat': 56}, {'type': 'original', 'value': 65, 'valueNoVat': 65, 'discountPercentage': -10}], 'isSoldOut': False}",5302,4.6415,,True
KI8523,JABBAR LO Trainers,Originals,https://www.adidas.com/us/jabbar-lo-trainers/KI8523.html,NLL54,"['KI8523', 'JP6499', 'JP6501', 'JQ4427', 'JQ9595', 'JR4354', 'JS2160', 'JS5021', 'JS5023']","https://assets.adidas.com/images/w_383,h_383,f_auto,q_auto,fl_lossy,c_fill,g_auto/ed16d62de65743669d65cbb8ef6bd91c_9366/JABBAR_LO_Trainers_Black_KI8523_00_plp_standard.jpg","{'prices': [{'type': 'sale', 'value': 55, 'valueNoVat': 55}, {'type': 'original', 'value': 110, 'valueNoVat': 110, 'discountPercentage': -50}], 'isSoldOut': False}",428,4.8085,True,True
KI7785,Y-3 PRO MODEL 3G Shoes,Y-3,https://www.adidas.com/us/y-3-pro-model-3g-shoes/KI7785.html,OPW11,[],"https://assets.adidas.com/images/w_383,h_383,f_auto,q_auto,fl_lossy,c_fill,g_auto/8c7c69d919304abeb3c16c6583eb59a8_9366/Y-3_PRO_MODEL_3G_Shoes_White_KI7785_00_plp_standard.jpg","{'prices': [{'type': 'original', 'value': 400, 'valueNoVat': 400}], 'isSoldOut': False}",-99,,,True
KI6875,Y-3 ADIOS PRO 4 Shoes,Men Y-3,https://www.adidas.com/us/y-3-adios-pro-4-shoes/KI6875.html,OTJ38,"['KI6875', 'KI6876']","https://assets.adidas.com/images/w_383,h_383,f_auto,q_auto,fl_lossy,c_fill,g_auto/c0545e222b9444688e18805f7a1a0a1f_9366/Y-3_ADIOS_PRO_4_Shoes_White_KI6875_00_plp_standard.jpg","{'prices': [{'type': 'original', 'value': 330, 'valueNoVat': 330}], 'isSoldOut': False}",28,4.8572,,True
KH6855,Y-3 F50 AOP Shoes,Y-3,https://www.adidas.com/us/y-3-f50-aop-shoes/KH6855.html,OQZ34,"['KH6855', 'KH6667']","https://assets.adidas.com/images/w_383,h_383,f_auto,q_auto,fl_lossy,c_fill,g_auto/3ec50e9cef2946e29e31c9f60563505f_9366/Y-3_F50_AOP_Shoes_Silver_KH6855_00_plp_standard.jpg","{'prices': [{'type': 'original', 'value': 330, 'valueNoVat': 330}], 'isSoldOut': False}",-99,,,True
KI0867,Y-3 ADIOS PRO 3.0 LX Shoes,Y-3,https://www.adidas.com/us/y-3-adios-pro-3.0-lx-shoes/KI0867.html,OPC03,"['KI0867', 'KI0866']","https://assets.adidas.com/images/w_383,h_383,f_auto,q_auto,fl_lossy,c_fill,g_auto/c778a5263c3c4520845c66dd74568013_9366/Y-3_ADIOS_PRO_3.0_LX_Shoes_Black_KI0867_00_plp_standard.jpg","{'prices': [{'type': 'original', 'value': 380, 'valueNoVat': 380}], 'isSoldOut': False}",5,5.0,,True
KI6877,Y-3 ADIOS 9 Shoes,Men Y-3,https://www.adidas.com/us/y-3-adios-9-shoes/KI6877.html,OSL56,"['KI6877', 'KI6878', 'KI7789', 'KI9544', 'KZ9050']","https://assets.adidas.com/images/w_383,h_383,f_auto,q_auto,fl_lossy,c_fill,g_auto/3b944c684f324f45a59dbb511e8163c2_9366/Y-3_ADIOS_9_Shoes_Silver_KI6877_00_plp_standard.jpg","{'prices': [{'type': 'original', 'value': 280, 'valueNoVat': 280}], 'isSoldOut': False}",23,4.4348,,True
KI0866,Y-3 ADIOS PRO 3.0 LX Shoes,Y-3,https://www.adidas.com/us/y-3-adios-pro-3.0-lx-shoes/KI0866.html,OPC03,"['KI0866', 'KI0867']","https://assets.adidas.com/images/w_383,h_383,f_auto,q_auto,fl_lossy,c_fill,g_auto/abdf94c297724e3db0be0dbab01e7484_9366/Y-3_ADIOS_PRO_3.0_LX_Shoes_White_KI0866_00_plp_standard.jpg","{'prices': [{'type': 'original', 'value': 380, 'valueNoVat': 380}], 'isSoldOut': False}",5,5.0,,True
KI6150,ADISTAR CONTROL 5 SHOES,Originals,https://www.adidas.com/us/adistar-control-5-shoes/KI6150.html,ONN89,"['KI6150', 'KH6895', 'KI6120', 'KI6121', 'KI6151', 'KI6152', 'KI6154', 'KI6680', 'KI8590', 'KI8592', 'KI8601', 'KI9356', 'KJ3630', 'KJ3631', 'KJ5955', 'KJ7727', 'KJ8805', 'LA3965']","https://assets.adidas.com/images/w_383,h_383,f_auto,q_auto,fl_lossy,c_fill,g_auto/7f9b5c8bf75549989ff46b1c08c12195_9366/ADISTAR_CONTROL_5_SHOES_Black_KI6150_00_plp_standard.jpg","{'prices': [{'type': 'sale', 'value': 84, 'valueNoVat': 84}, {'type': 'original', 'value': 120, 'valueNoVat': 120, 'discountPercentage': -30}], 'isSoldOut': False}",664,4.8449,,True
KI7784,Y-3 PRO MODEL 3G Shoes,Y-3,https://www.adidas.com/us/y-3-pro-model-3g-shoes/KI7784.html,OPW11,[],"https://assets.adidas.com/images/w_383,h_383,f_auto,q_auto,fl_lossy,c_fill,g_auto/4e7659c052654cc6a21741de5715df73_9366/Y-3_PRO_MODEL_3G_Shoes_Black_KI7784_00_plp_standard.jpg","{'prices': [{'type': 'original', 'value': 400, 'valueNoVat': 400}], 'isSoldOut': False}",-99,,,True
HP2381,DURAMO SL 10 Shoes,Men Performance,https://www.adidas.com/us/duramo-sl-10-shoes/HP2381.html,LWO08,"['HP2381', 'GW8336', 'GW8342', 'HQ4130']","https://assets.adidas.com/images/w_383,h_383,f_auto,q_auto,fl_lossy,c_fill,g_auto/3f96a20585744db19072af8f00725f97_9366/DURAMO_SL_10_Shoes_Grey_HP2381_00_plp_standard.jpg","{'prices': [{'type': 'original', 'value': 65, 'valueNoVat': 65}], 'isSoldOut': False}",3655,4.6105,,True
KH6667,Y-3 F50 AOP Shoes,Y-3,https://www.adidas.com/us/y-3-f50-aop-shoes/KH6667.html,OQZ34,"['KH6667', 'KH6855']","https://assets.adidas.com/images/w_383,h_383,f_auto,q_auto,fl_lossy,c_fill,g_auto/ccd55de0760c4619957cd2690794fed7_9366/Y-3_F50_AOP_Shoes_Black_KH6667_00_plp_standard.jpg","{'prices': [{'type': 'original', 'value': 330, 'valueNoVat': 330}], 'isSoldOut': False}",-99,,,True
KI6879,Y-3 ADIOS 9 Shoes,Men Y-3,https://www.adidas.com/us/y-3-adios-9-shoes/KI6879.html,OTJ39,[],"https://assets.adidas.com/images/w_383,h_383,f_auto,q_auto,fl_lossy,c_fill,g_auto/9f0908632a3e4359a432facf235ddecc_9366/Y-3_ADIOS_9_Shoes_Black_KI6879_00_plp_standard.jpg","{'prices': [{'type': 'original', 'value': 280, 'valueNoVat': 280}], 'isSoldOut': False}",10,5.0,,True
KI4766,ADIZERO EVO SL EXO Shoes,Men Performance,https://www.adidas.com/us/adizero-evo-sl-exo-shoes/KI4766.html,OSE14,"['KI4766', 'KI4765']","https://assets.adidas.com/images/w_383,h_383,f_auto,q_auto,fl_lossy,c_fill,g_auto/05a21fa84b7243db9815392453ddb30c_9366/ADIZERO_EVO_SL_EXO_Shoes_Grey_KI4766_HM1.jpg","{'prices': [{'type': 'sale', 'value': 128, 'valueNoVat': 128}, {'type': 'original', 'value': 150, 'valueNoVat': 150, 'discountPercentage': -10}], 'isSoldOut': False}",779,4.6676,,True
ID1362,Campus Vulc Shoes,Originals,https://www.adidas.com/us/campus-vulc-shoes/ID1362.html,NIW97,[],"https://assets.adidas.com/images/w_383,h_383,f_auto,q_auto,fl_lossy,c_fill,g_auto/ddad365acd3645f4aa16d6c527c61bcf_9366/Campus_Vulc_Shoes_Grey_ID1362_00_plp_standard.jpg","{'prices': [{'type': 'sale', 'value': 54, 'valueNoVat': 54}, {'type': 'original', 'value': 90, 'valueNoVat': 90, 'discountPercentage': -40}], 'isSoldOut': False}",172,4.721,,True
KJ3102,ADIZERO EVO SL EXO Shoes,Men Performance,https://www.adidas.com/us/adizero-evo-sl-exo-shoes/KJ3102.html,SLEXO1,"['KJ3102', 'KI4763', 'KI4764', 'KJ0422', 'KJ0424', 'KJ0425', 'KJ0428', 'KJ0429', 'KJ0430', 'KJ0431', 'LA5900']","https://assets.adidas.com/images/w_383,h_383,f_auto,q_auto,fl_lossy,c_fill,g_auto/747803226eed4212b7bd638964c2888e_9366/ADIZERO_EVO_SL_EXO_Shoes_Green_KJ3102_HM1.jpg","{'prices': [{'type': 'original', 'value': 150, 'valueNoVat': 150}], 'isSoldOut': False}",85,4.6589,,True
HQ7541,SAMBA ADV Shoes,Originals,https://www.adidas.com/us/samba-adv-shoes/HQ7541.html,LRW49,"['HQ7541', 'GZ8477', 'HQ5680', 'IE3100', 'KI5089', 'KJ0262', 'KJ0263', 'KJ0264', 'KJ0265']","https://assets.adidas.com/images/w_383,h_383,f_auto,q_auto,fl_lossy,c_fill,g_auto/cbbe01d9a1be4c29bcd96354cc1d4a46_9366/SAMBA_ADV_Shoes_Grey_HQ7541_00_plp_standard.jpg","{'prices': [{'type': 'original', 'value': 100, 'valueNoVat': 100}], 'isSoldOut': False}",1128,4.7208,True,True
IH9650,GAZELLE INDOOR SHOES,Originals,https://www.adidas.com/us/gazelle-indoor-shoes/IH9650.html,GAZU1223,"['IH9650', 'IH9640', 'IH9641', 'IH9651', 'IH9654', 'IH9659', 'IH9660', 'IH9661', 'IH9665', 'IH9666', 'IH9675', 'IH9679', 'IH9680', 'JI2060', 'JI2061', 'JI2062', 'JI2063']","https://assets.adidas.com/images/w_383,h_383,f_auto,q_auto,fl_lossy,c_fill,g_auto/d26fd46d6435433ba020df0e7cd0e4e3_9366/GAZELLE_INDOOR_SHOES_Blue_IH9650_00_plp_standard.jpg","{'prices': [{'type': 'sale', 'value': 65, 'valueNoVat': 65}, {'type': 'original', 'value': 130, 'valueNoVat': 130, 'discountPercentage': -50}], 'isSoldOut': False}",947,4.8058,,True
HQ7551,ADISTAR XLG 2.0 SHOES,Originals,https://www.adidas.com/us/adistar-xlg-2.0-shoes/HQ7551.html,ORC52,"['HQ7551', 'HQ7468', 'HQ7552', 'HQ7553', 'HQ7554', 'HQ7555', 'KI4505', 'KI4506', 'KJ7895', 'KK2895', 'KK2896', 'KK2899', 'KK2900', 'KZ9011', 'KZ9155', 'KZ9160', 'LA1813']","https://assets.adidas.com/images/w_383,h_383,f_auto,q_auto,fl_lossy,c_fill,g_auto/715ba779b4104750a2e542ea24a4fee7_9366/ADISTAR_XLG_2.0_SHOES_Green_HQ7551_00_plp_standard.jpg","{'prices': [{'type': 'sale', 'value': 75, 'valueNoVat': 75}, {'type': 'original', 'value': 150, 'valueNoVat': 150, 'discountPercentage': -50}], 'isSoldOut': False}",273,4.7473,True,True
KH8875,Terrex Anylander Leather Mid Climaproof Hiking Shoes,Men TERREX,https://www.adidas.com/us/terrex-anylander-leather-mid-climaproof-hiking-shoes/KH8875.html,ORY89,"['KH8875', 'KH8876', 'KH8877', 'KH8878']","https://assets.adidas.com/images/w_383,h_383,f_auto,q_auto,fl_lossy,c_fill,g_auto/bf25ede367444b92901839647f057d8d_9366/Terrex_Anylander_Leather_Mid_Climaproof_Hiking_Shoes_Black_KH8875_00_plp_standard.jpg","{'prices': [{'type': 'original', 'value': 100, 'valueNoVat': 100}], 'isSoldOut': False}",41,4.7805,,True
KI7091,Y-3 FIELD Shoes,Y-3,https://www.adidas.com/us/y-3-field-shoes/KI7091.html,OSL54,"['KI7091', 'HP9980', 'KH7274', 'KI2671', 'KI2674', 'KI7112', 'KZ9051']","https://assets.adidas.com/images/w_383,h_383,f_auto,q_auto,fl_lossy,c_fill,g_auto/726b7ae2f17542839524c33a909af5d7_9366/Y-3_FIELD_Shoes_White_KI7091_00_plp_standard.jpg","{'prices': [{'type': 'sale', 'value': 281, 'valueNoVat': 281}, {'type': 'original', 'value': 330, 'valueNoVat': 330, 'discountPercentage': -10}], 'isSoldOut': False}",31,4.6452,,True
IH6617,HANDBALL SPEZIAL SHOES,Originals,https://www.adidas.com/us/handball-spezial-shoes/IH6617.html,BTP23,"['IH6617', 'BD7632', 'BD7633', 'DB3021', 'IF7086', 'IF7087', 'IG6191', 'IG6192', 'IH6506', 'IH6507', 'IH6508', 'IH6568', 'IH6569', 'IH6586', 'IH6588', 'IH6592', 'IH6594', 'IH6597', 'IH6598', 'IH6618', 'IH9668', 'IH9672', 'IH9760', 'KH9051', 'KI8580', 'KI8685', 'KI8686', 'KI8687', 'KJ2399', 'KJ2401', 'KJ7413', 'KJ7414', 'KJ7415', 'KJ9876', 'KJ9883', 'KJ9884', 'KJ9956', 'KJ9957', 'KJ9958', 'KJ9962', 'KJ9963', 'KJ9964', 'KJ9968', 'KJ9969', 'KJ9974', 'KJ9975', 'KK1153', 'KK2692', 'KK2693', 'KK2694', 'KK4232', 'KK4242', 'KK4860', 'KK4867', 'KZ6702', 'KZ6703', 'KZ6704', 'KZ6705', 'KZ6706', 'KZ6707', 'KZ6712']","https://assets.adidas.com/images/w_383,h_383,f_auto,q_auto,fl_lossy,c_fill,g_auto/d66cf38fe02a4f509b5506fc977901ac_9366/HANDBALL_SPEZIAL_SHOES_Brown_IH6617_00_plp_standard.jpg","{'prices': [{'type': 'sale', 'value': 65, 'valueNoVat': 65}, {'type': 'original', 'value': 130, 'valueNoVat': 130, 'discountPercentage': -50}], 'isSoldOut': False}",9789,4.8179,True,True
KJ2866,Duramo Speed 2 Running Shoes,Men Performance,https://www.adidas.com/us/duramo-speed-2-running-shoes/KJ2866.html,NKL71,"['KJ2866', 'IH8201', 'IH8206', 'JP9223', 'KJ2867']","https://assets.adidas.com/images/w_383,h_383,f_auto,q_auto,fl_lossy,c_fill,g_auto/19ca6612717941c48130c15bf0509519_9366/Duramo_Speed_2_Running_Shoes_Black_KJ2866_00_plp_standard.jpg","{'prices': [{'type': 'sale', 'value': 68, 'valueNoVat': 68}, {'type': 'original', 'value': 90, 'valueNoVat': 90, 'discountPercentage': -20}], 'isSoldOut': False}",572,4.6067,,True
IH9654,GAZELLE INDOOR SHOES,Originals,https://www.adidas.com/us/gazelle-indoor-shoes/IH9654.html,GAZU1223,"['IH9654', 'IH9640', 'IH9641', 'IH9650', 'IH9651', 'IH9659', 'IH9660', 'IH9661', 'IH9665', 'IH9666', 'IH9675', 'IH9679', 'IH9680', 'JI2060', 'JI2061', 'JI2062', 'JI2063']","https://assets.adidas.com/images/w_383,h_383,f_auto,q_auto,fl_lossy,c_fill,g_auto/8e6ab346624641ffa1678c6e523a98ed_9366/GAZELLE_INDOOR_SHOES_Red_IH9654_00_plp_standard.jpg","{'prices': [{'type': 'sale', 'value': 65, 'valueNoVat': 65}, {'type': 'original', 'value': 130, 'valueNoVat': 130, 'discountPercentage': -50}], 'isSoldOut': False}",947,4.8058,True,True
IH9318,SUPERSTAR II SHOES,Originals,https://www.adidas.com/us/superstar-ii-shoes/IH9318.html,OPW95,"['IH9318', 'IH8659', 'IH9317', 'JI0079', 'JQ3175', 'JR3584', 'JR7313', 'JR7315', 'KH8972', 'KH8973', 'KH9038', 'KI0979', 'KI0981', 'KI2005', 'KJ3276', 'KJ8400', 'KJ9947', 'KK2356', 'KK4722', 'KK4723', 'KK4750', 'KK4751', 'KZ6730', 'KZ6731']","https://assets.adidas.com/images/w_383,h_383,f_auto,q_auto,fl_lossy,c_fill,g_auto/99aaa41aa2b64346ba501e50034e524f_9366/SUPERSTAR_II_SHOES_Brown_IH9318_00_plp_standard.jpg","{'prices': [{'type': 'sale', 'value': 55, 'valueNoVat': 55}, {'type': 'original', 'value': 110, 'valueNoVat': 110, 'discountPercentage': -50}], 'isSoldOut': False}",1087,4.8114,,True
IH7828,Forum Low CL Shoes,Originals,https://www.adidas.com/us/forum-low-cl-shoes/IH7828.html,MCG93,"['IH7828', 'IH7829', 'IH7830']","https://assets.adidas.com/images/w_383,h_383,f_auto,q_auto,fl_lossy,c_fill,g_auto/9096f61ca37a4827b2ec209ed99aa5c4_9366/Forum_Low_CL_Shoes_White_IH7828_00_plp_standard.jpg","{'prices': [{'type': 'sale', 'value': 60, 'valueNoVat': 60}, {'type': 'original', 'value': 100, 'valueNoVat': 100, 'discountPercentage': -40}], 'isSoldOut': False}",1753,4.6435,True,True
JR8392,Terrex Eastrail 3 Climaproof Hiking Shoes,Men TERREX,https://www.adidas.com/us/terrex-eastrail-3-climaproof-hiking-shoes/JR8392.html,OPD96,"['JR8392', 'JR4008', 'JR4009', 'KJ8954']","https://assets.adidas.com/images/w_383,h_383,f_auto,q_auto,fl_lossy,c_fill,g_auto/202e905a815749fb9927495b1a04e600_9366/Terrex_Eastrail_3_Climaproof_Hiking_Shoes_Green_JR8392_00_plp_standard.jpg","{'prices': [{'type': 'sale', 'value': 63, 'valueNoVat': 63}, {'type': 'original', 'value': 90, 'valueNoVat': 90, 'discountPercentage': -30}], 'isSoldOut': False}",48,4.5,,True
JQ9422,Harden Volume 10 Shoes,Performance,https://www.adidas.com/us/harden-volume-10-shoes/JQ9422.html,OMP59,"['JQ9422', 'JQ9453', 'JR1598', 'JR1602', 'KH9153', 'KI1604', 'KI1605', 'KI1608', 'KI1610', 'KJ1454']","https://assets.adidas.com/images/w_383,h_383,f_auto,q_auto,fl_lossy,c_fill,g_auto/135c5079be484fc78647f20ad9e46211_9366/Harden_Volume_10_Shoes_Blue_JQ9422_00_plp_standard.jpg","{'prices': [{'type': 'sale', 'value': 80, 'valueNoVat': 80}, {'type': 'original', 'value': 160, 'valueNoVat': 160, 'discountPercentage': -50}], 'isSoldOut': False}",252,4.7104,True,True
KJ2390,Y-3 STAN SMITH LO PRO Shoes,Y-3,https://www.adidas.com/us/y-3-stan-smith-lo-pro-shoes/KJ2390.html,OSY29,"['KJ2390', 'HP9986', 'KI3473', 'KI7901', 'KI7903', 'LA6688']","https://assets.adidas.com/images/w_383,h_383,f_auto,q_auto,fl_lossy,c_fill,g_auto/7be0c7afcee14c6593617d3ff45d65f8_9366/Y-3_STAN_SMITH_LO_PRO_Shoes_White_KJ2390_00_plp_standard.jpg","{'prices': [{'type': 'original', 'value': 300, 'valueNoVat': 300}], 'isSoldOut': False}",3,5.0,,True
KJ1454,Harden Volume 10 Shoes,Performance,https://www.adidas.com/us/harden-volume-10-shoes/KJ1454.html,OMP59,"['KJ1454', 'JQ9422', 'JQ9453', 'JR1598', 'JR1602', 'KH9153', 'KI1604', 'KI1605', 'KI1608', 'KI1610']","https://assets.adidas.com/images/w_383,h_383,f_auto,q_auto,fl_lossy,c_fill,g_auto/1c24af3ae0e5440aaff178a948d55f47_9366/Harden_Volume_10_Shoes_Silver_KJ1454_00_plp_standard.jpg","{'prices': [{'type': 'sale', 'value': 80, 'valueNoVat': 80}, {'type': 'original', 'value': 160, 'valueNoVat': 160, 'discountPercentage': -50}], 'isSoldOut': False}",252,4.7104,True,True
KH8973,Superstar II Shoes,Originals,https://www.adidas.com/us/superstar-ii-shoes/KH8973.html,OPW95,"['KH8973', 'IH8659', 'IH9317', 'IH9318', 'JI0079', 'JQ3175', 'JR3584', 'JR7313', 'JR7315', 'KH8972', 'KH9038', 'KI0979', 'KI0981', 'KI2005', 'KJ3276', 'KJ8400', 'KJ9947', 'KK2356', 'KK4722', 'KK4723', 'KK4750', 'KK4751', 'KZ6730', 'KZ6731']","https://assets.adidas.com/images/w_383,h_383,f_auto,q_auto,fl_lossy,c_fill,g_auto/bfa8625081e640ab8c6a152f726e3240_9366/Superstar_II_Shoes_Grey_KH8973_00_plp_standard.jpg","{'prices': [{'type': 'sale', 'value': 55, 'valueNoVat': 55}, {'type': 'original', 'value': 110, 'valueNoVat': 110, 'discountPercentage': -50}], 'isSoldOut': False}",1087,4.8114,,True
JQ9407,Samba Lux Freizeit Shoes,Originals,https://www.adidas.com/us/samba-lux-freizeit-shoes/JQ9407.html,OOT58,"['JQ9407', 'HQ9251']","https://assets.adidas.com/images/w_383,h_383,f_auto,q_auto,fl_lossy,c_fill,g_auto/803015c5ed4141fdbe92d1ce0c383f1e_9366/Samba_Lux_Freizeit_Shoes_Black_JQ9407_00_plp_standard.jpg","{'prices': [{'type': 'original', 'value': 160, 'valueNoVat': 160}], 'isSoldOut': False}",21,4.2858,,True
CQ2809,Gazelle Shoes,Originals,https://www.adidas.com/us/gazelle-shoes/CQ2809.html,IAZ12,"['CQ2809', 'B41645', 'BB5476', 'BB5478', 'BB5480', 'HQ9441']","https://assets.adidas.com/images/w_383,h_383,f_auto,q_auto,fl_lossy,c_fill,g_auto/1456cf05b2f54703bfc3a81700a2dcaa_9366/Gazelle_Shoes_Black_CQ2809_00_plp_standard.jpg","{'prices': [{'type': 'original', 'value': 110, 'valueNoVat': 110}], 'isSoldOut': False}",27333,4.7405,,True
KJ8989,D.O.N. Issue 7 Shoes,Performance,https://www.adidas.com/us/d.o.n.-issue-7-shoes/KJ8989.html,JS1200,[],"https://assets.adidas.com/images/w_383,h_383,f_auto,q_auto,fl_lossy,c_fill,g_auto/6a35c79a3d6c42dba8fea763fa520fc3_9366/D.O.N._Issue_7_Shoes_Black_KJ8989_00_plp_standard.jpg","{'prices': [{'type': 'sale', 'value': 60, 'valueNoVat': 60}, {'type': 'original', 'value': 120, 'valueNoVat': 120, 'discountPercentage': -50}], 'isSoldOut': False}",206,4.7816,True,True
KJ3631,Adistar Control 5 Shoes,Originals,https://www.adidas.com/us/adistar-control-5-shoes/KJ3631.html,ONN89,"['KJ3631', 'KH6895', 'KI6120', 'KI6121', 'KI6150', 'KI6151', 'KI6152', 'KI6154', 'KI6680', 'KI8590', 'KI8592', 'KI8601', 'KI9356', 'KJ3630', 'KJ5955', 'KJ7727', 'KJ8805', 'LA3965']","https://assets.adidas.com/images/w_383,h_383,f_auto,q_auto,fl_lossy,c_fill,g_auto/8b0257ce9247459880cc6cf557ed2f14_9366/Adistar_Control_5_Shoes_White_KJ3631_00_plp_standard.jpg","{'prices': [{'type': 'sale', 'value': 65, 'valueNoVat': 65}, {'type': 'original', 'value': 130, 'valueNoVat': 130, 'discountPercentage': -50}], 'isSoldOut': False}",664,4.8449,True,True
JH5523,Megaride Shoes,Men Originals,https://www.adidas.com/us/megaride-shoes/JH5523.html,OOW46,"['JH5523', 'JP9626']","https://assets.adidas.com/images/w_383,h_383,f_auto,q_auto,fl_lossy,c_fill,g_auto/7dd600d6c44b41d18f6d2983eb25f24b_9366/Megaride_Shoes_White_JH5523_00_plp_standard.jpg","{'prices': [{'type': 'sale', 'value': 119, 'valueNoVat': 119}, {'type': 'original', 'value': 170, 'valueNoVat': 170, 'discountPercentage': -30}], 'isSoldOut': False}",126,4.7382,True,True
KI4934,ADIZERO GOUKANA SHOES,Originals,https://www.adidas.com/us/adizero-goukana-shoes/KI4934.html,OSM33,"['KI4934', 'KI4935', 'KI4936', 'KJ2734', 'KJ7379', 'KJ7380']","https://assets.adidas.com/images/w_383,h_383,f_auto,q_auto,fl_lossy,c_fill,g_auto/ff241caebd7b492d9bfe3f030efce4cb_9366/ADIZERO_GOUKANA_SHOES_Yellow_KI4934_00_plp_standard.jpg","{'prices': [{'type': 'sale', 'value': 80, 'valueNoVat': 80}, {'type': 'original', 'value': 160, 'valueNoVat': 160, 'discountPercentage': -50}], 'isSoldOut': False}",54,4.6297,True,True
KJ4398,DAME X Shoes,Performance,https://www.adidas.com/us/dame-x-shoes/KJ4398.html,OMZ34,"['KJ4398', 'JP6089', 'JP6090', 'KJ4397', 'KJ4399']","https://assets.adidas.com/images/w_383,h_383,f_auto,q_auto,fl_lossy,c_fill,g_auto/796605dc239b443d9ad745af7adde216_9366/DAME_X_Shoes_Silver_KJ4398_00_plp_standard.jpg","{'prices': [{'type': 'sale', 'value': 45, 'valueNoVat': 45}, {'type': 'original', 'value': 90, 'valueNoVat': 90, 'discountPercentage': -50}], 'isSoldOut': False}",493,4.6552,,True
HQ7540,NORA Shoes,Originals,https://www.adidas.com/us/nora-shoes/HQ7540.html,OSQ16,"['HQ7540', 'HQ7535', 'HQ7537', 'JP8586', 'KI7699', 'KI7700', 'KI7701', 'KJ0198', 'KJ0199', 'KJ0200']","https://assets.adidas.com/images/w_383,h_383,f_auto,q_auto,fl_lossy,c_fill,g_auto/aa273ceb33e147b4ab65484fd6bbb24e_9366/NORA_Shoes_White_HQ7540_00_plp_standard.jpg","{'prices': [{'type': 'sale', 'value': 40, 'valueNoVat': 40}, {'type': 'original', 'value': 80, 'valueNoVat': 80, 'discountPercentage': -50}], 'isSoldOut': False}",138,4.6812,,True
KJ4908,PARIS SHOES,Men Originals,https://www.adidas.com/us/paris-shoes/KJ4908.html,OQQ47,"['KJ4908', 'KJ4898', 'KJ4899', 'KJ4909', 'KJ4910']","https://assets.adidas.com/images/w_383,h_383,f_auto,q_auto,fl_lossy,c_fill,g_auto/45418610e8414dea89de7671d2698ee3_9366/PARIS_SHOES_Blue_KJ4908_00_plp_standard.jpg","{'prices': [{'type': 'original', 'value': 100, 'valueNoVat': 100}], 'isSoldOut': False}",5,4.8,,True
HP5216,CRAZY ENERGY Shoes,Performance,https://www.adidas.com/us/crazy-energy-shoes/HP5216.html,ORZ70,"['HP5216', 'HP5223', 'KI6743', 'KI6746', 'KI6749', 'LA1432', 'LA1506']","https://assets.adidas.com/images/w_383,h_383,f_auto,q_auto,fl_lossy,c_fill,g_auto/959e9308df944cca8f7c9cf979f20eb7_9366/CRAZY_ENERGY_Shoes_Pink_HP5216_00_plp_standard.jpg","{'prices': [{'type': 'original', 'value': 110, 'valueNoVat': 110}], 'isSoldOut': False}",42,4.8095,,True
KK3671,MENDACINO SPZL Shoes,Men Originals,https://www.adidas.com/us/mendacino-spzl-shoes/KK3671.html,OPB79,[],"https://assets.adidas.com/images/w_383,h_383,f_auto,q_auto,fl_lossy,c_fill,g_auto/a2c849c44bd34a60a66f7ba117ff50bb_9366/MENDACINO_SPZL_Shoes_Brown_KK3671_00_plp_standard.jpg","{'prices': [{'type': 'original', 'value': 130, 'valueNoVat': 130}], 'isSoldOut': False}",30,4.9334,,True
IH4039,VL Court 3.0 Shoes,Sportswear,https://www.adidas.com/us/vl-court-3.0-shoes/IH4039.html,OMP39U,"['IH4039', 'HQ0175', 'ID6275', 'ID6276', 'ID6285', 'ID6286', 'ID9184', 'IF4457', 'IF4464', 'IH6562', 'JP7537', 'JR0983', 'JR2222', 'JR8635', 'JR8636', 'JR8638']","https://assets.adidas.com/images/w_383,h_383,f_auto,q_auto,fl_lossy,c_fill,g_auto/5a4615c39908442082fac6d2da70d5ec_9366/VL_Court_3.0_Shoes_Burgundy_IH4039_HM1.jpg","{'prices': [{'type': 'original', 'value': 80, 'valueNoVat': 80}], 'isSoldOut': False}",532,4.7407,,True
KJ3052,LIGHTBLAZE EVO SL SHOES,Men Sportswear,https://www.adidas.com/us/lightblaze-evo-sl-shoes/KJ3052.html,ORA10,"['KJ3052', 'KJ3051', 'KJ8108']","https://assets.adidas.com/images/w_383,h_383,f_auto,q_auto,fl_lossy,c_fill,g_auto/58fe5efc25fa45fd935e08cbdf911752_9366/LIGHTBLAZE_EVO_SL_SHOES_Beige_KJ3052_00_plp_standard.jpg","{'prices': [{'type': 'original', 'value': 130, 'valueNoVat': 130}], 'isSoldOut': False}",3,5.0,,True
JQ1781,SL 72 RS MERCEDES SHOES,Originals,https://www.adidas.com/us/sl-72-rs-mercedes-shoes/JQ1781.html,ONF37,"['JQ1781', 'JQ1782', 'JQ1783']","https://assets.adidas.com/images/w_383,h_383,f_auto,q_auto,fl_lossy,c_fill,g_auto/f3158b13ddc74e64ac2aa3906fd59530_9366/SL_72_RS_MERCEDES_SHOES_White_JQ1781_00_plp_standard.jpg","{'prices': [{'type': 'sale', 'value': 55, 'valueNoVat': 55}, {'type': 'original', 'value': 110, 'valueNoVat': 110, 'discountPercentage': -50}], 'isSoldOut': False}",81,4.8396,,True
M20327,Stan Smith Shoes,Men Originals,https://www.adidas.com/us/stan-smith-shoes/M20327.html,ION05,"['M20327', 'M20324', 'M20325', 'S75104']","https://assets.adidas.com/images/w_383,h_383,f_auto,q_auto,fl_lossy,c_fill,g_auto/55dcfae951cc47a7a561df9021d07d79_9366/Stan_Smith_Shoes_Black_M20327_00_plp_standard.jpg","{'prices': [{'type': 'original', 'value': 100, 'valueNoVat': 100}], 'isSoldOut': False}",17202,4.7016,,True
JQ2209,Terrex Skychaser AX5 GORE-TEX Hiking Shoes,Men TERREX,https://www.adidas.com/us/terrex-skychaser-ax5-gore-tex-hiking-shoes/JQ2209.html,NMQ33,"['JQ2209', 'JH7801', 'JQ2210', 'JQ2213']","https://assets.adidas.com/images/w_383,h_383,f_auto,q_auto,fl_lossy,c_fill,g_auto/2a7c9aa7227c476eb942f4779e057af6_9366/Terrex_Skychaser_AX5_GORE-TEX_Hiking_Shoes_Black_JQ2209_00_plp_standard.jpg","{'prices': [{'type': 'sale', 'value': 84, 'valueNoVat': 84}, {'type': 'original', 'value': 120, 'valueNoVat': 120, 'discountPercentage': -30}], 'isSoldOut': False}",470,4.4363,,True
IH8201,Duramo Speed 2 Running Shoes,Men Performance,https://www.adidas.com/us/duramo-speed-2-running-shoes/IH8201.html,NKL71,"['IH8201', 'IH8206', 'JP9223', 'KJ2866', 'KJ2867']","https://assets.adidas.com/images/w_383,h_383,f_auto,q_auto,fl_lossy,c_fill,g_auto/4292d0b4a91745f7a97e6fc9fd12740a_9366/Duramo_Speed_2_Running_Shoes_Black_IH8201_HM1.jpg","{'prices': [{'type': 'sale', 'value': 54, 'valueNoVat': 54}, {'type': 'original', 'value': 90, 'valueNoVat': 90, 'discountPercentage': -40}], 'isSoldOut': False}",572,4.6067,True,True
JS4938,Adizero Boston 13 Shoes,Men Performance,https://www.adidas.com/us/adizero-boston-13-shoes/JS4938.html,OTO23,"['JS4938', 'JS4944', 'JS4945']","https://assets.adidas.com/images/w_383,h_383,f_auto,q_auto,fl_lossy,c_fill,g_auto/77f1adca3e6a4315bbeb11edeaca703f_9366/Adizero_Boston_13_Shoes_Black_JS4938_HM1.jpg","{'prices': [{'type': 'sale', 'value': 128, 'valueNoVat': 128}, {'type': 'original', 'value': 160, 'valueNoVat': 160, 'discountPercentage': -20}], 'isSoldOut': False}",30,4.4334,True,True
KI8590,ADISTAR CONTROL 5 SHOES,Originals,https://www.adidas.com/us/adistar-control-5-shoes/KI8590.html,ONN89,"['KI8590', 'KH6895', 'KI6120', 'KI6121', 'KI6150', 'KI6151', 'KI6152', 'KI6154', 'KI6680', 'KI8592', 'KI8601', 'KI9356', 'KJ3630', 'KJ3631', 'KJ5955', 'KJ7727', 'KJ8805', 'LA3965']","https://assets.adidas.com/images/w_383,h_383,f_auto,q_auto,fl_lossy,c_fill,g_auto/e2f434a3723b4ebabc33d2ed6d2e78cf_9366/ADISTAR_CONTROL_5_SHOES_Green_KI8590_00_plp_standard.jpg","{'prices': [{'type': 'sale', 'value': 60, 'valueNoVat': 60}, {'type': 'original', 'value': 120, 'valueNoVat': 120, 'discountPercentage': -50}], 'isSoldOut': False}",664,4.8449,,True
KI5725,CAMPUS ADV Shoes,Originals,https://www.adidas.com/us/campus-adv-shoes/KI5725.html,ONN39,"['KI5725', 'KI5726']","https://assets.adidas.com/images/w_383,h_383,f_auto,q_auto,fl_lossy,c_fill,g_auto/16dcc64a4b2741ed805d77b27f98df6c_9366/CAMPUS_ADV_Shoes_Black_KI5725_00_plp_standard.jpg","{'prices': [{'type': 'sale', 'value': 50, 'valueNoVat': 50}, {'type': 'original', 'value': 100, 'valueNoVat': 100, 'discountPercentage': -50}], 'isSoldOut': False}",5,5.0,,True
KI2671,Y-3 FIELD Trainers,Y-3,https://www.adidas.com/us/y-3-field-trainers/KI2671.html,OSL54,"['KI2671', 'HP9980', 'KH7274', 'KI2674', 'KI7091', 'KI7112', 'KZ9051']","https://assets.adidas.com/images/w_383,h_383,f_auto,q_auto,fl_lossy,c_fill,g_auto/49133ad3cd174bdfb3331c9620351aab_9366/Y-3_FIELD_Trainers_Black_KI2671_00_plp_standard.jpg","{'prices': [{'type': 'original', 'value': 330, 'valueNoVat': 330}], 'isSoldOut': False}",31,4.6452,,True
KJ8864,MEGARIDE S2 M SHOES,Originals,https://www.adidas.com/us/megaride-s2-m-shoes/KJ8864.html,ONX36,"['KJ8864', 'KK3391']","https://assets.adidas.com/images/w_383,h_383,f_auto,q_auto,fl_lossy,c_fill,g_auto/7fa4488c09c54d49bdbdec25f487b80f_9366/MEGARIDE_S2_M_SHOES_Silver_KJ8864_00_plp_standard.jpg","{'prices': [{'type': 'sale', 'value': 70, 'valueNoVat': 70}, {'type': 'original', 'value': 140, 'valueNoVat': 140, 'discountPercentage': -50}], 'isSoldOut': False}",55,4.3091,,True
KI7795,Y-3 MEGABALL Sneakers,Y-3,https://www.adidas.com/us/y-3-megaball-sneakers/KI7795.html,OPW14,"['KI7795', 'KI7798']","https://assets.adidas.com/images/w_383,h_383,f_auto,q_auto,fl_lossy,c_fill,g_auto/2567f749c44f486a891d587ab492f316_9366/Y-3_MEGABALL_Sneakers_Silver_KI7795_00_plp_standard.jpg","{'prices': [{'type': 'original', 'value': 380, 'valueNoVat': 380}], 'isSoldOut': False}",3,5.0,,True
JR2653,Terrex Boat Slip-On Climacool Shoes,Men TERREX,https://www.adidas.com/us/terrex-boat-slip-on-climacool-shoes/JR2653.html,NMR75,[],"https://assets.adidas.com/images/w_383,h_383,f_auto,q_auto,fl_lossy,c_fill,g_auto/b69c9386c37d4c588ecad9778fbdd7ed_9366/Terrex_Boat_Slip-On_Climacool_Shoes_Beige_JR2653_00_plp_standard.jpg","{'prices': [{'type': 'sale', 'value': 56, 'valueNoVat': 56}, {'type': 'original', 'value': 80, 'valueNoVat': 80, 'discountPercentage': -30}], 'isSoldOut': False}",199,4.4372,,True
JQ6739,ZX8000 CONSORTIUM Shoes,Originals,https://www.adidas.com/us/zx8000-consortium-shoes/JQ6739.html,OOR25,"['JQ6739', 'JQ3446']","https://assets.adidas.com/images/w_383,h_383,f_auto,q_auto,fl_lossy,c_fill,g_auto/3b42e3233e8c4772862055ab00e1de8f_9366/ZX8000_CONSORTIUM_Shoes_Blue_JQ6739_00_plp_standard.jpg","{'prices': [{'type': 'original', 'value': 150, 'valueNoVat': 150}], 'isSoldOut': False}",49,4.7143,,True
KJ9083,Y-3 REGU MARY JANE Shoes,Y-3,https://www.adidas.com/us/y-3-regu-mary-jane-shoes/KJ9083.html,ONZ69,"['KJ9083', 'KJ9082']","https://assets.adidas.com/images/w_383,h_383,f_auto,q_auto,fl_lossy,c_fill,g_auto/db0023489956405eab7f643784344e8a_9366/Y-3_REGU_MARY_JANE_Shoes_White_KJ9083_00_plp_standard.jpg","{'prices': [{'type': 'original', 'value': 350, 'valueNoVat': 350}], 'isSoldOut': False}",6,4.0,,True
KI4350,Y-3 TOKYO Shoes,Y-3,https://www.adidas.com/us/y-3-tokyo-shoes/KI4350.html,OPW53,"['KI4350', 'KI4349', 'KI7890', 'KI7892', 'KI7894']","https://assets.adidas.com/images/w_383,h_383,f_auto,q_auto,fl_lossy,c_fill,g_auto/6434b98e21b34a9c8225cbf7593d4ba5_9366/Y-3_TOKYO_Shoes_Black_KI4350_00_plp_standard.jpg","{'prices': [{'type': 'original', 'value': 300, 'valueNoVat': 300}], 'isSoldOut': False}",26,4.9231,,True
FX3633,Ultimashow Shoes,Men Sportswear,https://www.adidas.com/us/ultimashow-shoes/FX3633.html,LDC87,[],"https://assets.adidas.com/images/w_383,h_383,f_auto,q_auto,fl_lossy,c_fill,g_auto/f100ac0d8a544bbe841aabab00579f75_9366/Ultimashow_Shoes_Blue_FX3633_00_plp_standard.jpg","{'prices': [{'type': 'original', 'value': 65, 'valueNoVat': 65}], 'isSoldOut': False}",1081,4.5958,,True
KI7798,Y-3 MEGABALL Trainers,Y-3,https://www.adidas.com/us/y-3-megaball-trainers/KI7798.html,OPW14,"['KI7798', 'KI7795']","https://assets.adidas.com/images/w_383,h_383,f_auto,q_auto,fl_lossy,c_fill,g_auto/a9f629f6c80a4bc0ad8e36f82f557508_9366/Y-3_MEGABALL_Trainers_Silver_KI7798_00_plp_standard.jpg","{'prices': [{'type': 'original', 'value': 380, 'valueNoVat': 380}], 'isSoldOut': False}",3,5.0,,True
IH4681,Superstar Lux Made in Italy shoes,Originals,https://www.adidas.com/us/superstar-lux-made-in-italy-shoes/IH4681.html,ONK22,[],"https://assets.adidas.com/images/w_383,h_383,f_auto,q_auto,fl_lossy,c_fill,g_auto/da3ce7f69ac2475aa8ea2b389233e60d_9366/Superstar_Lux_Made_in_Italy_shoes_Black_IH4681_00_plp_standard.jpg","{'prices': [{'type': 'sale', 'value': 328, 'valueNoVat': 328}, {'type': 'original', 'value': 410, 'valueNoVat': 410, 'discountPercentage': -20}], 'isSoldOut': False}",26,4.8847,,True
KJ4909,PARIS SHOES,Men Originals,https://www.adidas.com/us/paris-shoes/KJ4909.html,OQQ47,"['KJ4909', 'KJ4898', 'KJ4899', 'KJ4908', 'KJ4910']","https://assets.adidas.com/images/w_383,h_383,f_auto,q_auto,fl_lossy,c_fill,g_auto/0e2cd6067d5e41159745f9cb8fde2e3f_9366/PARIS_SHOES_Brown_KJ4909_00_plp_standard.jpg","{'prices': [{'type': 'original', 'value': 100, 'valueNoVat': 100}], 'isSoldOut': False}",5,4.8,,True
JQ7130,Mercedes - AMG Petronas Formula One Team Lightblaze Shoes,Sportswear,https://www.adidas.com/us/mercedes---amg-petronas-formula-one-team-lightblaze-shoes/JQ7130.html,OMW45,[],"https://assets.adidas.com/images/w_383,h_383,f_auto,q_auto,fl_lossy,c_fill,g_auto/721503041fe948088f45ca5ee7410598_9366/Mercedes_-_AMG_Petronas_Formula_One_Team_Lightblaze_Shoes_White_JQ7130_00_plp_standard.jpg","{'prices': [{'type': 'sale', 'value': 84, 'valueNoVat': 84}, {'type': 'original', 'value': 120, 'valueNoVat': 120, 'discountPercentage': -30}], 'isSoldOut': False}",43,4.907,,True
KJ4419,MEGARIDE F50 SHOES,Originals,https://www.adidas.com/us/megaride-f50-shoes/KJ4419.html,ONV26,"['KJ4419', 'HQ9343', 'JR4632', 'KI4740', 'KI4741']","https://assets.adidas.com/images/w_383,h_383,f_auto,q_auto,fl_lossy,c_fill,g_auto/3ac90b48c4a246918b9ca7c1531b6e87_9366/MEGARIDE_F50_SHOES_Black_KJ4419_00_plp_standard.jpg","{'prices': [{'type': 'sale', 'value': 90, 'valueNoVat': 90}, {'type': 'original', 'value': 180, 'valueNoVat': 180, 'discountPercentage': -50}], 'isSoldOut': False}",63,4.5556,,True
JR3638,SL 72 Pt Shoes,Originals,https://www.adidas.com/us/sl-72-pt-shoes/JR3638.html,ONR24,[],"https://assets.adidas.com/images/w_383,h_383,f_auto,q_auto,fl_lossy,c_fill,g_auto/1db524a4dfc64197a385b83b59061c1c_9366/SL_72_Pt_Shoes_Yellow_JR3638_00_plp_standard.jpg","{'prices': [{'type': 'sale', 'value': 60, 'valueNoVat': 60}, {'type': 'original', 'value': 120, 'valueNoVat': 120, 'discountPercentage': -50}], 'isSoldOut': False}",140,4.6644,,True
JS4339,adidas Equipment Predator Run Shoes,Men Originals,https://www.adidas.com/us/adidas-equipment-predator-run-shoes/JS4339.html,OMY37,[],"https://assets.adidas.com/images/w_383,h_383,f_auto,q_auto,fl_lossy,c_fill,g_auto/5cebf2ab786242de9b1ebe96b10847ed_9366/adidas_Equipment_Predator_Run_Shoes_Blue_JS4339_00_plp_standard.jpg","{'prices': [{'type': 'sale', 'value': 80, 'valueNoVat': 80}, {'type': 'original', 'value': 160, 'valueNoVat': 160, 'discountPercentage': -50}], 'isSoldOut': False}",62,4.7419,,True
KI5726,CAMPUS ADV Shoes,Originals,https://www.adidas.com/us/campus-adv-shoes/KI5726.html,ONN39,"['KI5726', 'KI5725']","https://assets.adidas.com/images/w_383,h_383,f_auto,q_auto,fl_lossy,c_fill,g_auto/43ebb1ea4cda454b8c876134af7bea35_9366/CAMPUS_ADV_Shoes_Brown_KI5726_00_plp_standard.jpg","{'prices': [{'type': 'sale', 'value': 50, 'valueNoVat': 50}, {'type': 'original', 'value': 100, 'valueNoVat': 100, 'discountPercentage': -50}], 'isSoldOut': False}",5,5.0,,True
KH6663,Y-3 F50 TUNIT Shoes,Y-3,https://www.adidas.com/us/y-3-f50-tunit-shoes/KH6663.html,OQZ32,"['KH6663', 'HP9981', 'KK3650', 'KK3651', 'KK3652']","https://assets.adidas.com/images/w_383,h_383,f_auto,q_auto,fl_lossy,c_fill,g_auto/c90764038585415e8d4570773262aea5_9366/Y-3_F50_TUNIT_Shoes_Black_KH6663_00_plp_standard.jpg","{'prices': [{'type': 'original', 'value': 330, 'valueNoVat': 330}], 'isSoldOut': False}",15,4.8667,,True
JS5023,JABBAR LO Shoes,Originals,https://www.adidas.com/us/jabbar-lo-shoes/JS5023.html,NLL54,"['JS5023', 'JP6499', 'JP6501', 'JQ4427', 'JQ9595', 'JR4354', 'JS2160', 'JS5021', 'KI8523']","https://assets.adidas.com/images/w_383,h_383,f_auto,q_auto,fl_lossy,c_fill,g_auto/933db29e9cb94b97b6616c6674b3b501_9366/JABBAR_LO_Shoes_White_JS5023_00_plp_standard.jpg","{'prices': [{'type': 'sale', 'value': 50, 'valueNoVat': 50}, {'type': 'original', 'value': 100, 'valueNoVat': 100, 'discountPercentage': -50}], 'isSoldOut': False}",428,4.8085,True,True
KI0853,Y-3 NIZZASTAR LO shoes,Y-3,https://www.adidas.com/us/y-3-nizzastar-lo-shoes/KI0853.html,OPB99,"['KI0853', 'KI0854']","https://assets.adidas.com/images/w_383,h_383,f_auto,q_auto,fl_lossy,c_fill,g_auto/2a77efb80b7c4dce93a88d0f8e9d67e9_9366/Y-3_NIZZASTAR_LO_shoes_White_KI0853_00_plp_standard.jpg","{'prices': [{'type': 'original', 'value': 380, 'valueNoVat': 380}], 'isSoldOut': False}",4,4.25,,True
HQ7248,DIOS SUPERSTAR XLG,Originals,https://www.adidas.com/us/dios-superstar-xlg/HQ7248.html,OOY62,[],"https://assets.adidas.com/images/w_383,h_383,f_auto,q_auto,fl_lossy,c_fill,g_auto/cf8cb6824b624aa886f3fe8ec20865b8_9366/DIOS_SUPERSTAR_XLG_Black_HQ7248_00_plp_standard.jpg","{'prices': [{'type': 'original', 'value': 130, 'valueNoVat': 130}], 'isSoldOut': False}",10,4.6,,True
GV7126,Duramo SL Running Shoes,Men Performance,https://www.adidas.com/us/duramo-sl-running-shoes/GV7126.html,KYJ92,[],"https://assets.adidas.com/images/w_383,h_383,f_auto,q_auto,fl_lossy,c_fill,g_auto/eafe5a85228a4f34942aad1100e39a2f_9366/Duramo_SL_Running_Shoes_Blue_GV7126_00_plp_standard.jpg","{'prices': [{'type': 'sale', 'value': 59, 'valueNoVat': 59}, {'type': 'original', 'value': 65, 'valueNoVat': 65, 'discountPercentage': -5}], 'isSoldOut': False}",3006,4.6614,,True
JH6386,Terrex Skychaser Hiking Shoes,Men TERREX,https://www.adidas.com/us/terrex-skychaser-hiking-shoes/JH6386.html,NMN86,[],"https://assets.adidas.com/images/w_383,h_383,f_auto,q_auto,fl_lossy,c_fill,g_auto/0b404f5459064a85a116eccf96b2d992_9366/Terrex_Skychaser_Hiking_Shoes_Green_JH6386_HM1.jpg","{'prices': [{'type': 'sale', 'value': 70, 'valueNoVat': 70}, {'type': 'original', 'value': 140, 'valueNoVat': 140, 'discountPercentage': -50}], 'isSoldOut': False}",61,4.5575,,True
KK4203,GRALFY SPZL Trainers,Men Originals,https://www.adidas.com/us/gralfy-spzl-trainers/KK4203.html,OTI14,[],"https://assets.adidas.com/images/w_383,h_383,f_auto,q_auto,fl_lossy,c_fill,g_auto/50605a3f6e13483ea4f96a9ae3fd7942_9366/GRALFY_SPZL_Trainers_Multi_KK4203_00_plp_standard.jpg","{'prices': [{'type': 'original', 'value': 120, 'valueNoVat': 120}], 'isSoldOut': False}",16,5.0,,True
JQ0352,Adizero SL 2 Shoes,Men Performance,https://www.adidas.com/us/adizero-sl-2-shoes/JQ0352.html,NMQ07,"['JQ0352', 'JQ0351']","https://assets.adidas.com/images/w_383,h_383,f_auto,q_auto,fl_lossy,c_fill,g_auto/63fb100ffddf4a93a9aeffe665bc5b4d_9366/Adizero_SL_2_Shoes_Black_JQ0352_HM1.jpg","{'prices': [{'type': 'sale', 'value': 104, 'valueNoVat': 104}, {'type': 'original', 'value': 130, 'valueNoVat': 130, 'discountPercentage': -20}], 'isSoldOut': False}",432,4.7292,,True
KK3669,Longridge SPZL Shoes,Men Originals,https://www.adidas.com/us/longridge-spzl-shoes/KK3669.html,OPB77,[],"https://assets.adidas.com/images/w_383,h_383,f_auto,q_auto,fl_lossy,c_fill,g_auto/1d55581a5c7c432f91dec0f7020e2dc6_9366/Longridge_SPZL_Shoes_Grey_KK3669_00_plp_standard.jpg","{'prices': [{'type': 'original', 'value': 130, 'valueNoVat': 130}], 'isSoldOut': False}",41,4.8293,,True
KJ6845,GRAMBLING STATE TIGERS BARREDA DECODE SHOES,Men Sportswear,https://www.adidas.com/us/grambling-state-tigers-barreda-decode-shoes/KJ6845.html,OPS66,"['KJ6845', 'IH1453', 'IH1454', 'IH1455', 'JR1227', 'JR1229', 'JR1230', 'JR1231', 'JR1233', 'JS0936', 'KJ9087', 'KJ9195', 'KJ9197', 'KJ9200', 'KK4718']","https://assets.adidas.com/images/w_383,h_383,f_auto,q_auto,fl_lossy,c_fill,g_auto/994fd7f61dab4906bcaf215144406de4_9366/GRAMBLING_STATE_TIGERS_BARREDA_DECODE_SHOES_White_KJ6845_00_plp_standard.jpg","{'prices': [{'type': 'original', 'value': 95, 'valueNoVat': 95}], 'isSoldOut': False}",102,4.6569,,True
KJ4472,Mexicana Shoes,Men Originals,https://www.adidas.com/us/mexicana-shoes/KJ4472.html,OQO14,[],"https://assets.adidas.com/images/w_383,h_383,f_auto,q_auto,fl_lossy,c_fill,g_auto/e216e15987e14917a6cd5acd80b189af_9366/Mexicana_Shoes_White_KJ4472_00_plp_standard.jpg","{'prices': [{'type': 'original', 'value': 150, 'valueNoVat': 150}], 'isSoldOut': False}",19,4.579,,True
KK3672,PUNSTOCK SPZL Shoes,Men Originals,https://www.adidas.com/us/punstock-spzl-shoes/KK3672.html,OPB80,[],"https://assets.adidas.com/images/w_383,h_383,f_auto,q_auto,fl_lossy,c_fill,g_auto/c557f3b6aeaf44b49984fe7b6b5d51d9_9366/PUNSTOCK_SPZL_Shoes_Green_KK3672_00_plp_standard.jpg","{'prices': [{'type': 'original', 'value': 140, 'valueNoVat': 140}], 'isSoldOut': False}",37,4.973,,True
HQ7319,Y-3 STAN SMITH Shoes,Y-3,https://www.adidas.com/us/y-3-stan-smith-shoes/HQ7319.html,OOY84,[],"https://assets.adidas.com/images/w_383,h_383,f_auto,q_auto,fl_lossy,c_fill,g_auto/d3f94708095240328f07e3aabc5dbad7_9366/Y-3_STAN_SMITH_Shoes_Black_HQ7319_00_plp_standard.jpg","{'prices': [{'type': 'original', 'value': 280, 'valueNoVat': 280}], 'isSoldOut': False}",13,4.7693,,True
KK3652,Y-3 F50 BEAST Shoes,Y-3,https://www.adidas.com/us/y-3-f50-beast-shoes/KK3652.html,OQZ32,"['KK3652', 'HP9981', 'KH6663', 'KK3650', 'KK3651']","https://assets.adidas.com/images/w_383,h_383,f_auto,q_auto,fl_lossy,c_fill,g_auto/fbcfcd55c2ad45e495b78c82b709003d_9366/Y-3_F50_BEAST_Shoes_Yellow_KK3652_00_plp_standard.jpg","{'prices': [{'type': 'original', 'value': 330, 'valueNoVat': 330}], 'isSoldOut': False}",15,4.8667,,True
KZ7196,SC Premiere Shoes,Men Originals,https://www.adidas.com/us/sc-premiere-shoes/KZ7196.html,BTP02,[],"https://assets.adidas.com/images/w_383,h_383,f_auto,q_auto,fl_lossy,c_fill,g_auto/7d0952642d314d969a0835079a5d543a_9366/SC_Premiere_Shoes_White_KZ7196_00_plp_standard.jpg","{'prices': [{'type': 'original', 'value': 130, 'valueNoVat': 130}], 'isSoldOut': False}",79,4.633,,True
JR7410,ADIZERO ADIOS PRO 4 SHOES,Men Performance,https://www.adidas.com/us/adizero-adios-pro-4-shoes/JR7410.html,ORN72,"['JR7410', 'JP6623', 'JP6624', 'JQ9702', 'JR1267', 'KH7343', 'KI4780', 'KJ0803', 'KJ7036']","https://assets.adidas.com/images/w_383,h_383,f_auto,q_auto,fl_lossy,c_fill,g_auto/a774b065c3784c8cbcdb3eaa7f67c078_9366/ADIZERO_ADIOS_PRO_4_SHOES_Beige_JR7410_00_plp_standard.jpg","{'prices': [{'type': 'sale', 'value': 217, 'valueNoVat': 217}, {'type': 'original', 'value': 255, 'valueNoVat': 255, 'discountPercentage': -10}], 'isSoldOut': False}",305,4.7607,,True
KK1824,Y-3 FEROZA LO Shoes,Y-3,https://www.adidas.com/us/y-3-feroza-lo-shoes/KK1824.html,OTH98,[],"https://assets.adidas.com/images/w_383,h_383,f_auto,q_auto,fl_lossy,c_fill,g_auto/754e5e1ed8164dad944318ac9b874d8e_9366/Y-3_FEROZA_LO_Shoes_Black_KK1824_00_plp_standard.jpg","{'prices': [{'type': 'original', 'value': 330, 'valueNoVat': 330}], 'isSoldOut': False}",2,5.0,,True
JQ4442,Adizero EVO SL Woven Running Shoes,Men Performance,https://www.adidas.com/us/adizero-evo-sl-woven-running-shoes/JQ4442.html,OOS26,"['JQ4442', 'JQ4440', 'JQ4441', 'JQ4443', 'JQ4527', 'JR1912', 'JR2022', 'JR2024', 'JR4728', 'KH9494', 'KI1451', 'KI1492', 'KI2822', 'KI4256', 'KI4263', 'KI4828', 'KI4842', 'KI6926', 'KI8342', 'KJ1996', 'KJ2521', 'KK3673', 'KK3719']","https://assets.adidas.com/images/w_383,h_383,f_auto,q_auto,fl_lossy,c_fill,g_auto/e8b7aa9074304f2ab8c06c4428daecb0_9366/Adizero_EVO_SL_Woven_Running_Shoes_Red_JQ4442_HM1.jpg","{'prices': [{'type': 'original', 'value': 150, 'valueNoVat': 150}], 'isSoldOut': False}",462,4.7555,,False
KI0854,Y-3 NIZZASTAR LO Shoes,Y-3,https://www.adidas.com/us/y-3-nizzastar-lo-shoes/KI0854.html,OPB99,"['KI0854', 'KI0853']","https://assets.adidas.com/images/w_383,h_383,f_auto,q_auto,fl_lossy,c_fill,g_auto/54545f3991b44a85b74bdcba6e6fd28b_9366/Y-3_NIZZASTAR_LO_Shoes_Black_KI0854_00_plp_standard.jpg","{'prices': [{'type': 'original', 'value': 380, 'valueNoVat': 380}], 'isSoldOut': False}",4,4.25,,True
JQ8742,Adistar Hrmy Shoes,Men Originals,https://www.adidas.com/us/adistar-hrmy-shoes/JQ8742.html,OOE10,"['JQ8742', 'IH6691']","https://assets.adidas.com/images/w_383,h_383,f_auto,q_auto,fl_lossy,c_fill,g_auto/06c80e17925d4189b7c8c79fde66357a_9366/Adistar_Hrmy_Shoes_Black_JQ8742_00_plp_standard.jpg","{'prices': [{'type': 'sale', 'value': 80, 'valueNoVat': 80}, {'type': 'original', 'value': 160, 'valueNoVat': 160, 'discountPercentage': -50}], 'isSoldOut': False}",130,4.6847,True,True
KI4343,Y-3 GSG9 LO Shoes,Y-3,https://www.adidas.com/us/y-3-gsg9-lo-shoes/KI4343.html,OTJ06,"['KI4343', 'KI4342']","https://assets.adidas.com/images/w_383,h_383,f_auto,q_auto,fl_lossy,c_fill,g_auto/98f15e4e95a14dd1b3cb2f6898f16e66_9366/Y-3_GSG9_LO_Shoes_Beige_KI4343_00_plp_standard.jpg","{'prices': [{'type': 'original', 'value': 450, 'valueNoVat': 450}], 'isSoldOut': False}",4,4.5,,True
KJ9883,HANDBALL SPEZIAL SHOES,Originals,https://www.adidas.com/us/handball-spezial-shoes/KJ9883.html,BTP23,"['KJ9883', 'BD7632', 'BD7633', 'DB3021', 'IF7086', 'IF7087', 'IG6191', 'IG6192', 'IH6506', 'IH6507', 'IH6508', 'IH6568', 'IH6569', 'IH6586', 'IH6588', 'IH6592', 'IH6594', 'IH6597', 'IH6598', 'IH6617', 'IH6618', 'IH9668', 'IH9672', 'IH9760', 'KH9051', 'KI8580', 'KI8685', 'KI8686', 'KI8687', 'KJ2399', 'KJ2401', 'KJ7413', 'KJ7414', 'KJ7415', 'KJ9876', 'KJ9884', 'KJ9956', 'KJ9957', 'KJ9958', 'KJ9962', 'KJ9963', 'KJ9964', 'KJ9968', 'KJ9969', 'KJ9974', 'KJ9975', 'KK1153', 'KK2692', 'KK2693', 'KK2694', 'KK4232', 'KK4242', 'KK4860', 'KK4867', 'KZ6702', 'KZ6703', 'KZ6704', 'KZ6705', 'KZ6706', 'KZ6707', 'KZ6712']","https://assets.adidas.com/images/w_383,h_383,f_auto,q_auto,fl_lossy,c_fill,g_auto/cc07658524c54ca08355e27b22f707c0_9366/HANDBALL_SPEZIAL_SHOES_Green_KJ9883_00_plp_standard.jpg","{'prices': [{'type': 'original', 'value': 110, 'valueNoVat': 110}], 'isSoldOut': False}",9789,4.8179,,False
KK1837,Y-3 FEROZA HI Shoes,Y-3,https://www.adidas.com/us/y-3-feroza-hi-shoes/KK1837.html,OTH99,[],"https://assets.adidas.com/images/w_383,h_383,f_auto,q_auto,fl_lossy,c_fill,g_auto/9b132e790aed47e2aa2716261b8de630_9366/Y-3_FEROZA_HI_Shoes_Black_KK1837_00_plp_standard.jpg","{'prices': [{'type': 'original', 'value': 380, 'valueNoVat': 380}], 'isSoldOut': False}",1,5.0,,True
KI4402,HYPERBOOST EDGE Running Shoes,Men Performance,https://www.adidas.com/us/hyperboost-edge-running-shoes/KI4402.html,OQQ28,"['KI4402', 'KH8128', 'KI0358', 'KI1911', 'KI1912', 'KI1913', 'KI4392', 'KI4393', 'KI4398', 'KI4401', 'KI4413', 'KK0288', 'KK0289', 'KZ9958']","https://assets.adidas.com/images/w_383,h_383,f_auto,q_auto,fl_lossy,c_fill,g_auto/88625130db96453194f76c46b06eeea8_9366/HYPERBOOST_EDGE_Running_Shoes_Grey_KI4402_HM1.jpg","{'prices': [{'type': 'original', 'value': 200, 'valueNoVat': 200}], 'isSoldOut': False}",661,4.6566,,True
KH8894,Adizero Adios 9 Running Shoes,Men Performance,https://www.adidas.com/us/adizero-adios-9-running-shoes/KH8894.html,NKL80,"['KH8894', 'KI5699']","https://assets.adidas.com/images/w_383,h_383,f_auto,q_auto,fl_lossy,c_fill,g_auto/732ca1e916cf4b10869caa92b13bd488_9366/Adizero_Adios_9_Running_Shoes_White_KH8894_00_plp_standard.jpg","{'prices': [{'type': 'original', 'value': 140, 'valueNoVat': 140}], 'isSoldOut': False}",184,4.7229,,True
KJ1959,Adizero EVO SL Shoes,Men Performance,https://www.adidas.com/us/adizero-evo-sl-shoes/KJ1959.html,NRW94,"['KJ1959', 'JH6206', 'JP7149', 'JR3419', 'JS4487', 'JS4494', 'JS4495', 'KH9575', 'KH9576', 'KH9578', 'KH9579', 'KH9604', 'KH9858', 'KI3381', 'KI3946', 'KI4803', 'KI6923', 'KI9542', 'KI9873', 'KI9874', 'KJ8336', 'KJ9664']","https://assets.adidas.com/images/w_383,h_383,f_auto,q_auto,fl_lossy,c_fill,g_auto/ee395c8119754b99a7a9c6b6b02b4c96_9366/Adizero_EVO_SL_Shoes_White_KJ1959_HM1.jpg","{'prices': [{'type': 'sale', 'value': 128, 'valueNoVat': 128}, {'type': 'original', 'value': 150, 'valueNoVat': 150, 'discountPercentage': -10}], 'isSoldOut': False}",6528,4.7407,,True
LA6308,Training Spezial,Performance,https://www.adidas.com/us/training-spezial/LA6308.html,NSW96,"['LA6308', 'JP7392', 'JS3038', 'KK1547']","https://assets.adidas.com/images/w_383,h_383,f_auto,q_auto,fl_lossy,c_fill,g_auto/d4b00b5e7b9241b6b817c2603ba7138a_9366/Training_Spezial_Blue_LA6308_00_plp_standard.jpg","{'prices': [{'type': 'original', 'value': 120, 'valueNoVat': 120}], 'isSoldOut': False}",467,4.7153,,True
JH8559,Supernova Ease Shoes,Men Performance,https://www.adidas.com/us/supernova-ease-shoes/JH8559.html,NKM27,"['JH8559', 'JI1426']","https://assets.adidas.com/images/w_383,h_383,f_auto,q_auto,fl_lossy,c_fill,g_auto/8c261bfe2b7044498cb454448b2f77bd_9366/Supernova_Ease_Shoes_White_JH8559_HM1.jpg","{'prices': [{'type': 'original', 'value': 100, 'valueNoVat': 100}], 'isSoldOut': False}",377,4.5677,,True
JS4289,Crazy Energy+ Basketball Shoes,Performance,https://www.adidas.com/us/crazy-energy-plus-basketball-shoes/JS4289.html,ORZ67,"['JS4289', 'KI3197', 'KI4100', 'KI4103']","https://assets.adidas.com/images/w_383,h_383,f_auto,q_auto,fl_lossy,c_fill,g_auto/8d8717f329d34e3eb8d1b45cd0e35c52_9366/Crazy_Energy_Basketball_Shoes_Silver_JS4289_00_plp_standard.jpg","{'prices': [{'type': 'sale', 'value': 124, 'valueNoVat': 124}, {'type': 'original', 'value': 155, 'valueNoVat': 155, 'discountPercentage': -20}], 'isSoldOut': False}",27,4.926,True,True
JH9305,GRAND COURT 2.0 SHOES,Men Sportswear,https://www.adidas.com/us/grand-court-2.0-shoes/JH9305.html,LQD68,"['JH9305', 'JS1736']","https://assets.adidas.com/images/w_383,h_383,f_auto,q_auto,fl_lossy,c_fill,g_auto/e258f7ef117e446ea948de9f1a0686cd_9366/GRAND_COURT_2.0_SHOES_White_JH9305_00_plp_standard.jpg","{'prices': [{'type': 'sale', 'value': 35, 'valueNoVat': 35}, {'type': 'original', 'value': 70, 'valueNoVat': 70, 'discountPercentage': -50}], 'isSoldOut': False}",3594,4.7805,,True
JQ2148,Miami Hurricanes Adizero EVO SL Shoes,Men Performance,https://www.adidas.com/us/miami-hurricanes-adizero-evo-sl-shoes/JQ2148.html,ONI53,"['JQ2148', 'JQ2147', 'JQ2150', 'JQ4566', 'JQ4569', 'JQ4573', 'JQ4575', 'JQ4576', 'JQ4578']","https://assets.adidas.com/images/w_383,h_383,f_auto,q_auto,fl_lossy,c_fill,g_auto/fd56372eaa2546fa851e31229aadbd24_9366/Miami_Hurricanes_Adizero_EVO_SL_Shoes_White_JQ2148_00_plp_standard.jpg","{'prices': [{'type': 'sale', 'value': 80, 'valueNoVat': 80}, {'type': 'original', 'value': 160, 'valueNoVat': 160, 'discountPercentage': -50}], 'isSoldOut': False}",191,4.822,,False
KI5141,Superstar ADV Shoes,Originals,https://www.adidas.com/us/superstar-adv-shoes/KI5141.html,OSH19,"['KI5141', 'GW6930', 'GW6931', 'KI5142', 'KJ5112', 'KJ5113', 'KJ5118', 'KJ5120', 'KZ8893']","https://assets.adidas.com/images/w_383,h_383,f_auto,q_auto,fl_lossy,c_fill,g_auto/fb9fb2e7b5c34b26b9d9630eaf30ba6f_9366/Superstar_ADV_Shoes_Green_KI5141_00_plp_standard.jpg","{'prices': [{'type': 'sale', 'value': 50, 'valueNoVat': 50}, {'type': 'original', 'value': 100, 'valueNoVat': 100, 'discountPercentage': -50}], 'isSoldOut': False}",154,4.8247,,True
HQ4733,TYSHAWN II Shoes,Originals,https://www.adidas.com/us/tyshawn-ii-shoes/HQ4733.html,OQU12,"['HQ4733', 'HQ4730', 'HQ4735', 'JQ1132', 'KI7772', 'KK2980', 'KK2981', 'KK2982']","https://assets.adidas.com/images/w_383,h_383,f_auto,q_auto,fl_lossy,c_fill,g_auto/b4773dfcc449437780c58a5f8a87e161_9366/TYSHAWN_II_Shoes_Pink_HQ4733_00_plp_standard.jpg","{'prices': [{'type': 'sale', 'value': 50, 'valueNoVat': 50}, {'type': 'original', 'value': 100, 'valueNoVat': 100, 'discountPercentage': -50}], 'isSoldOut': False}",80,4.7375,True,True
KI8276,TERREX FREEHIKER 3 Low GORE-TEX Hiking Shoes,Men TERREX,https://www.adidas.com/us/terrex-freehiker-3-low-gore-tex-hiking-shoes/KI8276.html,OOZ34,"['KI8276', 'HQ9292', 'KI8275', 'KI8278', 'LA3855']","https://assets.adidas.com/images/w_383,h_383,f_auto,q_auto,fl_lossy,c_fill,g_auto/762993a09d0e49bfa34a764e765e476f_9366/TERREX_FREEHIKER_3_Low_GORE-TEX_Hiking_Shoes_Green_KI8276_00_plp_standard.jpg","{'prices': [{'type': 'original', 'value': 180, 'valueNoVat': 180}], 'isSoldOut': False}",55,4.6546,,True
HQ7535,NORA Shoes,Originals,https://www.adidas.com/us/nora-shoes/HQ7535.html,OSQ16,"['HQ7535', 'HQ7537', 'HQ7540', 'JP8586', 'KI7699', 'KI7700', 'KI7701', 'KJ0198', 'KJ0199', 'KJ0200']","https://assets.adidas.com/images/w_383,h_383,f_auto,q_auto,fl_lossy,c_fill,g_auto/0c36a909f4584cf78394539784d11eae_9366/NORA_Shoes_Green_HQ7535_00_plp_standard.jpg","{'prices': [{'type': 'sale', 'value': 40, 'valueNoVat': 40}, {'type': 'original', 'value': 80, 'valueNoVat': 80, 'discountPercentage': -50}], 'isSoldOut': False}",138,4.6812,True,True
JI0397,Adifom IIInfinity Slides,Originals,https://www.adidas.com/us/adifom-iiinfinity-slides/JI0397.html,NSB91,[],"https://assets.adidas.com/images/w_383,h_383,f_auto,q_auto,fl_lossy,c_fill,g_auto/7c63768219444f95bafcfc4369795b54_9366/Adifom_IIInfinity_Slides_Black_JI0397_00_plp_standard.jpg","{'prices': [{'type': 'sale', 'value': 27, 'valueNoVat': 27}, {'type': 'original', 'value': 45, 'valueNoVat': 45, 'discountPercentage': -40}], 'isSoldOut': False}",187,4.5027,,True
JS1323,Italia 70s Shoes,Originals,https://www.adidas.com/us/italia-70s-shoes/JS1323.html,OPT41,"['JS1323', 'IH9106', 'JS1324', 'JS1325']","https://assets.adidas.com/images/w_383,h_383,f_auto,q_auto,fl_lossy,c_fill,g_auto/89a656eab567400e83c968d8f19e4e50_9366/Italia_70s_Shoes_White_JS1323_00_plp_standard.jpg","{'prices': [{'type': 'sale', 'value': 88, 'valueNoVat': 88}, {'type': 'original', 'value': 110, 'valueNoVat': 110, 'discountPercentage': -20}], 'isSoldOut': False}",219,4.6302,,True
JR4891,JABBAR HI X MARK GONZALES Shoes,Originals,https://www.adidas.com/us/jabbar-hi-x-mark-gonzales-shoes/JR4891.html,NLL59,"['JR4891', 'JI3445', 'JP6510', 'JS2155', 'JS2156']","https://assets.adidas.com/images/w_383,h_383,f_auto,q_auto,fl_lossy,c_fill,g_auto/a33f035f74a6449b8a2d716b9cb5b442_9366/JABBAR_HI_X_MARK_GONZALES_Shoes_White_JR4891_00_plp_standard.jpg","{'prices': [{'type': 'sale', 'value': 55, 'valueNoVat': 55}, {'type': 'original', 'value': 110, 'valueNoVat': 110, 'discountPercentage': -50}], 'isSoldOut': False}",149,4.6444,,True
IH6562,VL Court 3.0 Shoes,Sportswear,https://www.adidas.com/us/vl-court-3.0-shoes/IH6562.html,OMP39U,"['IH6562', 'HQ0175', 'ID6275', 'ID6276', 'ID6285', 'ID6286', 'ID9184', 'IF4457', 'IF4464', 'IH4039', 'JP7537', 'JR0983', 'JR2222', 'JR8635', 'JR8636', 'JR8638']","https://assets.adidas.com/images/w_383,h_383,f_auto,q_auto,fl_lossy,c_fill,g_auto/db2e688bd8b54480b8af321f5a875ddb_9366/VL_Court_3.0_Shoes_Red_IH6562_HM1.jpg","{'prices': [{'type': 'sale', 'value': 64, 'valueNoVat': 64}, {'type': 'original', 'value': 80, 'valueNoVat': 80, 'discountPercentage': -20}], 'isSoldOut': False}",532,4.7407,,True
KJ4397,DAME X Shoes,Performance,https://www.adidas.com/us/dame-x-shoes/KJ4397.html,OMZ34,"['KJ4397', 'JP6089', 'JP6090', 'KJ4398', 'KJ4399']","https://assets.adidas.com/images/w_383,h_383,f_auto,q_auto,fl_lossy,c_fill,g_auto/6665fed77a934bb7813695fc76e61777_9366/DAME_X_Shoes_White_KJ4397_00_plp_standard.jpg","{'prices': [{'type': 'sale', 'value': 72, 'valueNoVat': 72}, {'type': 'original', 'value': 90, 'valueNoVat': 90, 'discountPercentage': -20}], 'isSoldOut': False}",493,4.6552,True,True
B22705,3MC Vulc Shoes,Originals,https://www.adidas.com/us/3mc-vulc-shoes/B22705.html,BAW72,[],"https://assets.adidas.com/images/w_383,h_383,f_auto,q_auto,fl_lossy,c_fill,g_auto/457d0ac4225645a9a983a89100350926_9366/3MC_Vulc_Shoes_White_B22705_00_plp_standard.jpg","{'prices': [{'type': 'original', 'value': 75, 'valueNoVat': 75}], 'isSoldOut': False}",2192,4.5885,,True
KK3000,RESPONSE PACE RUNNING SHOES,Men Performance,https://www.adidas.com/us/response-pace-running-shoes/KK3000.html,OSH80,"['KK3000', 'KJ1774', 'KK2998', 'KK2999']","https://assets.adidas.com/images/w_383,h_383,f_auto,q_auto,fl_lossy,c_fill,g_auto/32792bc0295f4ef9a5b60a49c877b329_9366/RESPONSE_PACE_RUNNING_SHOES_Grey_KK3000_00_plp_standard.jpg","{'prices': [{'type': 'original', 'value': 65, 'valueNoVat': 65}], 'isSoldOut': False}",198,4.8081,True,True
JR1069,MERCEDES - AMG PETRONAS FORMULA ONE TEAM VL COURT SHOES,Sportswear,https://www.adidas.com/us/mercedes---amg-petronas-formula-one-team-vl-court-shoes/JR1069.html,ONX93,"['JR1069', 'KI6078']","https://assets.adidas.com/images/w_383,h_383,f_auto,q_auto,fl_lossy,c_fill,g_auto/480a19d89c8c4742b40d10185e255cce_9366/MERCEDES_-_AMG_PETRONAS_FORMULA_ONE_TEAM_VL_COURT_SHOES_White_JR1069_00_plp_standard.jpg","{'prices': [{'type': 'sale', 'value': 64, 'valueNoVat': 64}, {'type': 'original', 'value': 80, 'valueNoVat': 80, 'discountPercentage': -20}], 'isSoldOut': False}",10,4.3,,True
HQ4721,SHMOOOFOIL SLIDE Shoes,Originals,https://www.adidas.com/us/shmooofoil-slide-shoes/HQ4721.html,ONM00,[],"https://assets.adidas.com/images/w_383,h_383,f_auto,q_auto,fl_lossy,c_fill,g_auto/bcec421317bf4f23877bfe45792a318c_9366/SHMOOOFOIL_SLIDE_Shoes_Beige_HQ4721_00_plp_standard.jpg","{'prices': [{'type': 'sale', 'value': 38, 'valueNoVat': 38}, {'type': 'original', 'value': 75, 'valueNoVat': 75, 'discountPercentage': -45}], 'isSoldOut': False}",52,4.5385,,True
KJ9087,WASHINGTON HUSKIES BARREDA DECODE SHOES,Men Sportswear,https://www.adidas.com/us/washington-huskies-barreda-decode-shoes/KJ9087.html,OPS66,"['KJ9087', 'IH1453', 'IH1454', 'IH1455', 'JR1227', 'JR1229', 'JR1230', 'JR1231', 'JR1233', 'JS0936', 'KJ6845', 'KJ9195', 'KJ9197', 'KJ9200', 'KK4718']","https://assets.adidas.com/images/w_383,h_383,f_auto,q_auto,fl_lossy,c_fill,g_auto/5140a12acc1b481ead2d1991cb6f7567_9366/WASHINGTON_HUSKIES_BARREDA_DECODE_SHOES_White_KJ9087_00_plp_standard.jpg","{'prices': [{'type': 'original', 'value': 95, 'valueNoVat': 95}], 'isSoldOut': False}",102,4.6569,,True
HP3421,MEGARIDE S2 SHOES,Originals,https://www.adidas.com/us/megaride-s2-shoes/HP3421.html,OOZ39,"['HP3421', 'HP3424', 'JR7537']","https://assets.adidas.com/images/w_383,h_383,f_auto,q_auto,fl_lossy,c_fill,g_auto/7cb28dd031f7487a9f4ab18f2c13b1dd_9366/MEGARIDE_S2_SHOES_Black_HP3421_00_plp_standard.jpg","{'prices': [{'type': 'sale', 'value': 128, 'valueNoVat': 128}, {'type': 'original', 'value': 160, 'valueNoVat': 160, 'discountPercentage': -20}], 'isSoldOut': False}",85,4.7412,,True
JQ9995,Hoops 4.0 Mid Shoes,Sportswear,https://www.adidas.com/us/hoops-4.0-mid-shoes/JQ9995.html,NNO23,[],"https://assets.adidas.com/images/w_383,h_383,f_auto,q_auto,fl_lossy,c_fill,g_auto/c6cd08687c794f7aa5ed484a992a65af_9366/Hoops_4.0_Mid_Shoes_White_JQ9995_00_plp_standard.jpg","{'prices': [{'type': 'original', 'value': 70, 'valueNoVat': 70}], 'isSoldOut': False}",258,4.6745,,True
JI4817,Kantai Trail Shoes,Men Sportswear,https://www.adidas.com/us/kantai-trail-shoes/JI4817.html,NKS26,"['JI4817', 'JR5612']","https://assets.adidas.com/images/w_383,h_383,f_auto,q_auto,fl_lossy,c_fill,g_auto/a6065830f2e54bc0b9fd0b21424cd445_9366/Kantai_Trail_Shoes_White_JI4817_00_plp_standard.jpg","{'prices': [{'type': 'sale', 'value': 96, 'valueNoVat': 96}, {'type': 'original', 'value': 120, 'valueNoVat': 120, 'discountPercentage': -20}], 'isSoldOut': False}",178,4.7136,,True
LA6570,TANGO MAGNUM SHOES,Men Originals,https://www.adidas.com/us/tango-magnum-shoes/LA6570.html,OSX95,"['LA6570', 'KK0379']","https://assets.adidas.com/images/w_383,h_383,f_auto,q_auto,fl_lossy,c_fill,g_auto/d3f8555fd58e482d9de2cda4992b7b6c_9366/TANGO_MAGNUM_SHOES_White_LA6570_00_plp_standard.jpg","{'prices': [{'type': 'original', 'value': 120, 'valueNoVat': 120}], 'isSoldOut': False}",2,4.5,,True
JR6641,Y-3 Stan Smith Hook-And-Loop,Y-3,https://www.adidas.com/us/y-3-stan-smith-hook-and-loop/JR6641.html,OPP03,"['JR6641', 'JR4225']","https://assets.adidas.com/images/w_383,h_383,f_auto,q_auto,fl_lossy,c_fill,g_auto/d0b68dac21124ec7939f71b99edd187b_9366/Y-3_Stan_Smith_Hook-And-Loop_Burgundy_JR6641_00_plp_standard.jpg","{'prices': [{'type': 'original', 'value': 350, 'valueNoVat': 350}], 'isSoldOut': False}",17,4.7647,,True
JQ5002,Y-3 Superstar,Y-3,https://www.adidas.com/us/y-3-superstar/JQ5002.html,MDR76,[],"https://assets.adidas.com/images/w_383,h_383,f_auto,q_auto,fl_lossy,c_fill,g_auto/aa0a16c4c8694f348ee73751bca85514_9366/Y-3_Superstar_White_JQ5002_00_plp_standard.jpg","{'prices': [{'type': 'original', 'value': 350, 'valueNoVat': 350}], 'isSoldOut': False}",53,4.8869,,True
KI3475,Y-3 SUPERSTAR Shoes,Y-3,https://www.adidas.com/us/y-3-superstar-shoes/KI3475.html,OOY85,"['KI3475', 'HQ7320', 'KI3476']","https://assets.adidas.com/images/w_383,h_383,f_auto,q_auto,fl_lossy,c_fill,g_auto/7d77a461f7fa4730b88698a3b9c6b5ac_9366/Y-3_SUPERSTAR_Shoes_Beige_KI3475_00_plp_standard.jpg","{'prices': [{'type': 'original', 'value': 280, 'valueNoVat': 280}], 'isSoldOut': False}",36,4.9167,,True
